Episode,Update,Environment Steps,Total Reward,Mean Distance,Final Distance,Mean Control Cost,Steps
1,1,1024,-56.15661037566727,0.16575130713035016,0.14204152975034984,0.9573809003829956,50
2,1,1024,-51.296497284553624,0.23934346845611304,0.35087430405146747,0.7865864772349596,50
3,1,1024,-50.62434247383566,0.21971224610986106,0.1876058685123216,0.7927746033668518,50
4,1,1024,-49.968489714685205,0.22037970350629352,0.12039259266012538,0.7789900907874108,50
5,1,1024,-52.72198554843728,0.1802723956048617,0.10060516699717696,0.8741673153638839,50
6,1,1024,-44.675726864588945,0.09050081556517664,0.06421981168355455,0.8030137217266019,50
7,1,1024,-46.88315706119803,0.15856550570147557,0.15995337778755406,0.7790976355224848,50
8,1,1024,-48.454892535399,0.17182320812127203,0.0471706201785271,0.7972746425867081,50
9,1,1024,-44.64365371559613,0.12827323903531931,0.17478286748949992,0.7645998352766037,50
10,1,1024,-50.14140253275771,0.2602457190573492,0.08550636150340803,0.7425823315978051,50
11,1,1024,-51.34353906222828,0.16102185642891087,0.10425562771600798,0.8658489248156548,50
12,1,1024,-51.42035862206845,0.20509233090270093,0.3118549692534646,0.8233148415386676,50
13,1,1024,-48.85231870004007,0.2326002855526346,0.2825294418759724,0.7444460884481668,50
14,1,1024,-48.991477067642705,0.1801322836999754,0.15630096049028255,0.7996972576528788,50
15,1,1024,-48.50962327654547,0.16952616591957942,0.08462572947573306,0.8006662996113301,50
16,1,1024,-51.36751205376149,0.2103144880188226,0.14319946228004202,0.817035753056407,50
17,1,1024,-49.92008044825717,0.16601605276089856,0.029995626227782644,0.8323855562042445,50
18,1,1024,-46.81684204373012,0.16541371766393398,0.1714487283012813,0.7709231232106686,50
19,1,1024,-51.303683352212474,0.23753618744244887,0.23007140872802237,0.7885374796018004,50
20,1,1024,-49.89015783739631,0.18802798345636212,0.11702103700961344,0.809775173291564,50
21,2,2048,-55.68658688580761,0.23765056075717425,0.30948801743589827,0.8760811769589781,50
22,2,2048,-53.30351880891703,0.18016009747059833,0.03834743324025378,0.8859102787077426,50
23,2,2048,-49.50745393868506,0.1966389733873246,0.21672506240817888,0.7935101053863763,50
24,2,2048,-55.352732347273935,0.14570548210191925,0.09414833281171274,0.9613491648435593,50
25,2,2048,-46.10221023593987,0.19987182991894975,0.3664872270249344,0.7221723747998476,50
26,2,2048,-51.992992698389514,0.23794755084789249,0.1923817402998306,0.8019123031198978,50
27,2,2048,-50.21380906391275,0.27332546733828994,0.19605103507987345,0.7309507139399648,50
28,2,2048,-49.83096138601215,0.228790373146353,0.2138943638029947,0.7678288545738906,50
29,2,2048,-45.60457534848196,0.16465318049163474,0.21951413276248816,0.7474383264780045,50
30,2,2048,-48.380815135985735,0.2693782788276695,0.3384863179301994,0.698238023892045,50
31,2,2048,-42.00494724107549,0.12377833050966575,0.17022736967159516,0.7163206143118441,50
32,2,2048,-45.85518279122796,0.15727817323257257,0.10086080710278089,0.7598254825919867,50
33,2,2048,-42.68177178641299,0.14616706562218845,0.08497305289058582,0.7074683701060712,50
34,2,2048,-47.567349133309776,0.18624775076741096,0.041264536390784264,0.7650992318987846,50
35,2,2048,-44.92344828895627,0.11999372866290829,0.057557401705476435,0.7784752371162176,50
36,2,2048,-54.33203313088622,0.20999009347681313,0.17694028016156524,0.8766505691409111,50
37,2,2048,-52.571562356554566,0.19036682555930004,0.16510754748173515,0.8610644215717912,50
38,2,2048,-49.381663922972706,0.18283147614091091,0.1819619532302068,0.8048018023185431,50
39,2,2048,-49.4402961955622,0.14936457544794693,0.13584692821393368,0.8394413484632969,50
40,2,2048,-53.80412906376754,0.29446476087274326,0.2610906156274635,0.7816178204026073,50
41,3,3072,-50.10847675350445,0.18878820805194746,0.15866786083444115,0.8133813270181417,50
42,3,3072,-47.976819201494706,0.17371870013198173,0.16065618745772106,0.7858176838979125,50
43,3,3072,-46.457943754994005,0.19647835325033736,0.26116875366604847,0.7326805218495429,50
44,3,3072,-51.01028988832832,0.2529975009609464,0.18732726235405217,0.7672082968056202,50
45,3,3072,-44.57576133987414,0.1786131958340324,0.19174898797050632,0.7129020309634506,50
46,3,3072,-52.472257725908214,0.2343292075398335,0.11073037758460326,0.8151159469783306,50
47,3,3072,-51.35898279753693,0.14106406800098553,0.12962950293420056,0.8861155879497528,50
48,3,3072,-49.89959551957492,0.1587409777576216,0.03164839316645498,0.8392509326338768,50
49,3,3072,-45.73297639065536,0.17125589099994307,0.3029271010319294,0.7434036368131638,50
50,3,3072,-48.88064619838264,0.23815448700171074,0.18928175397217928,0.7394584369659424,50
51,3,3072,-41.66840463231189,0.15517757017293213,0.20133347614583735,0.6781905224733055,50
52,3,3072,-51.98427820506091,0.2141827211384764,0.16328513863926575,0.8255028429627419,50
53,3,3072,-46.956966617493684,0.19972212495049038,0.08620315709313095,0.7394172073993832,50
54,3,3072,-46.7182789984928,0.10504369761762328,0.13040203484164034,0.8293218823522329,50
55,3,3072,-49.12535125209422,0.13314919736356157,0.09324825583438051,0.8493578276783228,50
56,3,3072,-44.87105448455651,0.15081481499692553,0.18261468049835056,0.7466062746942044,50
57,3,3072,-51.721376095698766,0.22653509506556385,0.22351381868016543,0.8078924268484116,50
58,3,3072,-46.38719930473871,0.17494324285018567,0.13019831290930603,0.7528007432445883,50
59,3,3072,-52.82614311551042,0.16189566250393533,0.18939058949542245,0.894627199806273,50
60,3,3072,-45.80126712229982,0.23376939342188519,0.1665221415538095,0.682255949024111,50
61,3,3072,-47.36979730021674,0.1893616915428078,0.27989190283742577,0.7580342544615268,50
62,4,4096,-49.850602728416725,0.14746771870385028,0.13979587333507512,0.8495443358644843,50
63,4,4096,-50.08937020858633,0.15055092667748698,0.10221303577227406,0.8512364774942398,50
64,4,4096,-49.73145248928724,0.1271948726850863,0.06095237293547893,0.8674341771006584,50
65,4,4096,-49.1284992454056,0.09864014875412787,0.08980906282688332,0.883929836153984,50
66,4,4096,-53.80693602021366,0.15112374458826136,0.23428981337937274,0.9250149758160114,50
67,4,4096,-41.69802418449527,0.2006765577207517,0.09658975258314223,0.6332839259691536,50
68,4,4096,-39.17553699792579,0.1623404775435539,0.21784599272344818,0.6211702624149621,50
69,4,4096,-44.60972878025715,0.15767712039237128,0.1939366494684725,0.7345174552127719,50
70,4,4096,-44.70068078060889,0.11633078380325328,0.04887660892592628,0.7776828318089247,50
71,4,4096,-43.42630971609452,0.12504626946799907,0.017881055379264783,0.7434799248538911,50
72,4,4096,-58.79619803975293,0.21523786663021,0.19918656232840598,0.9606860941648483,50
73,4,4096,-51.27220352814,0.2261065169759888,0.14535363481147445,0.7993375535868108,50
74,4,4096,-47.155185653306084,0.20894351449682427,0.20319976979089913,0.7341601985692978,50
75,4,4096,-43.7200183086505,0.15590501427731973,0.14141835989893542,0.7184953518956899,50
76,4,4096,-48.853232753646715,0.14487844674283962,0.2716476412590915,0.8321862083300948,50
77,4,4096,-46.87632221149722,0.16955991182075297,0.05886859407927808,0.7679665324091911,50
78,4,4096,-44.4522771027603,0.1308180742493601,0.16175635027799792,0.7582274678058457,50
79,4,4096,-52.16661665588876,0.19082024835055286,0.16700663206750524,0.8525120847672224,50
80,4,4096,-43.05696851751905,0.12347017046830565,0.029043674709257058,0.7376691998820752,50
81,4,4096,-51.570912529483024,0.30978285711727205,0.31422508245494396,0.7216353934723884,50
82,5,5120,-47.49692381895805,0.15678064114892978,0.1439125476933781,0.7931578352302313,50
83,5,5120,-45.598344703323974,0.18429474923997805,0.186434747678536,0.7276721448265016,50
84,5,5120,-49.46775339232453,0.21445969284804037,0.19152425652530738,0.7748953749984503,50
85,5,5120,-47.448777644544585,0.21707047132074336,0.12913616234589745,0.7319050815701484,50
86,5,5120,-49.2430675021623,0.22456611184639633,0.19772529317640694,0.7602952381968499,50
87,5,5120,-50.77225583897553,0.20543400222689354,0.2007841979415024,0.8100111145526171,50
88,5,5120,-40.85403895922899,0.1364686191426513,0.11386294793627065,0.6806121600419283,50
89,5,5120,-50.64004943408329,0.2636251942031598,0.2443221463198016,0.7491757944785058,50
90,5,5120,-42.78867546905106,0.18168914380824083,0.2217299368589127,0.6740843655727804,50
91,5,5120,-43.781187146421374,0.15505788831941464,0.1558916677264105,0.7205658546090126,50
92,5,5120,-51.60107782299587,0.20019300127456938,0.0940574027460948,0.8318285551853478,50
93,5,5120,-56.69303198461237,0.3242428462067253,0.18116001596803794,0.8096177934855223,50
94,5,5120,-45.86527374361476,0.23871327995747754,0.05785714380967587,0.6785921949148178,50
95,5,5120,-46.28510354225936,0.13095168980759442,0.24040062882913346,0.7947503810375929,50
96,5,5120,-51.66511491993451,0.20134079611487818,0.34611369642202006,0.8319615022838116,50
97,5,5120,-42.96014392175186,0.16512147873350155,0.05780114614317073,0.6940813997015357,50
98,5,5120,-49.03948120636918,0.20041437902097736,0.27869360065839915,0.7803752451064065,50
99,5,5120,-49.068111212109194,0.15698860319564065,0.16199739276675454,0.8243736210465431,50
100,5,5120,-50.968552013316064,0.1958754637449396,0.380412248900262,0.8234955765213817,50
101,5,5120,-49.00491365045852,0.1567385256900134,0.10007858535360961,0.8233597473191572,50
102,5,5120,-45.38991463687779,0.24438587023700514,0.3017978070343197,0.6634124225005508,50
103,6,6144,-48.63164473661415,0.2108324200587733,0.12883969452610086,0.7618004746735096,50
104,6,6144,-47.80398960439118,0.2482427722270788,0.1748011114561522,0.7078370198607444,50
105,6,6144,-45.103364939311334,0.18024184343356256,0.20654125424279096,0.721825455352664,50
106,6,6144,-53.17323214496398,0.22379060729051134,0.19261329226859816,0.8396740356087684,50
107,6,6144,-49.880886135694695,0.20284247238332676,0.209481507398772,0.7947752503305674,50
108,6,6144,-47.69444043951437,0.17745721297680425,0.09422764015643188,0.776431595813483,50
109,6,6144,-49.95246652418664,0.22708425929730922,0.043426016205611824,0.7719650711864233,50
110,6,6144,-44.61665874647247,0.17103809105647536,0.22257737071258737,0.7212950838729739,50
111,6,6144,-41.56516191108575,0.1346909610790115,0.25124127387117057,0.6966122771427036,50
112,6,6144,-43.89950804540383,0.22217996804741363,0.17030397736947203,0.6558101928606629,50
113,6,6144,-44.57755024197161,0.16472210661072711,0.13680741872217414,0.7268288982287049,50
114,6,6144,-43.031168993560335,0.17352042328562056,0.09441685980589022,0.6871029565855861,50
115,6,6144,-50.102989291856694,0.20645447921176743,0.10908028677844327,0.7956053066253662,50
116,6,6144,-48.58936286936486,0.20632748325075398,0.30692455412038633,0.7654597741365433,50
117,6,6144,-44.61823624065349,0.2024753654529748,0.2547544197511299,0.6898893593600951,50
118,6,6144,-42.529207947858005,0.23731219339572554,0.12016780674601238,0.6132719655614346,50
119,6,6144,-46.01649311899739,0.25005635376415614,0.3027684777531215,0.6702735086157918,50
120,6,6144,-41.50400358355691,0.13040336666835348,0.06281915818495189,0.6996767050027848,50
121,6,6144,-46.03089403660596,0.1352642985287308,0.1515120834096195,0.7853535822033882,50
122,6,6144,-49.512359909397986,0.1353685013886813,0.11010601406380773,0.8548786967992783,50
123,7,7168,-48.376271073138795,0.16701957874727383,0.13051785627446386,0.8005058427155017,50
124,7,7168,-51.88000319987853,0.2583892417133488,0.09813703210875006,0.7792108222842217,50
125,7,7168,-47.45158203355714,0.2264493856280534,0.1595635873994685,0.7225822550430894,50
126,7,7168,-47.312790538206954,0.18813032506078972,0.1263080071623774,0.7581254857033491,50
127,7,7168,-43.63129714087587,0.12207153796274323,0.18121809785562712,0.7505544048547744,50
128,7,7168,-52.12349335424364,0.14975493772770154,0.0438709708501298,0.892714929357171,50
129,7,7168,-50.61872156778321,0.24585470126456926,0.3904203985532224,0.766519730091095,50
130,7,7168,-47.8543713235127,0.16963861847821293,0.1283714820512255,0.7874488079920411,50
131,7,7168,-49.28131241132189,0.1511579563775403,0.28742001148963797,0.8344682918488979,50
132,7,7168,-49.786182688377586,0.2328684659640449,0.13069858988002872,0.7628551878035068,50
133,7,7168,-50.440593067440126,0.17413196913665005,0.15184715742384777,0.8346798922121524,50
134,7,7168,-45.98393961750509,0.1407739950643066,0.05823665261747445,0.7789047972857952,50
135,7,7168,-48.60575716711327,0.19170732508445656,0.20335446368370427,0.7804078182578087,50
136,7,7168,-40.618642619184364,0.1590788361654087,0.1335066878217038,0.6532940162182785,50
137,7,7168,-48.61558365851691,0.19452343822122647,0.18369617029574303,0.777788234949112,50
138,7,7168,-35.16522887173253,0.12452154696195476,0.26186897199512693,0.5787830304726959,50
139,7,7168,-48.744249601778336,0.07724607089394248,0.031476171143868414,0.8976389211416245,50
140,7,7168,-44.78247030973995,0.23123118805896536,0.15304974806488292,0.6644182181358338,50
141,7,7168,-42.422335399751965,0.14664422661940466,0.17174357702224455,0.7018024813756347,50
142,7,7168,-43.53367910505317,0.14340928010066006,0.13177899221867706,0.7272643020004034,50
143,7,7168,-47.278697252658176,0.15221385196620568,0.16333583804983323,0.793360093086958,50
144,8,8192,-47.063878090203346,0.1974758238548146,0.17161534386069544,0.7438017379492521,50
145,8,8192,-46.203949167603696,0.22166266097176998,0.16018982043208213,0.7024163223803044,50
146,8,8192,-44.70894487892091,0.1592604856082794,0.15300915013343588,0.7349184119701385,50
147,8,8192,-44.79407140480268,0.22840664820892834,0.22062647346932762,0.6674747798871249,50
148,8,8192,-48.171983797518614,0.14785318926807628,0.14096610866483616,0.8155864866822958,50
149,8,8192,-43.51692485241899,0.20043430402702264,0.20370247017679566,0.6699041930213571,50
150,8,8192,-36.172754358444344,0.17044966524355093,0.15355411468838467,0.5530054219253361,50
151,8,8192,-45.24400039971202,0.15153855383849768,0.1481771438001383,0.7533414541557432,50
152,8,8192,-47.1908485756726,0.17930858949665918,0.1638542658673804,0.7645083820167929,50
153,8,8192,-46.824825216352885,0.22014764615638047,0.03300354597581205,0.716348858170677,50
154,8,8192,-44.49926333240131,0.15550603587532255,0.1352759199070279,0.7344792307727039,50
155,8,8192,-43.318400913100454,0.17193688335261798,0.09226712681198106,0.6944311349093915,50
156,8,8192,-43.65593766609772,0.19221172504175535,0.20410533980207307,0.6809070282801986,50
157,8,8192,-48.21731497654951,0.18511292232764479,0.2579403286650244,0.7792333772033453,50
158,8,8192,-43.89647996870062,0.1490199204678102,0.17178355827684358,0.7289096789062023,50
159,8,8192,-48.90500814369538,0.15190095266227277,0.11984656888490301,0.8261992102116347,50
160,8,8192,-44.78879297831441,0.09711909866507558,0.10664689279734951,0.7986567609012127,50
161,8,8192,-51.86752623025792,0.21570566588723986,0.18032719331056996,0.8216448587179184,50
162,8,8192,-48.14864511111013,0.2388709605994087,0.16965232019083856,0.7241019416227936,50
163,8,8192,-44.37962074363512,0.12276240642553232,0.06944689388849243,0.7648300084471703,50
164,9,9216,-46.861304861295714,0.18646609523869548,0.13850809585323176,0.7507600019872188,50
165,9,9216,-40.218612693894784,0.1838926004747327,0.1988540195787727,0.6204796534031629,50
166,9,9216,-47.447925970736236,0.17616199692404447,0.08942759951294506,0.7727965224906802,50
167,9,9216,-48.970286373722814,0.21975887852205836,0.21590974324864437,0.7596468489523978,50
168,9,9216,-44.32997224269649,0.18020193377029675,0.09632488182769597,0.7063975110836327,50
169,9,9216,-46.06033994783154,0.21146169531428627,0.1926084797153624,0.7097451036423444,50
170,9,9216,-42.05154105003183,0.1269362670382869,0.14328375658271347,0.7140945539623499,50
171,9,9216,-40.357843699220666,0.1749539644701052,0.24180594840563205,0.632202909514308,50
172,9,9216,-42.49561375873034,0.21032858624679215,0.1044070246110916,0.6395836889278144,50
173,9,9216,-42.17110604977198,0.16397045079580688,0.35116670555353224,0.6794516701996326,50
174,9,9216,-51.65243092538856,0.254516754743843,0.3719624608244664,0.7785318637639285,50
175,9,9216,-52.63318959685195,0.2720255658898806,0.273388339078394,0.7806382260471583,50
176,9,9216,-49.6003519992437,0.29389091794770167,0.29290747034730896,0.6981161220371723,50
177,9,9216,-50.26787605166114,0.1831227950251951,0.38234339202792855,0.8222347260080278,50
178,9,9216,-46.44632939863681,0.17000187398115363,0.04207218630601839,0.7589247139915823,50
179,9,9216,-45.341576317688876,0.2456754311433146,0.2063420111489054,0.6611560952104628,50
180,9,9216,-42.36764992690963,0.19141211806076408,0.25803531718011763,0.6559408804774285,50
181,9,9216,-50.15395545642057,0.19643727124839563,0.20922106315376074,0.8066418378800154,50
182,9,9216,-36.45664710477908,0.18471233880538143,0.1353950298491835,0.5444206032902003,50
183,9,9216,-45.22601204837497,0.15869462475773144,0.09800883038962455,0.7458256162097677,50
184,9,9216,-43.18616264058793,0.10615408527228128,0.035428425898194615,0.7575691675394773,50
185,10,10240,-43.10000476509459,0.1781664687186732,0.1552145748318532,0.6838336265832186,50
186,10,10240,-46.0674839868519,0.20612109313035681,0.09419667449968412,0.7152285866066813,50
187,10,10240,-46.33444995601645,0.20150463822874837,0.1917980869416155,0.7251843608915806,50
188,10,10240,-41.9731255348934,0.14157831907863563,0.1110841322609547,0.6978841916192323,50
189,10,10240,-44.02079879223073,0.2270984545928768,0.27590689152316555,0.653317521251738,50
190,10,10240,-46.72526725193401,0.16758338812699727,0.2312586265582271,0.7669219569116831,50
191,10,10240,-44.948082253867454,0.1501249033318773,0.08102451558015329,0.748836741745472,50
192,10,10240,-44.184124449042486,0.10867909144159192,0.12310762619051112,0.775003397539258,50
193,10,10240,-43.79967925137243,0.16416745271503178,0.08983388529260906,0.711826132312417,50
194,10,10240,-45.31003166801017,0.20281534350862723,0.04719347452733652,0.7033852898515761,50
195,10,10240,-45.19390614454424,0.2458058935278604,0.10505099000743923,0.6580722293630242,50
196,10,10240,-42.8497765736588,0.19991918502734735,0.17713664875059043,0.6570763464458287,50
197,10,10240,-38.96094496618831,0.14846409050298182,0.1625831306329359,0.630754808820784,50
198,10,10240,-45.795376150761484,0.15382075148885557,0.20380889970148464,0.7620867715263739,50
199,10,10240,-47.66187249237098,0.1558607556151943,0.12961865001407152,0.7973766942322255,50
200,10,10240,-47.492870167080405,0.2236997565291097,0.16785927712977752,0.7261576468124986,50
201,10,10240,-45.43641238484485,0.19424572926237238,0.1854971372460649,0.7144825184345245,50
202,10,10240,-45.003059004755514,0.1720250115794283,0.16170171187357027,0.7280361685156822,50
203,10,10240,-48.61692103946154,0.22522909602477068,0.1853668999084701,0.7471093247644603,50
204,10,10240,-41.17386788657604,0.14998388584083275,0.2761818669844446,0.673493471890688,50
205,11,11264,-41.02516321006302,0.21192150166390022,0.27379785965269976,0.6085817625373602,50
206,11,11264,-46.581753158227656,0.22745784080090226,0.1361859679900927,0.7041772223636508,50
207,11,11264,-42.21147703111553,0.21651462400563215,0.2540479875855521,0.6277149166166782,50
208,11,11264,-41.83112607950838,0.14181857482689067,0.08219859528254932,0.6948039467632771,50
209,11,11264,-41.96011901135202,0.1994093864877933,0.1408189369889357,0.6397929937392474,50
210,11,11264,-42.981564836705545,0.2551473030287487,0.2683664385996884,0.6044839937053621,50
211,11,11264,-44.278530844905326,0.12459289166049858,0.026735702057111507,0.760977725237608,50
212,11,11264,-42.651476844059864,0.14908110420842852,0.18444427265801705,0.7039484326727689,50
213,11,11264,-47.454766187119525,0.23677841505503738,0.1496724209039694,0.7123169086873531,50
214,11,11264,-42.50339094203901,0.2022920848855756,0.17068013130406878,0.6477757339552045,50
215,11,11264,-42.10518846994021,0.2067833722304063,0.3516608009981629,0.6353203971683979,50
216,11,11264,-43.81032856726875,0.19777821738009238,0.3266690852019169,0.6784283539652824,50
217,11,11264,-40.6055390072425,0.055887843484798506,0.04742709123866778,0.7562229366600514,50
218,11,11264,-43.85937408964298,0.17270916655681268,0.23435073011269775,0.7044783152360469,50
219,11,11264,-45.63138791265434,0.23827548729227935,0.18012086771414673,0.6743522709608079,50
220,11,11264,-46.125077088891246,0.1753236635321135,0.21763618443438232,0.7471778782457114,50
221,11,11264,-41.79530897386216,0.16685104188021888,0.2094394265146232,0.6690551375970244,50
222,11,11264,-43.95039053734187,0.22379801647882527,0.23437666147511538,0.6552097942680121,50
223,11,11264,-50.42070537179403,0.19479740343164603,0.30097231233629623,0.8136167040042346,50
224,11,11264,-43.04762248937026,0.1449873738475115,0.12477935473942181,0.7159650759398937,50
225,11,11264,-37.925056590210936,0.18207634714387935,0.21485378527435992,0.5764247846603393,50
226,12,12288,-42.88431075811126,0.19071856950218233,0.17282306739332656,0.6669676456600427,50
227,12,12288,-44.97046631739618,0.23315050374290996,0.2589451587541952,0.6662588226050139,50
228,12,12288,-49.189805885945276,0.2828263023156825,0.14174633338967466,0.700969815403223,50
229,12,12288,-44.431708927398915,0.21362985022631265,0.35493024387073785,0.6750043283216656,50
230,12,12288,-44.658784704717476,0.20790660190333887,0.11450125167807496,0.6852690921910107,50
231,12,12288,-37.24364376963983,0.13838718058530824,0.11454050980461922,0.6064856948074885,50
232,12,12288,-51.365608215525455,0.29380077224611617,0.1450020092179634,0.7335113920643925,50
233,12,12288,-46.42781794835647,0.17222749367744136,0.1036460603609946,0.7563288652896881,50
234,12,12288,-42.09530991918744,0.19116041521492658,0.1332055715138657,0.6507457831688225,50
235,12,12288,-37.010811006379,0.15237948677192759,0.05145637429410078,0.5878367333556526,50
236,12,12288,-42.1961892718821,0.23139647675007427,0.18525171581197875,0.6125273086875677,50
237,12,12288,-43.49397655612845,0.19159031854738667,0.18679813360645248,0.6782892125751823,50
238,12,12288,-40.95816560023378,0.1711443000526924,0.1523363484873105,0.648019011951983,50
239,12,12288,-47.934030669865635,0.23532376131291433,0.13176626740381495,0.7233568520843983,50
240,12,12288,-42.160503272599136,0.15510298543942289,0.09320308335798877,0.6881070800125599,50
241,12,12288,-46.47456095249638,0.26140591686093523,0.38585524168172275,0.6680853021889925,50
242,12,12288,-47.31353002874287,0.268610565642661,0.15413979428927205,0.6776600349321962,50
243,12,12288,-43.850253388131875,0.26765856988420517,0.20676267382974542,0.6093464978784323,50
244,12,12288,-46.27819106816337,0.23106727104541394,0.19834099216511716,0.6944965503178537,50
245,12,12288,-49.95249922294473,0.15066177075734866,0.14391011415869515,0.8483882137015462,50
246,13,13312,-45.08829457164899,0.25764584083876924,0.3632138354385669,0.6441200505942106,50
247,13,13312,-40.60047522797489,0.1321106592482436,0.10140363650700406,0.6798988453112542,50
248,13,13312,-33.74061151484754,0.15993733798764265,0.13228074079582255,0.514874892309308,50
249,13,13312,-40.75695856754284,0.1812119190954763,0.23031832821650935,0.6339272522553802,50
250,13,13312,-41.387308382543914,0.1475528586120007,0.14568215703804852,0.6801933090388775,50
251,13,13312,-33.48186273004325,0.08328194934035181,0.08077073909939729,0.5863553052605129,50
252,13,13312,-49.358494881972106,0.1941966883924491,0.14332817646015805,0.7929732092469931,50
253,13,13312,-38.515405977955304,0.14297575277965957,0.11245495350905402,0.6273323667794466,50
254,13,13312,-41.62606837129062,0.23674526652206285,0.3527169121097326,0.5957761009037494,50
255,13,13312,-36.03695558664071,0.18044813865807968,0.2960186452821813,0.5402909730747342,50
256,13,13312,-45.22171580779532,0.22467040695011214,0.2040425361719704,0.6797639092057943,50
257,13,13312,-50.261652421177146,0.233380365147605,0.26220451412227297,0.771852683275938,50
258,13,13312,-38.131544468278875,0.15543073027034984,0.06608969459652465,0.6072001590952277,50
259,13,13312,-43.74171178446292,0.209543651721096,0.1995933899796937,0.6652905839681625,50
260,13,13312,-40.872613527072595,0.1287435476520285,0.022402549633094453,0.6887087228894234,50
261,13,13312,-44.10656880646113,0.2513160152850874,0.14886063852294754,0.6308153608441353,50
262,13,13312,-41.02233873636809,0.12190764862175531,0.10415888428351697,0.6985391261056065,50
263,13,13312,-39.488328805338305,0.1763011420174626,0.19102457943099427,0.613465434089303,50
264,13,13312,-46.25224471729058,0.2548183127276216,0.34798110443731833,0.6702265816181898,50
265,13,13312,-51.327100419528584,0.22588788787081465,0.191680839172984,0.8006541205197573,50
266,13,13312,-40.012027703841675,0.20173108079771473,0.13119452503568094,0.5985094732791185,50
267,14,14336,-40.84391255815865,0.141569986594725,0.19651398810910578,0.6753082645684481,50
268,14,14336,-39.01157955066757,0.1459126375588569,0.07363143652263057,0.6343189534544945,50
269,14,14336,-37.51755367312614,0.12133123774082141,0.09048636073692123,0.6290198357217014,50
270,14,14336,-37.590958368917384,0.10421066410978191,0.06476098509002012,0.647608503268566,50
271,14,14336,-40.153971726285484,0.14208178099666158,0.14088271405619904,0.6609976535290479,50
272,14,14336,-46.75726228442885,0.1599476555088356,0.25014791626364474,0.7751975901797414,50
273,14,14336,-37.17837485100649,0.1599668048298998,0.12470654298211017,0.5836006921902299,50
274,14,14336,-41.216927409180876,0.1983834175022221,0.06879869993917889,0.6259551306813955,50
275,14,14336,-43.49868244358286,0.2317118546472758,0.1899942671544797,0.6382617942243815,50
276,14,14336,-39.27225302835545,0.0996014578874389,0.03649456314277006,0.6858436026796698,50
277,14,14336,-43.3842985227041,0.22008395263420014,0.29479438493992455,0.6476020178198815,50
278,14,14336,-41.05347100209804,0.1302968252324286,0.1289752913364711,0.6907725948095321,50
279,14,14336,-39.36127182500834,0.18416422619194298,0.25277509785854413,0.603061210308224,50
280,14,14336,-44.7919534349348,0.13440838329028248,0.1104676708636416,0.7614306854084134,50
281,14,14336,-38.92607275079497,0.19003561669206806,0.14371980895205458,0.5884858383238316,50
282,14,14336,-39.99440359938828,0.1653003943450625,0.13907376603830424,0.6345876776427031,50
283,14,14336,-38.732663572283684,0.18822856976617566,0.16726589063047467,0.586424701679498,50
284,14,14336,-38.89126520951369,0.2108919614130811,0.1582863438993509,0.5669333427771925,50
285,14,14336,-33.7256423889672,0.13239997166246398,0.09508174605491598,0.5421128761168802,50
286,14,14336,-44.53715635690097,0.16962271136105142,0.11954402640524658,0.721120415776968,50
287,15,15360,-37.69742013423238,0.17340203324379405,0.12423461710236922,0.5805463694408536,50
288,15,15360,-40.65071209580354,0.21061691877705913,0.19225344869574493,0.6023973231390118,50
289,15,15360,-39.18220819059126,0.14682733421517924,0.09408007546038721,0.6368168295966461,50
290,15,15360,-41.105040669336134,0.12629255710425172,0.1223775533874256,0.6958082562824711,50
291,15,15360,-40.069046542174036,0.15407835968089933,0.17603755624275183,0.6473025711625815,50
292,15,15360,-35.63525727892244,0.1775506554335255,0.1844062926095035,0.5351544901449233,50
293,15,15360,-42.741196216825166,0.25175292444034997,0.2064344132793032,0.6030709998961538,50
294,15,15360,-42.00114514916288,0.25192206763757197,0.17530678832942098,0.5881008353456855,50
295,15,15360,-42.469498901426824,0.24659288337051952,0.17904892968753033,0.6027970946580171,50
296,15,15360,-44.259798482343285,0.20364691384702382,0.15390881565814496,0.6815490557998419,50
297,15,15360,-36.702742410727055,0.14145719503790546,0.17045733725703444,0.5925976531766355,50
298,15,15360,-38.80255671225376,0.22605186647067405,0.3339283216234679,0.5499992677744012,50
299,15,15360,-36.13809729953631,0.17088695291976616,0.21040543907130976,0.55187499307096,50
300,15,15360,-45.06651392590189,0.21928608942999125,0.2769272555117497,0.6820441890880465,50
301,15,15360,-42.31978860139605,0.20266624935264532,0.17498914119522238,0.6437295226752758,50
302,15,15360,-31.15325388201944,0.13580807314840376,0.19743379912554357,0.48725700449198484,50
303,15,15360,-37.32845465198877,0.21635019444167086,0.33566088587734044,0.5302188985981047,50
304,15,15360,-43.15344664463083,0.1744093647616466,0.17290176227453466,0.68865956813097,50
305,15,15360,-38.45210370899971,0.22611780697039321,0.2889478997824448,0.5429242672096006,50
306,15,15360,-41.17929195217935,0.2411586157188114,0.28446482664853456,0.5824272233247757,50
307,15,15360,-39.52822541178701,0.21560760306446497,0.1991892157092463,0.5749569051712752,50
308,16,16384,-33.90167289988243,0.16402863633206333,0.13288960810633102,0.514004821665585,50
309,16,16384,-36.38487417471677,0.260871028050238,0.3791738117671617,0.4668264554440975,50
310,16,16384,-37.45293062161882,0.1937741503082669,0.1344811610978717,0.5552844621241093,50
311,16,16384,-36.453789880183784,0.20608615069019176,0.1694412310903646,0.5229896469134837,50
312,16,16384,-35.91942434883114,0.20190674765676217,0.12201239430827265,0.516481739319861,50
313,16,16384,-36.918881210473046,0.16074787093275483,0.21143811924662764,0.5776297532767057,50
314,16,16384,-35.23596564715948,0.15746523793567646,0.2507113169243511,0.5472540750075132,50
315,16,16384,-36.306736398890436,0.12666705054103977,0.07367453605006029,0.599467677436769,50
316,16,16384,-39.289506234730744,0.10571278237810686,0.039912060907643945,0.6800773423165083,50
317,16,16384,-38.681489556595324,0.17244626429929638,0.08305831855176551,0.6011835268326103,50
318,16,16384,-30.703207053396987,0.06921644907750446,0.03293184020548619,0.5448476919904351,50
319,16,16384,-39.11643028889742,0.2543818799549631,0.09538658684635626,0.5279467258229852,50
320,16,16384,-40.53087596457534,0.23043715621383637,0.20494072928412607,0.5801803630776703,50
321,16,16384,-36.269211675314125,0.20099884978111626,0.20572321166512667,0.5243853837251663,50
322,16,16384,-37.78210273790479,0.2194739522664489,0.25295694689641784,0.536168102491647,50
323,16,16384,-36.51800496227117,0.20568284267615705,0.12242155922364906,0.5246772565692663,50
324,16,16384,-40.73147337014021,0.23631278558935528,0.15482958332867508,0.5783166818134486,50
325,16,16384,-37.27202766370056,0.18454801118560726,0.17308020655975087,0.5608925420884043,50
326,16,16384,-38.537614881827835,0.22148002117543236,0.12294292761725856,0.5492722764611244,50
327,16,16384,-25.395391280815172,0.08412456662498767,0.07015912210597722,0.42378325899131597,50
328,17,17408,-38.041453244906144,0.17083341922231451,0.10806120501916497,0.5899956456758082,50
329,17,17408,-32.64280542829209,0.12920641506186603,0.18056636476726923,0.5236496935039758,50
330,17,17408,-30.40840746242796,0.1582756695084759,0.0839538815845893,0.44989247974008323,50
331,17,17408,-33.905059063943575,0.19450857011874212,0.1912950441160563,0.4835926111601293,50
332,17,17408,-31.309023576534383,0.1321054576938421,0.047439370314916116,0.49407501383684577,50
333,17,17408,-32.5807392563727,0.1824917534022782,0.23751810481275715,0.46912303172517567,50
334,17,17408,-33.138353782449734,0.13111987659195187,0.030962292714155328,0.5316471990570426,50
335,17,17408,-36.539880041063874,0.2010326308763238,0.14312709452888758,0.5297649699449539,50
336,17,17408,-31.532169460876272,0.1557730824518648,0.1607523074136831,0.47487030676566067,50
337,17,17408,-29.450264969347472,0.1439337841508996,0.145084172053588,0.4450715152360499,50
338,17,17408,-32.830575067178515,0.1568356469385545,0.17843739677357975,0.4997758544050157,50
339,17,17408,-31.806335593359336,0.20037566698658776,0.17589461851514862,0.4357510448805988,50
340,17,17408,-34.61769849556156,0.16173706556309636,0.177694652092191,0.530616904348135,50
341,17,17408,-36.97390349870786,0.22185305090812144,0.25524811148011534,0.5176250190660358,50
342,17,17408,-31.282582429870857,0.15227025362998023,0.1644489864229351,0.4733813949674368,50
343,17,17408,-32.99907175081919,0.1876189182518324,0.27196262630625223,0.4723625167645514,50
344,17,17408,-43.237398034798915,0.24943017573839044,0.15320848821022373,0.6153177849575877,50
345,17,17408,-41.255747426267575,0.2780063723952296,0.21070497639466992,0.547108576130122,50
346,17,17408,-33.72779522205221,0.155512979370073,0.026887648580526353,0.5190429250709713,50
347,17,17408,-34.11629063421813,0.14952142177521244,0.1686611738082141,0.5328043909091502,50
348,17,17408,-35.93320632310724,0.2373332308647968,0.17076471990395392,0.481330895597348,50
349,18,18432,-32.55507380731742,0.21194960147745207,0.374265875803453,0.4391518746688962,50
350,18,18432,-32.27274934399278,0.18497880316085383,0.18621605558264384,0.46047618371900173,50
351,18,18432,-27.835094506382656,0.11474803150157793,0.1893114566077968,0.4419538586260751,50
352,18,18432,-32.384170472605,0.17018996678258902,0.05747204798215541,0.4774934426695108,50
353,18,18432,-33.137194937540784,0.15684041022283218,0.13412089323898266,0.5059034885279834,50
354,18,18432,-30.50374095926328,0.14992983416510475,0.15634009268559465,0.46014498502016066,50
355,18,18432,-35.037285823512505,0.23321007929086052,0.18073278825048214,0.4675356371793896,50
356,18,18432,-38.1156070374108,0.21616893681169888,0.15576200917188848,0.5461432039365173,50
357,18,18432,-32.35166546786616,0.2273484933731039,0.03660433420928828,0.4196848159842193,50
358,18,18432,-32.272240782369195,0.09810448810883393,0.17930828864557144,0.5473403275385499,50
359,18,18432,-31.124889573197976,0.11987969389765837,0.08051980086337485,0.502618097566301,50
360,18,18432,-35.182397031294656,0.1532517208359112,0.16157634869621296,0.5503962197899819,50
361,18,18432,-32.529045939114916,0.15866522512668804,0.14094868086178375,0.4919156936556101,50
362,18,18432,-37.28349306780874,0.17170025851056533,0.15657205315478712,0.5739696028456092,50
363,18,18432,-28.52517612730307,0.12705603582508226,0.10595916295546406,0.4434474867209792,50
364,18,18432,-29.899133619590614,0.14098586124775836,0.1294409465393675,0.45699681114405394,50
365,18,18432,-31.264085676609,0.11021468914755474,0.09344996184824807,0.5150670243846253,50
366,18,18432,-40.256353233825486,0.2837160253501701,0.2582529417094393,0.5214110393263399,50
367,18,18432,-33.57200485289501,0.23229245572508042,0.2240555676708346,0.4391476413328201,50
368,18,18432,-34.617516262328046,0.24973532225679182,0.2116122186714676,0.44261500298976897,50
369,19,19456,-24.495168641128394,0.1241979589781605,0.17447815432869107,0.3657054138444073,50
370,19,19456,-26.89474160218222,0.13650555549069893,0.2331423604111618,0.4013892765529454,50
371,19,19456,-21.970151057585426,0.09083678603409442,0.04959884954388449,0.34856623511761425,50
372,19,19456,-27.760201250911507,0.19085351850857588,0.17628230361252348,0.3643505065096542,50
373,19,19456,-41.728322503979285,0.2526551986463922,0.18717588414461397,0.5819112514331937,50
374,19,19456,-30.929561807849907,0.16046367384645155,0.22520727544756897,0.45812756231054663,50
375,19,19456,-28.900824177567163,0.18424835368104767,0.26699130970976775,0.3937681298702955,50
376,19,19456,-31.984598836179956,0.1892338600245887,0.11113780831204986,0.45045811669901015,50
377,19,19456,-37.1776357404621,0.2614376788581042,0.37989218533731034,0.4821150359511375,50
378,19,19456,-30.401734638794395,0.17508229707503808,0.1915929058840464,0.4329523957008496,50
379,19,19456,-26.098899315049383,0.12099507754544678,0.178765907589856,0.4009829087555408,50
380,19,19456,-31.75904097932111,0.16088618179088462,0.10910739173539871,0.4742946377955377,50
381,19,19456,-36.75562221439323,0.24789266498270446,0.17252838911778792,0.48721977930516003,50
382,19,19456,-34.54524503667,0.2703847525119968,0.128679541739918,0.4205201482214034,50
383,19,19456,-32.09882900111128,0.21027490310216926,0.22971642575447498,0.43170167692005634,50
384,19,19456,-32.34808267913042,0.19001752205737493,0.17933144056809866,0.4569441315252334,50
385,19,19456,-27.284818844873275,0.1433648230322417,0.0838328214218334,0.4023315538652241,50
386,19,19456,-28.61555590368194,0.14009126008103437,0.0469726192231972,0.4322198579926044,50
387,19,19456,-30.241781777235005,0.1557286114710993,0.07540121059893135,0.44910702407360076,50
388,19,19456,-31.049256639302182,0.15995096899063202,0.10496899640456929,0.46103416379541157,50
389,19,19456,-33.28595703852509,0.17770312689489798,0.21935079058868903,0.48801601387560367,50
390,20,20480,-27.819769378970523,0.14022057151859907,0.18354851922970689,0.4161748160608113,50
391,20,20480,-30.375577150408123,0.1892686835775513,0.3091633991608412,0.4182428594306111,50
392,20,20480,-25.007476236895833,0.1501093775451406,0.15017630650641378,0.3500401471927762,50
393,20,20480,-28.691685901246093,0.13966684098800747,0.203550981959,0.43416687703691426,50
394,20,20480,-19.255191535769264,0.06403540366722761,0.01221767091767226,0.3210684270481579,50
395,20,20480,-27.945316294100515,0.17081171594112024,0.19864398621408352,0.38809460994089023,50
396,20,20480,-31.75491926768245,0.2033635253357533,0.14946745153576968,0.4317348600178957,50
397,20,20480,-31.13820709585284,0.23146941168589094,0.07517592305757102,0.3912947302311659,50
398,20,20480,-24.819974161831393,0.13463544073109915,0.12386951048404253,0.3617640425055288,50
399,20,20480,-30.548871714560583,0.18397120337810904,0.15013154813255394,0.42700623091310264,50
400,20,20480,-31.64703593156145,0.15535408596225705,0.13000596262391095,0.477586632668972,50
401,20,20480,-27.70916239545617,0.13684892408567134,0.17864564998539448,0.417334323823452,50
402,20,20480,-29.107178206995755,0.21663152300701782,0.2694473753322446,0.36551204113289715,50
403,20,20480,-26.247407423328795,0.16676043000996493,0.20265889688623717,0.358187718456611,50
404,20,20480,-35.997006666905826,0.18815212712741697,0.15221323367788395,0.5317880062106997,50
405,20,20480,-26.50333826219432,0.1482285147623628,0.14519733602858936,0.3818382504815236,50
406,20,20480,-31.639439957728314,0.20327975969854165,0.13648028708812504,0.42950903945602475,50
407,20,20480,-25.399063531247002,0.13007080921080036,0.08379293365814397,0.3779104614141397,50
408,20,20480,-26.64543253781188,0.1529594979885796,0.14753598476686355,0.3799491527676582,50
409,20,20480,-33.676939543321,0.2564903857369576,0.1845263601864604,0.4170484051294625,50
410,21,21504,-24.497962895173263,0.1438701433194365,0.11963222759667555,0.34608911458402875,50
411,21,21504,-30.315386294048857,0.2247093646067496,0.38623723518078334,0.3815983612742275,50
412,21,21504,-32.769286210818045,0.2137917178344319,0.22000328379066036,0.4415940063819289,50
413,21,21504,-25.284775272497175,0.12051512197630869,0.16416198710245317,0.3851803834736347,50
414,21,21504,-27.618896986455592,0.18440775992544253,0.2505146537131693,0.3679701798036695,50
415,21,21504,-29.191092731143723,0.20917773771456255,0.27130094056826676,0.37464411690831184,50
416,21,21504,-22.17159453582257,0.1426562754741415,0.1742060557912453,0.3007756152423099,50
417,21,21504,-33.68125440808178,0.2552424631405951,0.24549919089531072,0.41838262502104046,50
418,21,21504,-33.82444958660243,0.2509984309024091,0.1973794622896809,0.42549056082963943,50
419,21,21504,-26.120555480757435,0.14263881309519863,0.1437544460087089,0.37977229651995004,50
420,21,21504,-29.969392263851574,0.15506375853548726,0.05364548297188237,0.44432408674154433,50
421,21,21504,-27.82553981092928,0.20204927040956577,0.16729325037803894,0.3544615258090198,50
422,21,21504,-29.037395726192937,0.21837545020509896,0.07299725913933461,0.36237246431875975,50
423,21,21504,-26.914753331283894,0.16586324055572682,0.08764601582352796,0.37243182606995107,50
424,21,21504,-29.584757094368612,0.1781117925998622,0.19443499677859025,0.4135833492875099,50
425,21,21504,-22.917845891861127,0.13043839218239994,0.16112884721510035,0.3279185256548226,50
426,21,21504,-24.42211803787028,0.15808453000944353,0.11744056611932378,0.330357830747962,50
427,21,21504,-26.87763863262457,0.14719868188178503,0.2098611028354709,0.39035409077070654,50
428,21,21504,-25.993667220979894,0.1303442654256517,0.15998083886704598,0.3895290789939463,50
429,21,21504,-26.314191795256512,0.15261598797188225,0.26450549317326577,0.3736678479332477,50
430,21,21504,-22.273218324697844,0.1290767559490406,0.1368434746896819,0.31638761054491626,50
431,22,22528,-27.157658601670594,0.19175116730904354,0.32157190164752125,0.35140200472436844,50
432,22,22528,-29.475718146386654,0.1818093410406465,0.16008965715284013,0.40770502188708635,50
433,22,22528,-25.929992353791647,0.18598538814608553,0.10497643751930395,0.33261445892974734,50
434,22,22528,-22.67637778125827,0.15628078599574657,0.12499603534727748,0.29724676962941887,50
435,22,22528,-26.71094066698486,0.11607758247338446,0.1363703365198052,0.418141230866313,50
436,22,22528,-26.471966911650334,0.19788127788497265,0.18017225774174325,0.3315580603480339,50
437,22,22528,-32.34711371731499,0.20354182636416895,0.32535922458661837,0.4434004479821306,50
438,22,22528,-26.34440121812151,0.19529448613773334,0.08668961156740952,0.3315935382246971,50
439,22,22528,-23.95737643187234,0.16109209111590345,0.05255166630861587,0.31805543752154336,50
440,22,22528,-29.301109569297093,0.190207195522467,0.12711237616661178,0.3958149958634749,50
441,22,22528,-28.098860028405145,0.18867623852045157,0.33350392351855895,0.3733009620476514,50
442,22,22528,-23.054022371773463,0.14196563666695464,0.09340759680862286,0.3191148107685149,50
443,22,22528,-29.975549077349786,0.19930182728385698,0.1844168423458038,0.40020915426313874,50
444,22,22528,-25.864631169620555,0.1539330239436704,0.17386939332998597,0.36335959944874047,50
445,22,22528,-27.29646441331352,0.22581572381597642,0.16198238896998418,0.32011356445029376,50
446,22,22528,-28.073373723688658,0.16937616221433768,0.09752766913043545,0.39209131225943566,50
447,22,22528,-26.52057183983421,0.20459587486836345,0.11258096102831827,0.3258155619283207,50
448,22,22528,-19.53789083723349,0.09869553194723987,0.07912393334742576,0.29206228479743,50
449,22,22528,-22.884703271822257,0.12373923154147727,0.09626314956225522,0.33395483389496805,50
450,22,22528,-27.074007839333166,0.19176246148340204,0.12310267762248776,0.3497176953032613,50
451,23,23552,-25.434906934788795,0.23836527633351043,0.21553830138943947,0.2703328623622656,50
452,23,23552,-25.52639669093342,0.1547288356920781,0.1405057525856743,0.3557990981265903,50
453,23,23552,-24.428606130814153,0.18284607682242943,0.29766018926630083,0.3057260457938537,50
454,23,23552,-20.60132597707288,0.16945052585454318,0.059465022419592915,0.24257599368691443,50
455,23,23552,-25.312568796936464,0.2060734949102262,0.18232604299513025,0.3001778810285032,50
456,23,23552,-23.455703029629124,0.11844640922241473,0.06905739501702242,0.35066765137016775,50
457,23,23552,-26.85702363356346,0.13147271289515383,0.12015200094065456,0.4056677597761154,50
458,23,23552,-23.321008749083365,0.15799006901235757,0.07636884309771264,0.3084301059693098,50
459,23,23552,-23.329730745047705,0.15573591518432636,0.0834729596926763,0.3108586997166276,50
460,23,23552,-28.69986675250983,0.2351034012697051,0.23237602502653945,0.3388939337804914,50
461,23,23552,-27.834559637442158,0.15676252682868239,0.1165277960445739,0.3999286659201607,50
462,23,23552,-29.834975903714547,0.26147595589702044,0.2474978431565956,0.3352235621772707,50
463,23,23552,-22.958479396054884,0.16375108851094533,0.1043904801264005,0.2954184994101524,50
464,23,23552,-28.448339169282427,0.1910038051269195,0.23134949244371744,0.377962978258729,50
465,23,23552,-22.135443006103188,0.15839744889030757,0.16059955913005347,0.2843114112317562,50
466,23,23552,-23.624602115343937,0.12253074228956665,0.21674782050337812,0.3499613000173122,50
467,23,23552,-23.613016890105477,0.13855844089248537,0.10030198977492795,0.3337018969096243,50
468,23,23552,-25.64760709470713,0.10224684799287793,0.11523898941086895,0.41070529390126465,50
469,23,23552,-25.321966807241832,0.1848076651967187,0.11188549454665672,0.32163167094811795,50
470,23,23552,-29.332229734733236,0.2669768598277027,0.19860930395503384,0.3196677348669618,50
471,23,23552,-24.691895278374144,0.1851851315092006,0.2886963596331176,0.3086527740582824,50
472,24,24576,-21.47627172395292,0.11574186730495349,0.10263505912783233,0.313783567174105,50
473,24,24576,-23.48455444764963,0.1638882080362482,0.18039276259732298,0.30580288091674446,50
474,24,24576,-28.012824950718137,0.2453793035070749,0.23667096509148455,0.314877195507288,50
475,24,24576,-23.68446461394017,0.16126527359775408,0.17703162150634588,0.31242401868104935,50
476,24,24576,-29.432879843274446,0.2748669785538751,0.26301783988589106,0.3137906183116138,50
477,24,24576,-21.074232875826116,0.11826043195771609,0.022268134482532297,0.30322422555880624,50
478,24,24576,-25.0908005145967,0.18125688407874116,0.1350615660766694,0.32055912621319294,50
479,24,24576,-26.663563584226974,0.21017620206378118,0.15479088891610718,0.3230950696207583,50
480,24,24576,-17.696736672023196,0.09920699293847894,0.016784243047642266,0.25472774050198493,50
481,24,24576,-24.191933336569846,0.19655570192998112,0.17489994999187952,0.2872829648014158,50
482,24,24576,-25.342599659261655,0.12664158975775167,0.09364659268606458,0.38021040342748164,50
483,24,24576,-28.76681676360374,0.26111713521975405,0.17498555721273967,0.31421920005232096,50
484,24,24576,-21.00538290175365,0.14823606034270242,0.11002703478017226,0.2718715976923704,50
485,24,24576,-23.2824349634311,0.1478345508649178,0.12480280073847039,0.31781414840370414,50
486,24,24576,-25.723037935121248,0.19851369070407526,0.18678814924655224,0.31594706799834965,50
487,24,24576,-22.819920944717694,0.17527015260824896,0.18722410554777083,0.28112826628610493,50
488,24,24576,-24.868951169421244,0.12496739332790137,0.09021591272543096,0.37241163006052375,50
489,24,24576,-25.663708018459744,0.17711364605174182,0.1276313680911624,0.3361605143174529,50
490,24,24576,-22.702873095351467,0.10091133165067466,0.07463676496720038,0.35314613025635483,50
491,24,24576,-25.093008068928484,0.1750680882032585,0.25616311556755506,0.3267920731753111,50
492,25,25600,-21.65600708758451,0.15348621247042746,0.07653578836599688,0.2796339292812627,50
493,25,25600,-21.85979430819264,0.15080631303821856,0.14283628655618696,0.28638957312563434,50
494,25,25600,-28.927085098889155,0.22404047550790854,0.20942960963259408,0.35450122646987436,50
495,25,25600,-22.939833388310365,0.12484777021911868,0.06761031138391298,0.33394889754708856,50
496,25,25600,-26.843753504864004,0.22033141886478408,0.19517988564840605,0.3165436512324959,50
497,25,25600,-29.314644426726947,0.2418076306938234,0.14221111581175253,0.3444852578407154,50
498,25,25600,-24.27647275257728,0.1742628003496421,0.15127528969748416,0.31126665470190346,50
499,25,25600,-25.035637120796643,0.1710084874012749,0.14285799233152882,0.329704255014658,50
500,25,25600,-26.68450002588405,0.2147787431163393,0.20188275445657491,0.3189112574013416,50
501,25,25600,-20.049181443927697,0.13191489810235577,0.0946416388289418,0.2690687307761982,50
502,25,25600,-23.352601840876137,0.16382086512666383,0.14306293269668313,0.3032311716908589,50
503,25,25600,-21.65436035018033,0.11744861505843528,0.16236468225465414,0.31563859194517135,50
504,25,25600,-21.27775300397078,0.10797834867807209,0.07022961875687835,0.31757671140134336,50
505,25,25600,-20.9227124788058,0.13995339112394484,0.1492677527792514,0.2785008584521711,50
506,25,25600,-20.438594127007196,0.13298738128372278,0.1309277527124434,0.27578450125642123,50
507,25,25600,-28.14221399342801,0.21572416561100102,0.1360976230448261,0.3471201142575592,50
508,25,25600,-25.1896601843466,0.2073042652947922,0.16822166455542595,0.29648893839213997,50
509,25,25600,-27.40444571839556,0.26762387000730337,0.11792760445385748,0.2804650443606079,50
510,25,25600,-25.784780700578427,0.2360984372511335,0.14385242548319377,0.2795971767604351,50
511,25,25600,-25.397621127430995,0.2023198002228269,0.17490743839292472,0.3056326223257929,50
512,25,25600,-28.80528214370843,0.28968934588712375,0.3077650520043966,0.2864162969870449,50
513,26,26624,-26.438069889582824,0.17692656096592807,0.17218755703852434,0.3518348368257284,50
514,26,26624,-22.098816656904496,0.1893476627846474,0.15251087117624937,0.25262867035344244,50
515,26,26624,-24.83910099358464,0.24275062148220442,0.20542277273442575,0.25403139838948846,50
516,26,26624,-27.953409813199933,0.27976398737113534,0.23165006828528303,0.2793042088928632,50
517,26,26624,-22.833646067514632,0.1551115806233806,0.16992407210823915,0.30156134072691204,50
518,26,26624,-22.41079376106105,0.16844389723221798,0.16892431102920816,0.27977197798900305,50
519,26,26624,-21.554022575934216,0.11749143338242138,0.06255787210638725,0.3135890181362629,50
520,26,26624,-21.431616312712656,0.16858125859648448,0.06698646750302237,0.26005106765776875,50
521,26,26624,-25.064791071071284,0.23135027659742133,0.16451636838133046,0.2699455448240042,50
522,26,26624,-22.10644867906167,0.15071146573648922,0.06657371275249602,0.29141750784474424,50
523,26,26624,-19.615069828249773,0.14326994527638467,0.057707452026563875,0.2490314512886107,50
524,26,26624,-23.203830408430917,0.13270038621609512,0.040048563548068204,0.33137622195252336,50
525,26,26624,-22.077616846237376,0.14124803343186237,0.08318763970165445,0.30030430349288506,50
526,26,26624,-25.05643547110691,0.20192475767451584,0.15381743188796657,0.2992039517476223,50
527,26,26624,-20.40295687776512,0.15281301053100949,0.10305446619154321,0.25524612702429295,50
528,26,26624,-24.315374443305654,0.1934805228781979,0.24394403702646086,0.2928269659879152,50
529,26,26624,-21.510568566958625,0.14829695219850586,0.037056675837519114,0.2819144191406667,50
530,26,26624,-22.191377113159128,0.16838272779351726,0.020744139669122592,0.2754448144696653,50
531,26,26624,-22.74401448693299,0.2037514190893965,0.12924652762012773,0.25112887064926326,50
532,26,26624,-22.185448341313595,0.1739941847559036,0.18772486702650082,0.26971478207036853,50
533,27,27648,-25.608670296274965,0.24381619175219715,0.16142986693907485,0.26835721417330205,50
534,27,27648,-27.44543014008264,0.2362621941245516,0.16901951394286394,0.31264640867710114,50
535,27,27648,-19.260810885205114,0.1514615338686702,0.11379114607238637,0.23375468383543194,50
536,27,27648,-28.435548298002676,0.24549544957815655,0.18364349989268502,0.32321551638189705,50
537,27,27648,-24.879193838633185,0.23741921802877544,0.1590452900047151,0.26016465874388817,50
538,27,27648,-22.193302222999083,0.1607590752748081,0.14490567886183162,0.28310696918517353,50
539,27,27648,-24.57749778816428,0.22102942388354763,0.1855405225669724,0.27052053187973796,50
540,27,27648,-20.86641792242139,0.11154467650441513,0.2294757286122881,0.3057836819440126,50
541,27,27648,-25.36288551554751,0.23662374640567538,0.19211977169154754,0.2706339639052749,50
542,27,27648,-26.392856884052748,0.23607894009451866,0.28944287075496095,0.2917781975865364,50
543,27,27648,-18.82738476677292,0.1223011256521487,0.19539191417235263,0.25424656968330966,50
544,27,27648,-27.36373535676467,0.27247308172147333,0.18107668889714804,0.27480162541382014,50
545,27,27648,-25.23248664105254,0.24104543129949627,0.22966338239818046,0.26360430152155456,50
546,27,27648,-21.97504322946367,0.15858477535998744,0.1206073108384409,0.28091608922928574,50
547,27,27648,-28.923516454715585,0.2409833636056692,0.15402008823495975,0.33748696548864243,50
548,27,27648,-19.537210419282136,0.14585891499131542,0.10388462433608782,0.24488529339432716,50
549,27,27648,-23.166398404616878,0.18425532684748092,0.11525133463319612,0.27907264124485665,50
550,27,27648,-25.069814011740792,0.18463123083687047,0.12792000221026212,0.3167650493979454,50
551,27,27648,-21.845639086189248,0.16244253130351238,0.16992195600750915,0.27447025042027234,50
552,27,27648,-20.945716901791485,0.18043128766337813,0.2979749902099512,0.23848305037245154,50
553,28,28672,-24.83917893027661,0.21691831263261988,0.05463908138544025,0.27986526597291234,50
554,28,28672,-17.01682796649974,0.08028053478232851,0.06108378661745803,0.2600560245476663,50
555,28,28672,-22.88520703757397,0.1939866283748729,0.12223423664541484,0.26371751237660646,50
556,28,28672,-19.61187993880884,0.14749111799296202,0.12070497763325955,0.2447464807832148,50
557,28,28672,-20.094580421364657,0.1801745068868767,0.16763547236928372,0.2217171015404165,50
558,28,28672,-21.50744680863741,0.1726251904552675,0.19579449469522914,0.25752374571748077,50
559,28,28672,-21.2957006736417,0.16055331775311527,0.14023808978518518,0.26536069571971893,50
560,28,28672,-21.028274911295583,0.1404234966976189,0.17410540602170277,0.2801420015282929,50
561,28,28672,-20.188087990840934,0.15705877538971666,0.11889653612815243,0.24670298442710192,50
562,28,28672,-25.49300758661677,0.23866363095677898,0.1847266923388623,0.27119652077555656,50
563,28,28672,-20.66326445786954,0.1745831688826386,0.16788475246306822,0.23868212027475239,50
564,28,28672,-17.714118054639417,0.11967453564591445,0.18571979414016812,0.2346078254468739,50
565,28,28672,-27.252860341122993,0.22920788262541716,0.18984430998245874,0.31584932419704276,50
566,28,28672,-20.573676514057198,0.15002270174379911,0.11314669008233869,0.2614508285373449,50
567,28,28672,-19.99468804198456,0.11090933349004929,0.06346285608289327,0.2889844273496419,50
568,28,28672,-24.7518776356101,0.20152241084510092,0.1242234942788798,0.2935151418671012,50
569,28,28672,-25.36942840239872,0.253773321204428,0.33501564221600383,0.25361524684354664,50
570,28,28672,-17.31680476014757,0.13367079382320368,0.07358778351535786,0.21266530137974768,50
571,28,28672,-24.534574965787783,0.20206708719054653,0.22305824346564632,0.28862441212520934,50
572,28,28672,-16.55023252924076,0.09451666626280372,0.044230514566598746,0.23648798432201146,50
573,28,28672,-19.19714019459099,0.10639931140698192,0.0489073038503109,0.2775434924848378,50
574,29,29696,-19.02798407730567,0.1406620765143848,0.08798136775888,0.23989760503172874,50
575,29,29696,-18.289957462103498,0.12172722212488607,0.09321844595653078,0.2440719271171838,50
576,29,29696,-25.387030251526404,0.22621419739382603,0.18718175667360581,0.28152640763670206,50
577,29,29696,-20.08325166963383,0.17144928932383063,0.08598183293628127,0.2302157440688461,50
578,29,29696,-25.41339637765689,0.23793338492545868,0.18416268854826773,0.2703345426276792,50
579,29,29696,-19.20492375939678,0.1518393956626883,0.1540112016889911,0.23225907952524721,50
580,29,29696,-21.72702014386742,0.19168608733193845,0.3437733538851061,0.24285431554540993,50
581,29,29696,-20.609758556510148,0.16349061083359295,0.12629531231961336,0.24870456029661,50
582,29,29696,-18.811597545773637,0.1233907409878991,0.06276085712735908,0.2528412099275738,50
583,29,29696,-19.82033694944583,0.16414635232449623,0.16489047898448742,0.23226038666442037,50
584,29,29696,-21.48016445342631,0.24748393519859602,0.19207259911290445,0.18211935386992992,50
585,29,29696,-19.640418388213973,0.16474619914375274,0.2877437948471705,0.22806216862052678,50
586,29,29696,-21.478736229854402,0.19456428566311948,0.20445986656343515,0.23501043893396856,50
587,29,29696,-16.60349256769628,0.11598945723210731,0.07081800708547734,0.21608039412181823,50
588,29,29696,-20.487081231236495,0.15881239860856977,0.168093384716773,0.2509292260161601,50
589,29,29696,-20.677439335549618,0.14951694666971257,0.172658937492629,0.2640318400412798,50
590,29,29696,-15.962873433842237,0.13988450936933344,0.08582374640379507,0.17937295930751135,50
591,29,29696,-23.789134401455815,0.17034219927341326,0.1268575611204534,0.30544048875570295,50
592,29,29696,-19.023983278904595,0.16156514359193888,0.12354002803426552,0.21891452198615297,50
593,29,29696,-19.18319932390087,0.12754935493135602,0.11128913014423715,0.25611463154666125,50
594,30,30720,-24.906016013770206,0.248973095001631,0.2328114508742958,0.2491472252737731,50
595,30,30720,-22.60435801322864,0.1913202444784928,0.15635708070182328,0.2607669157860801,50
596,30,30720,-27.135065793691695,0.2655078465518964,0.2636812753902914,0.2771934693219373,50
597,30,30720,-23.61259335058625,0.1950194291328777,0.12103863375080164,0.2772324378788471,50
598,30,30720,-24.045035636114395,0.26093219597016415,0.3741412758884421,0.21996851675212384,50
599,30,30720,-20.383762196787902,0.17086714389103064,0.1958246016491846,0.23680810004472733,50
600,30,30720,-20.040411294732067,0.16817314440972742,0.08593014401374807,0.23263508148491382,50
601,30,30720,-21.998014598575338,0.17041424155380422,0.18926969722289838,0.26954605041770263,50
602,30,30720,-22.444791200778198,0.17966469580722458,0.0759514600877398,0.2692311282083392,50
603,30,30720,-24.535773468643487,0.23391836182162293,0.2157802931066963,0.2567971075512469,50
604,30,30720,-19.088909146896427,0.17582797961652002,0.11387546537742786,0.20595020332140848,50
605,30,30720,-23.65570219252564,0.2493368847496487,0.12140668556356118,0.22377715910086407,50
606,30,30720,-22.783725248959016,0.1815565399933999,0.1744474679910284,0.2741179649857804,50
607,30,30720,-21.718379194353155,0.2158553770085501,0.18899246060914038,0.2185122068785131,50
608,30,30720,-15.881196702378848,0.10464898136239598,0.12211097088531682,0.21297495268518105,50
609,30,30720,-18.24625492763322,0.12747359052609433,0.0603130675342998,0.23745150802657009,50
610,30,30720,-20.59720514220138,0.16892128227631542,0.1387921521079113,0.24302282056771218,50
611,30,30720,-23.4520911030961,0.2004286018880566,0.18003978130350584,0.2686132201738656,50
612,30,30720,-21.641079678196807,0.19315728827838563,0.12326907884055893,0.23966430528555066,50
613,30,30720,-21.683079085411226,0.17612924595327484,0.09438982730257471,0.2575323357549496,50
614,30,30720,-19.110105435170897,0.1531964994648978,0.03290219906800158,0.22900560923852026,50
615,31,31744,-14.783247149034421,0.10805623733339868,0.049807356593289255,0.18760870564728976,50
616,31,31744,-21.376362225420454,0.18287650418295814,0.15878355691053073,0.2446507403254509,50
617,31,31744,-21.27357149972066,0.1595453924891442,0.17266033895155694,0.26592603750526905,50
618,31,31744,-21.044020100352373,0.16049632654702328,0.13330041399005926,0.2603840754600242,50
619,31,31744,-19.42284142044259,0.11541343526525359,0.16192437894461134,0.2730433931435982,50
620,31,31744,-19.590136598130513,0.16550858720738085,0.19629364792621407,0.22629414475522935,50
621,31,31744,-20.546537691936834,0.2039670112957248,0.1819856910442056,0.2069637425430119,50
622,31,31744,-17.427080984295312,0.10714179051244559,0.17547386680868124,0.2413998291734606,50
623,31,31744,-20.549571833138252,0.1633792393008786,0.13282034648549898,0.2476121973618865,50
624,31,31744,-20.087888383343063,0.20655449852886007,0.1470814614920837,0.1952032691380009,50
625,31,31744,-20.562065728912245,0.16601125973221148,0.13952504517658124,0.24523005484603344,50
626,31,31744,-17.933421227559577,0.1319684716601242,0.05887464282164804,0.22669995289106737,50
627,31,31744,-24.64722113064457,0.2921186048788885,0.2073836135442453,0.20082581773400307,50
628,31,31744,-19.01073460244462,0.18631928012676158,0.10113249716154395,0.19389541192213072,50
629,31,31744,-18.39196475878258,0.14525611165983465,0.1855132537862415,0.22258318351581693,50
630,31,31744,-22.869433284980524,0.23318057105431894,0.1480919284899281,0.22420809464529157,50
631,31,31744,-26.526590422324496,0.28287129401820965,0.2049326934925291,0.2476605144282803,50
632,31,31744,-19.33723505546279,0.19564984620677972,0.20616498199592886,0.19109485490247607,50
633,31,31744,-19.02768002594336,0.1764239750802129,0.11126912593253738,0.20412962543865432,50
634,31,31744,-18.135420788833976,0.14995528394235497,0.12549955821800868,0.21275313183432445,50
635,32,32768,-17.16401123459456,0.14623005574573872,0.06596940533066051,0.19705016894615254,50
636,32,32768,-16.137803596375782,0.153358275071742,0.10416888139922631,0.16939779685577377,50
637,32,32768,-21.3976207497904,0.17380881126299852,0.09541422518095069,0.2541436037328094,50
638,32,32768,-16.430852352861912,0.12979618875284943,0.062163393002537475,0.1988208583043888,50
639,32,32768,-17.67540269695332,0.14174150388243,0.11228389416150905,0.21176655005663633,50
640,32,32768,-16.797714865405197,0.1177551916425505,0.13529435295394995,0.21819910566555337,50
641,32,32768,-22.99436725402948,0.20589971069372232,0.2905576013939135,0.2539876343868673,50
642,32,32768,-20.200389777090216,0.20293898122876508,0.18313273155090204,0.2010688143130392,50
643,32,32768,-18.302373358905683,0.15326350327200064,0.1188538668610052,0.21278396390611307,50
644,32,32768,-23.172636982727717,0.22972396468229456,0.08523498730957194,0.23372877497226,50
645,32,32768,-18.95036391311594,0.19315448923097708,0.15277779708530279,0.18585278903134167,50
646,32,32768,-17.146919645288524,0.10120104716696837,0.06148083427036974,0.2417373457388021,50
647,32,32768,-18.36268492738524,0.1501853715156752,0.10076083624026587,0.21706832703202963,50
648,32,32768,-15.106373243770001,0.08861598501057173,0.09634232905063418,0.2135114798648283,50
649,32,32768,-22.752127131397806,0.24933729865256649,0.3442509571707001,0.20570524397538975,50
650,32,32768,-16.268177667236788,0.1179807837616807,0.052587570288608415,0.20738276958305504,50
651,32,32768,-21.6231804164236,0.23613261591665005,0.14411117270448168,0.1963309924118221,50
652,32,32768,-25.199148678156824,0.287450447993936,0.3120089608978068,0.21653252556920052,50
653,32,32768,-20.11018554319529,0.13630485091598596,0.21725419120044315,0.26589885994791984,50
654,32,32768,-21.541865737590957,0.18301888099767305,0.233884229490255,0.2478184337541461,50
655,32,32768,-20.141376866191475,0.18686584305345705,0.11631516082189962,0.2159616942703724,50
656,33,33792,-15.429729654268645,0.10524987746591315,0.06404140065830162,0.20334471561945974,50
657,33,33792,-24.29221226324816,0.25822670984147567,0.18148019641897015,0.22761753542348742,50
658,33,33792,-18.927457909427858,0.16797964776591023,0.13929463105297846,0.210569510422647,50
659,33,33792,-17.48356529892623,0.13745917285032866,0.15294426358500773,0.212212133128196,50
660,33,33792,-22.140786353454526,0.20793915028595505,0.1352743777265849,0.23487657678313553,50
661,33,33792,-19.540602572673514,0.1972435167071698,0.30814273272685594,0.19356853474630042,50
662,33,33792,-18.941061332121297,0.09138874382475,0.0340903190726167,0.2874324828176759,50
663,33,33792,-20.352116895471973,0.1892774521532521,0.20070686267136245,0.21776488575618713,50
664,33,33792,-17.395020555324027,0.12317228046415579,0.08855552519216948,0.2247281306423247,50
665,33,33792,-21.30511019761187,0.24369842766979294,0.2109634733959844,0.18240377628244459,50
666,33,33792,-17.95621562932924,0.15261731406624032,0.14922489533753347,0.2065069985203445,50
667,33,33792,-17.631331649540087,0.11773212104956352,0.08916406904599573,0.2348945119412383,50
668,33,33792,-19.923923195843287,0.20513607538380996,0.09342851030317587,0.19334238853305577,50
669,33,33792,-17.079890283365007,0.13518552807309145,0.17426368572320117,0.20641227759420872,50
670,33,33792,-15.143602849337334,0.08186483051402614,0.14696087987232953,0.2210072264727205,50
671,33,33792,-19.43718208104897,0.15525550182211476,0.09676110857481958,0.23348813979886474,50
672,33,33792,-20.530894759338832,0.18701482579567494,0.25515063564418783,0.2236030693911016,50
673,33,33792,-18.145274236933734,0.1414012412020553,0.12146137362354881,0.22150424353661946,50
674,33,33792,-22.51287826926211,0.20986440133214868,0.0570427845464124,0.24039316405309363,50
675,33,33792,-23.574577684872025,0.260814159780446,0.12102402056047823,0.21067739391699433,50
676,34,34816,-22.878447263141243,0.2078249742577427,0.18493945131369852,0.24974397100508214,50
677,34,34816,-20.794207021733527,0.21113514283019605,0.25600002497374374,0.20474899760447443,50
678,34,34816,-16.512626779647377,0.12499051228230501,0.1411413721963223,0.2052620233106427,50
679,34,34816,-22.36593891939937,0.22366537905835493,0.13651457728803523,0.22365339932963252,50
680,34,34816,-19.63414232267224,0.17777126435603363,0.1357045595693021,0.21491158209741115,50
681,34,34816,-21.019553360708933,0.21571136413967118,0.18723475587842583,0.20467970307450742,50
682,34,34816,-19.97410524128918,0.23106863602157343,0.15511398454853673,0.16841346880421043,50
683,34,34816,-20.172305458659444,0.213606710354167,0.08588953525535582,0.18983939881902187,50
684,34,34816,-18.78596509471482,0.18116720303705758,0.04887337282978906,0.1945520988572389,50
685,34,34816,-17.58728614080243,0.11470269890916768,0.030654215128648375,0.23704302390688098,50
686,34,34816,-20.721010852641175,0.19219420665015888,0.1744297196871354,0.22222601040266454,50
687,34,34816,-18.352384176510867,0.1400675419985414,0.16117397930876454,0.22698014153167606,50
688,34,34816,-19.048148197667484,0.17146194216955088,0.18457008510040845,0.20950102178379892,50
689,34,34816,-24.55406932649067,0.2546373914088782,0.1859327624867086,0.23644399512093514,50
690,34,34816,-21.06384412916244,0.2348284999225023,0.11508435626972144,0.18644838266074656,50
691,34,34816,-15.883296615298258,0.09836788201412892,0.06779257819542701,0.21929805029183627,50
692,34,34816,-17.487987002300073,0.14924383895356158,0.10097991570251014,0.20051590109243989,50
693,34,34816,-18.79440633953105,0.14415292706350294,0.08055321084081934,0.231735199727118,50
694,34,34816,-17.47557774147493,0.14786975132459954,0.2147459439032349,0.20164180350489913,50
695,34,34816,-19.080590325536846,0.18847703356088502,0.16025567576140384,0.19313477294985204,50
696,34,34816,-16.150066624981864,0.12257194677841954,0.08636294189435241,0.20042938572121785,50
697,35,35840,-24.853084611192457,0.24665638041003832,0.22086827602051398,0.2504053118138108,50
698,35,35840,-17.344843651868903,0.1634700057330082,0.05872290062768176,0.1834268673043698,50
699,35,35840,-24.981310974399523,0.28347219833290144,0.17194685867656806,0.21615402115508914,50
700,35,35840,-19.43290847895684,0.15722856545253064,0.0742434243649295,0.23142960412660613,50
701,35,35840,-22.276436152846788,0.1776872422122818,0.2395917341938271,0.26784148084465415,50
702,35,35840,-16.938264324607495,0.14559430276599122,0.25482146704712405,0.19317098372615873,50
703,35,35840,-15.877971995095304,0.11052876914729463,0.019438676367678525,0.20703067075461148,50
704,35,35840,-20.05299807252153,0.19589331919434955,0.20253991135785038,0.2051666422560811,50
705,35,35840,-14.535749578601568,0.11001603385871056,0.08880699888734139,0.18069895771332084,50
706,35,35840,-19.06436089129939,0.20272414693270016,0.2064358575215694,0.17856307089328766,50
707,35,35840,-21.057885728210348,0.1927665839661779,0.057724801290461744,0.22839113059802912,50
708,35,35840,-22.219634893260828,0.28205392151426395,0.20487069582405704,0.16233877635095267,50
709,35,35840,-17.008060363257876,0.1504092921017971,0.1578550154252381,0.18975191516336054,50
710,35,35840,-21.316600754031217,0.21652097001882756,0.14317960100043212,0.2098110450617969,50
711,35,35840,-22.854390191927532,0.27454132921459123,0.19203149267201822,0.1825464746239595,50
712,35,35840,-18.494897631254265,0.14777573163204333,0.16948493457431502,0.222122220993042,50
713,35,35840,-22.510229275798025,0.2852442382137024,0.14030757713701314,0.164960347302258,50
714,35,35840,-18.84400247711977,0.20714742646074108,0.19455472345138475,0.16973262308165432,50
715,35,35840,-23.473603469976833,0.264656680118398,0.1756850492287609,0.20481538928113877,50
716,35,35840,-19.44857340810234,0.1841528506467809,0.2495552129736015,0.20481861751526595,50
717,36,36864,-17.073104578962134,0.14835479335780352,0.030014587746135912,0.19310729822143913,50
718,36,36864,-15.141279640812021,0.11681748118660527,0.04590606667804382,0.1860081116296351,50
719,36,36864,-20.82027028730009,0.19211977883281375,0.23190329299671525,0.224285626913188,50
720,36,36864,-20.980996066414836,0.1883241580368782,0.14981677902365675,0.23129576329141854,50
721,36,36864,-24.02192225560822,0.27644355629986095,0.24193488941673752,0.20399488881230354,50
722,36,36864,-17.311879329921297,0.12921564941439015,0.1719581032408915,0.21702193718403578,50
723,36,36864,-14.95377702187833,0.15093229498548302,0.07402626542251618,0.14814324545208366,50
724,36,36864,-17.607866795413493,0.18840930795937436,0.1197791431915939,0.16374802794889548,50
725,36,36864,-17.046652740306815,0.1803471690830149,0.10891773277423512,0.16058588572312146,50
726,36,36864,-15.424493448636959,0.10723074887069871,0.09282709513391858,0.20125912010204047,50
727,36,36864,-21.11915266685953,0.22351050851583884,0.1289875401829148,0.19887254482135178,50
728,36,36864,-18.968680750758395,0.21443234352754437,0.14536059577904137,0.16494127148762344,50
729,36,36864,-18.2084752642231,0.17487999199825893,0.10696869642225647,0.18928951328620314,50
730,36,36864,-16.062650444238034,0.11809028612953724,0.1053013416829853,0.2031627227552235,50
731,36,36864,-16.03040891026197,0.1608520451983538,0.13621029961501943,0.15975613300688565,50
732,36,36864,-17.867521057782277,0.16462846647839174,0.08158101153904086,0.19272195467725395,50
733,36,36864,-22.06866284585875,0.20270309137838702,0.22264755251722604,0.23867016553878784,50
734,36,36864,-18.24303360182634,0.16595105191540555,0.2285672757541004,0.1989096201211214,50
735,36,36864,-23.34113845334975,0.2514297489195373,0.15185158937949797,0.21539302014745773,50
736,36,36864,-16.932374428232464,0.21001689008383592,0.23238073112780694,0.1286305984808132,50
737,36,36864,-16.838441678641917,0.13428142576650892,0.15845804069168773,0.20248740780632943,50
738,37,37888,-16.46284306802166,0.16482230451578894,0.13288025371291337,0.16443455684464425,50
739,37,37888,-19.34535457759012,0.2003246339865656,0.10785635002059982,0.18658245756523684,50
740,37,37888,-18.571615933807852,0.18734411310673318,0.08734545676339758,0.18408820556942374,50
741,37,37888,-21.712364089607252,0.23559911666593056,0.13253356477517356,0.19864816512621475,50
742,37,37888,-15.955028243807774,0.1337557080896138,0.10183457880863606,0.18534485678654164,50
743,37,37888,-18.9539994687469,0.1617184570928536,0.14184403862198486,0.2173615322820842,50
744,37,37888,-17.356212493404996,0.17172323319875216,0.09328179798595894,0.17540101666934788,50
745,37,37888,-18.91163426972739,0.17243424064662302,0.15640286619685576,0.2057984447479248,50
746,37,37888,-20.55762118504908,0.17386761855959218,0.15408735617116553,0.23728480514138936,50
747,37,37888,-17.547579755495025,0.1775370554011444,0.11025265181347038,0.17341453970875592,50
748,37,37888,-20.61988686461565,0.20160867971249008,0.13442794653515464,0.21078905757982283,50
749,37,37888,-16.035332853257284,0.13404095094285154,0.07845884679169549,0.18666570612229408,50
750,37,37888,-25.12078743847307,0.2643666275090513,0.16036618481843076,0.23804912126041017,50
751,37,37888,-15.313011605855566,0.1401269496158609,0.1536427292094534,0.1661332825012505,50
752,37,37888,-16.26336092868718,0.16061632530184286,0.1631791250339175,0.16465089327190072,50
753,37,37888,-15.175938925342109,0.17304426826274835,0.2117601763656901,0.13047451024409384,50
754,37,37888,-17.85926995681474,0.16821612681706735,0.16508812675645476,0.18896927231922744,50
755,37,37888,-14.877729788151134,0.12366542369050039,0.1351054155772563,0.17388917207252233,50
756,37,37888,-16.609621497845296,0.16857704117514238,0.19391998560550686,0.16361538878176363,50
757,37,37888,-16.955011728807733,0.12326940978423515,0.031363239124179855,0.21583082479191945,50
758,38,38912,-13.803431909444233,0.12043924127880395,0.10793911498967157,0.15562939691008068,50
759,38,38912,-18.066228165186452,0.17210722494660835,0.202725344734547,0.18921733835712076,50
760,38,38912,-13.134172164630519,0.08877419221737232,0.061091002733648064,0.173909251075238,50
761,38,38912,-21.222603545888045,0.19821576504764515,0.18578483639119814,0.22623630587011576,50
762,38,38912,-18.30072257021729,0.2085246620280775,0.17831998217288753,0.15748978937626817,50
763,38,38912,-19.239914212704473,0.22827846147777164,0.15734308555274937,0.1565198227763176,50
764,38,38912,-19.006587683410952,0.23926060981259878,0.14931591762461255,0.14087114385562016,50
765,38,38912,-13.47708966486609,0.10415762153388679,0.10221639066306908,0.165384171763435,50
766,38,38912,-15.716563237487275,0.15374104177823156,0.10568954377166004,0.16059022297151387,50
767,38,38912,-17.839051553598473,0.17620046745456494,0.20943699535381338,0.18058056361740454,50
768,38,38912,-22.02984822209902,0.25982038455903067,0.15453879615350485,0.1807765798829496,50
769,38,38912,-20.358967533242293,0.2254288890566743,0.22592463100397517,0.18175046160817146,50
770,38,38912,-20.339216571727587,0.18618767880756046,0.11392594197849767,0.22059665262699127,50
771,38,38912,-13.459614615743817,0.12025308268148592,0.027845707473019635,0.1489392096333904,50
772,38,38912,-15.034047678533417,0.12124929653273775,0.12660350979638535,0.17943165703793057,50
773,38,38912,-15.420463824662779,0.1480501933422764,0.1479404179478541,0.16035908315097913,50
774,38,38912,-19.13577827778611,0.18187501454073257,0.1829218921191353,0.20084055101498963,50
775,38,38912,-15.816243309282697,0.15874698290111494,0.15056033984980075,0.15757788328453898,50
776,38,38912,-21.236286201049882,0.23788794553841147,0.21665901396535675,0.18683777848258615,50
777,38,38912,-16.236264498926452,0.14815958065956325,0.14131802974300633,0.17656570931896567,50
778,38,38912,-19.423312601013258,0.20653070262324363,0.2532063911529425,0.18193554939702153,50
779,39,39936,-13.420438584648892,0.11227458817438928,0.18748723820809146,0.15613418351858854,50
780,39,39936,-15.937459548134168,0.12800313170794023,0.17853398517466712,0.19074605925474317,50
781,39,39936,-18.876535946065097,0.1867004595423026,0.12933421163805459,0.19083025937899947,50
782,39,39936,-17.518104271534078,0.19722334671605743,0.02883879928924802,0.1531387387146242,50
783,39,39936,-12.624428026430339,0.0872796812058618,0.09881538297270528,0.16520887932274492,50
784,39,39936,-17.073636364633632,0.1443157899840632,0.19071234623550956,0.19715693730860948,50
785,39,39936,-20.549094315744966,0.24526906032368578,0.21536409498332365,0.16571282599121331,50
786,39,39936,-18.999072981196154,0.22972935410474757,0.12396396215458924,0.15025210551917553,50
787,39,39936,-18.90800515454573,0.21394283850385495,0.18409120807055482,0.16421726458705962,50
788,39,39936,-16.07783012274552,0.15119183364655203,0.1653358884998688,0.17036476880835835,50
789,39,39936,-14.262640141071667,0.13027923679803322,0.05612827892392111,0.15497356602340007,50
790,39,39936,-18.988630746928155,0.20748166605772686,0.11364363747888148,0.17229094888083638,50
791,39,39936,-19.63688244240323,0.20804425087533185,0.18490834372243767,0.1846933979727328,50
792,39,39936,-15.496434538011258,0.1458152437087299,0.05164421002218331,0.1641134470514953,50
793,39,39936,-14.415838307385538,0.10039038375960611,0.1046062883445703,0.1879263823881047,50
794,39,39936,-15.836787008303391,0.13614028998827912,0.07229100114749523,0.18059545017778875,50
795,39,39936,-16.890069907685426,0.18716016462846963,0.24928078785277805,0.15064123352523892,50
796,39,39936,-15.384867656364078,0.14824319023812127,0.1540692564618765,0.15945416288916023,50
797,39,39936,-17.27374089964296,0.16420413571197606,0.057603536536077145,0.1812706822808832,50
798,39,39936,-13.202836465764527,0.1002689190099242,0.09641721384910687,0.1637878103053663,50
799,40,40960,-17.59976996169899,0.13738610316822467,0.056617804875576536,0.21460929606575518,50
800,40,40960,-17.769392688102407,0.17067919909107204,0.14160883072099065,0.1847086546709761,50
801,40,40960,-17.04864027904426,0.1603220920696082,0.16511675632304784,0.18065071351127698,50
802,40,40960,-17.066889121099347,0.1893080172714772,0.18847626710802748,0.15202976515050978,50
803,40,40960,-17.222321916671152,0.17838949672662024,0.08524974615508557,0.16605694160680287,50
804,40,40960,-13.8640247896516,0.13841127558372407,0.1146510661246206,0.13886922020930798,50
805,40,40960,-17.87260051101039,0.1684280325018917,0.09301463262299811,0.18902397771831603,50
806,40,40960,-15.392921448213887,0.1660001020365189,0.09218685092165545,0.14185832692775877,50
807,40,40960,-16.872330420055892,0.16369929162527427,0.19949365505462746,0.1737473167758435,50
808,40,40960,-13.74618579066578,0.12550613082782092,0.06653530329860459,0.14941758498549462,50
809,40,40960,-15.896288553304776,0.12514851338333996,0.19521345747309257,0.19277725768275558,50
810,40,40960,-11.613098729295267,0.09645494388203293,0.12305778229348825,0.13580703070387246,50
811,40,40960,-13.188460208356311,0.09923646442237172,0.08000149903925126,0.16453273974475452,50
812,40,40960,-20.353182374155285,0.25104078679587943,0.15455391778592176,0.15602286068722607,50
813,40,40960,-14.277525265694397,0.10248563991846124,0.055576771493365075,0.18306486539542674,50
814,40,40960,-18.582489593159337,0.20696989584192493,0.19891953554063857,0.16467989602126182,50
815,40,40960,-19.402719590440398,0.20635306818597024,0.11919730602943726,0.18170132362283767,50
816,40,40960,-16.082899295946884,0.15268449112751187,0.15161872343895003,0.16897349479142576,50
817,40,40960,-19.88830918716241,0.22129179965517906,0.13988219876375477,0.1764743840880692,50
818,40,40960,-13.75173222965232,0.11040757689720886,0.07696561121013999,0.16462706769583746,50
819,40,40960,-14.444908126411384,0.15514279311365223,0.13169238686319443,0.1337553694145754,50
820,41,41984,-18.13427743646622,0.19660959124140517,0.16253914364143965,0.16607595748791937,50
821,41,41984,-19.533969615343057,0.2421883896456852,0.1655118313727162,0.148491002661176,50
822,41,41984,-18.72611270655703,0.2436975984269402,0.22681192556014287,0.13082465570420027,50
823,41,41984,-18.467400349301514,0.19317637405539376,0.24061555146426636,0.1761716329306364,50
824,41,41984,-19.689495537054015,0.24081767957953246,0.15238006372799395,0.15297223116154782,50
825,41,41984,-12.785174229186339,0.09020454468562895,0.0302523495039464,0.16549893989809789,50
826,41,41984,-15.034615042019787,0.12285702391259673,0.1028770487084713,0.177835276927799,50
827,41,41984,-15.254077100883423,0.15856646633454033,0.14764242186701118,0.14651507568312808,50
828,41,41984,-15.612569651071654,0.1438235729368164,0.09641118312593684,0.16842782008461654,50
829,41,41984,-14.881971630681274,0.1278244200431549,0.1354243509548665,0.16981501257047057,50
830,41,41984,-20.474391773053107,0.23928016239197236,0.1584607593504067,0.17020767306908965,50
831,41,41984,-20.26562736995625,0.2559969264042313,0.1648700466296102,0.14931562099489384,50
832,41,41984,-17.55421858916741,0.1778419231963778,0.20511643656651388,0.17324244858697058,50
833,41,41984,-16.36822022545145,0.13305550526846074,0.0724864761520917,0.19430889924056827,50
834,41,41984,-18.5768521832338,0.22890188089392782,0.15243313388339533,0.14263516277074814,50
835,41,41984,-18.50045539374889,0.23767627441677394,0.2604736170130031,0.13233283345820382,50
836,41,41984,-21.2000102086826,0.24602287080678106,0.30561284332701794,0.17797733336687088,50
837,41,41984,-18.55192228677839,0.17928524224854395,0.15881774145648705,0.1917532034870237,50
838,41,41984,-13.353836967800287,0.10401072227078498,0.11586548579277645,0.16306601708522067,50
839,41,41984,-20.997987436398898,0.28983540400002217,0.15500312402264066,0.13012434472795575,50
840,42,43008,-17.420673610210756,0.1924472196686335,0.13285457805473425,0.15596625253558158,50
841,42,43008,-16.762705037799858,0.2032446900023256,0.13385085073751696,0.13200941075367154,50
842,42,43008,-15.995888986467287,0.1526895026831123,0.1323451772835037,0.16722827704623341,50
843,42,43008,-18.014804970698844,0.20334834043388145,0.1015220613334966,0.1569477589800954,50
844,42,43008,-15.869627704682708,0.1530529233035993,0.18943121519428932,0.16433963079005479,50
845,42,43008,-14.695210232136445,0.15261873670560577,0.14898108067375043,0.14128546793712304,50
846,42,43008,-16.41565494405368,0.17455634160494082,0.127313042263428,0.1537567572761327,50
847,42,43008,-13.083913826184176,0.09667564855489542,0.17824934394797723,0.16500262796878815,50
848,42,43008,-12.421469840937657,0.0951970693938321,0.0021874911205098874,0.1532323274249211,50
849,42,43008,-15.566299445607632,0.17924257439853492,0.19226341965497418,0.13208341451361774,50
850,42,43008,-17.045638816180706,0.16014984991831838,0.1668076847158696,0.18076292640529573,50
851,42,43008,-14.686841637144955,0.13674333892328985,0.03864718781160588,0.15699349381960928,50
852,42,43008,-14.369716673299022,0.11211271759404436,0.09821331462291782,0.17528161587193608,50
853,42,43008,-18.037676001059054,0.19000115976386095,0.14505699909433475,0.1707523602573201,50
854,42,43008,-15.38421202703049,0.1830570599917594,0.1032320518909087,0.12462718054885044,50
855,42,43008,-12.042229793897103,0.11153654171482144,0.08814912006302938,0.1293080541631207,50
856,42,43008,-12.447612469736534,0.08350421054079293,0.03576340835766682,0.16544803885393777,50
857,42,43008,-17.056708667895393,0.18351293146149458,0.20577124661630924,0.15762124189641327,50
858,42,43008,-18.34846079510492,0.20504150488839393,0.19949592921643916,0.16192771101370454,50
859,42,43008,-11.82330180025567,0.09113762825185455,0.010942132208626937,0.14532840775325895,50
860,42,43008,-14.067428126057147,0.12267075080073435,0.060371565133891185,0.1586778117204085,50
861,43,44032,-13.225809584537199,0.09359710092055896,0.04048388552793592,0.170919090770185,50
862,43,44032,-15.944376454018046,0.1361288483493029,0.04754085738785884,0.1827586807310581,50
863,43,44032,-19.910232394013033,0.2177086683411419,0.17935438264183837,0.1804959795391187,50
864,43,44032,-14.52083732914099,0.13277984892575329,0.18318743567615434,0.1576368976570666,50
865,43,44032,-11.355936553957541,0.08552465815422394,0.035871083289088425,0.14159407292492687,50
866,43,44032,-11.336153851583344,0.07459991096507246,0.014368520744313698,0.15212316606659443,50
867,43,44032,-14.47465077527974,0.1555801489942126,0.1704444338329097,0.13391286651138215,50
868,43,44032,-13.352330761723689,0.1183546529848967,0.1191401856765611,0.14869196224957704,50
869,43,44032,-15.680216976891677,0.17637918351187243,0.07869681807895594,0.13722515602596105,50
870,43,44032,-13.24980787956164,0.10913552888203577,0.15543936585824042,0.15586062870919704,50
871,43,44032,-11.325587970205014,0.08416042869911326,0.11700005046651572,0.14235133070498704,50
872,43,44032,-16.638789167412295,0.17649358694942152,0.10076624379803834,0.15628219639882446,50
873,43,44032,-16.112352876062168,0.1640775643465973,0.12090274009106039,0.15816949317464604,50
874,43,44032,-15.356017650212843,0.13576487204275522,0.15609463974303697,0.1713554809615016,50
875,43,44032,-16.214636119112924,0.1506800417980663,0.1867200412074499,0.17361268058419227,50
876,43,44032,-14.488396564016046,0.1404686491839946,0.14542382036375204,0.14929928209632634,50
877,43,44032,-16.564952538040902,0.16949232797454056,0.1850392533337852,0.16180672278627753,50
878,43,44032,-17.366803387213714,0.1861283355774704,0.1778583330291052,0.1612077321668039,50
879,43,44032,-18.84466186795012,0.23168618712585431,0.14374406683641225,0.14520705023314803,50
880,43,44032,-20.57881497038799,0.25046776465723114,0.15584538007057744,0.16110853475052864,50
881,44,45056,-13.69986371444526,0.12023436322435492,0.05534496736081715,0.15376291106455028,50
882,44,45056,-14.231434884224889,0.1420313500002933,0.16721801032654482,0.14259734768420457,50
883,44,45056,-14.291887758333699,0.15083465629674486,0.04711809996656,0.1350030988699291,50
884,44,45056,-13.188336670297206,0.09761978490075116,0.070444222366807,0.166146948505193,50
885,44,45056,-13.649808211191592,0.15662622378785232,0.09969360630998476,0.11636994043597952,50
886,44,45056,-12.100030476818748,0.09005967776076781,0.027577608816981743,0.15194093177560716,50
887,44,45056,-13.759774412837428,0.12816783778124657,0.13896658799532727,0.147027650475502,50
888,44,45056,-12.57220937586307,0.077966712661071,0.0786181157017743,0.1734774748561904,50
889,44,45056,-11.808476807896037,0.11125625263661121,0.16041704894091494,0.1249132835213095,50
890,44,45056,-11.249337682350104,0.1103518230763922,0.09863994482491578,0.11463493057060986,50
891,44,45056,-12.52235351857285,0.0821900617155289,0.08867080635231066,0.16825700865592808,50
892,44,45056,-14.973882875947197,0.13910458961654276,0.17723734919759807,0.16037306790240108,50
893,44,45056,-12.206403992828498,0.13871596081164767,0.07937121316245284,0.10541211904492229,50
894,44,45056,-19.778191034277917,0.25545994668099603,0.12426691735772952,0.1401038740045624,50
895,44,45056,-13.455619182734209,0.1024078928738538,0.06544278353697076,0.16670449078083038,50
896,44,45056,-12.23675514202521,0.10275428679321476,0.06773504834177857,0.1419808160472894,50
897,44,45056,-14.290086731460303,0.10522826393426189,0.0856765956814829,0.18057347069494425,50
898,44,45056,-11.416005933150561,0.09922600078081534,0.031174963564710587,0.12909411788219585,50
899,44,45056,-12.476356684479617,0.09931416691546767,0.10957933800536034,0.15021296677412466,50
900,44,45056,-11.224586884953135,0.09943184305906398,0.05416681431514128,0.12505989463999867,50
901,44,45056,-14.069272506738674,0.14193601978455928,0.03340026946292426,0.13944943035021423,50
902,45,46080,-15.299337913130392,0.15520437076384166,0.1811722134156331,0.15078238749876618,50
903,45,46080,-20.20014016136925,0.28809108991034826,0.1812696944984052,0.11591171331703663,50
904,45,46080,-13.46475983472282,0.12381609855745392,0.0671097749407636,0.14547909813700244,50
905,45,46080,-17.18444044354111,0.20984224804243443,0.14211938946757868,0.13384656082838775,50
906,45,46080,-12.263743957206257,0.12906106397844158,0.11879037343413472,0.11621381516568363,50
907,45,46080,-12.40913587727897,0.10217899603551923,0.07965858844842935,0.14600372151006014,50
908,45,46080,-11.112056915585532,0.10152794737243317,0.029518395710713123,0.1207131909392774,50
909,45,46080,-13.117268783307301,0.11098954321244536,0.11718297804839471,0.1513558324537007,50
910,45,46080,-17.719352823764,0.1748136952070129,0.15900515102166615,0.17957336126826703,50
911,45,46080,-9.10237824763747,0.06908962251583453,0.10934211119193626,0.11295794243691488,50
912,45,46080,-12.871695682553803,0.12042726460207712,0.1665825949492043,0.13700664904899895,50
913,45,46080,-19.312544337258508,0.23253266097547154,0.22750940144812842,0.15371822576969862,50
914,45,46080,-16.977628391029562,0.18379529499035832,0.17176083786208493,0.15575727283023297,50
915,45,46080,-15.403088788672473,0.17594190131282683,0.14355241052286044,0.13211987446062268,50
916,45,46080,-18.56624773580283,0.23733138106044951,0.1797945529847321,0.13399357365560718,50
917,45,46080,-23.536762803734426,0.2912617813644402,0.18201585545335516,0.1794734747102484,50
918,45,46080,-13.038517406237283,0.10557017147595003,0.08448986818967669,0.1552001766487956,50
919,45,46080,-23.350718951214294,0.3046584265192635,0.1844543080211276,0.1623559525050223,50
920,45,46080,-12.991532718709594,0.11422323164889439,0.16024247440887654,0.1456074227252975,50
921,45,46080,-11.636189880592116,0.11702295739000801,0.044273054538271295,0.11570084022183437,50
922,46,47104,-13.917382739192115,0.15303345834834045,0.031367905344034365,0.1253141964355018,50
923,46,47104,-16.862712312313928,0.18694717241332345,0.18151392710106276,0.15030707383295522,50
924,46,47104,-12.144962202879682,0.10504613083915024,0.04699489567510624,0.13785311321844346,50
925,46,47104,-22.92686438848298,0.31288134088675235,0.2360609061146165,0.1456559468829073,50
926,46,47104,-16.734018747641375,0.2166562993813798,0.16817099420425666,0.11802407557144762,50
927,46,47104,-14.993868815001724,0.168945883339954,0.13773679051597024,0.1309314929600805,50
928,46,47104,-12.65497175641671,0.12561842889344985,0.09916490763362582,0.12748100623488426,50
929,46,47104,-14.00732685067495,0.12461254303358306,0.12080981972686332,0.15553399397991596,50
930,46,47104,-17.658701746801732,0.21662769964119197,0.14672617461673185,0.13654633529484272,50
931,46,47104,-18.617414822777352,0.24220311320803287,0.14289458169994176,0.13014518324751406,50
932,46,47104,-15.646775736129246,0.15913897185829204,0.16241503366624643,0.15379654286429287,50
933,46,47104,-11.953212221236065,0.08704490992173745,0.036035008175591805,0.15201933450298383,50
934,46,47104,-11.100419095736662,0.11250681889282016,0.06885981611321114,0.10950156302191318,50
935,46,47104,-10.132225450062421,0.08169101440215938,0.0595903312653781,0.12095349459908902,50
936,46,47104,-16.377363965585552,0.1961346183309976,0.06931261863760696,0.13141266098071355,50
937,46,47104,-17.461883382334634,0.19147444870063624,0.21531865976246653,0.15776321894605644,50
938,46,47104,-18.567747113015788,0.23616140465159538,0.1620853792128047,0.13519353760872035,50
939,46,47104,-12.681020173362148,0.11219702521574992,0.16480441831550666,0.14142337825149298,50
940,46,47104,-15.835239112554152,0.13773865632833984,0.1767097034803558,0.17896612592274322,50
941,46,47104,-15.049759832037882,0.1540740458446423,0.0925688619079075,0.1469211507961154,50
942,46,47104,-13.456983908577879,0.12042055253004769,0.15358209827987324,0.14871912564150988,50
943,47,48128,-12.91346517113172,0.1294661744499849,0.1870296817052713,0.12880312897264956,50
944,47,48128,-15.025204570895829,0.1594136794270355,0.16045585618637484,0.14109041199088096,50
945,47,48128,-18.439239673891045,0.21485351490540314,0.1841323952705342,0.15393127857241778,50
946,47,48128,-14.40456380410652,0.1402476192721298,0.14250164015753158,0.14784365681000053,50
947,47,48128,-11.981296706014634,0.1109129560087126,0.16794401246453622,0.12871297811158,50
948,47,48128,-12.30400753720481,0.11253709656201384,0.08452866247342884,0.13354305418208243,50
949,47,48128,-13.562415685251336,0.13069828389637136,0.0986879843207081,0.14055002980865539,50
950,47,48128,-15.02473523918868,0.14047397072019108,0.14294212231638842,0.1600207340635825,50
951,47,48128,-17.138839168834348,0.22227536513259327,0.15094508984472124,0.12050141824409366,50
952,47,48128,-11.677141590250699,0.12043470917683173,0.11902937567281631,0.11310812262818218,50
953,47,48128,-12.464053241014328,0.10139550252239843,0.1579816625811879,0.1478855622978881,50
954,47,48128,-14.314915406506875,0.12688111656323822,0.08230430041495235,0.15941719156689943,50
955,47,48128,-19.94539503683133,0.27629512449722404,0.20164519263895056,0.12261277623940259,50
956,47,48128,-19.87421308073397,0.26547002147178994,0.21273567145183048,0.13201424014288932,50
957,47,48128,-13.283292467351668,0.12817405660859574,0.1298734510483316,0.13749179273843765,50
958,47,48128,-14.825749611057063,0.1536656369928961,0.15317579294827469,0.14284935522824527,50
959,47,48128,-15.469729077009264,0.19062205411370392,0.15810187924008998,0.11877252742648124,50
960,47,48128,-14.68051911978388,0.15570847855775832,0.07096373316902573,0.13790190383791923,50
961,47,48128,-11.954750242041726,0.10213996403579266,0.1150295726902176,0.13695504080504178,50
962,47,48128,-15.12223907221912,0.17915032785053822,0.061928229005692524,0.12329445359384408,50
963,48,49152,-14.022719517485912,0.14217259628504006,0.11979718313176034,0.13828179406467825,50
964,48,49152,-11.445817846068833,0.09831211818772731,0.05047722441893895,0.13060423873364926,50
965,48,49152,-10.961070144602242,0.09565576844023832,0.10475437345537818,0.12356563445180654,50
966,48,49152,-12.919525049314714,0.11992011092910301,0.15559239058726174,0.13847039005719125,50
967,48,49152,-17.677767781684746,0.24887043809340548,0.12257995884047522,0.10468491754028947,50
968,48,49152,-12.345037936971618,0.1188661783784508,0.10718958719187995,0.12803458036098164,50
969,48,49152,-15.5717009467865,0.20326261928556605,0.16079968573805473,0.10817139965016395,50
970,48,49152,-17.41235520195525,0.23110229343051678,0.23046575799152794,0.11714481060858815,50
971,48,49152,-16.50593995348537,0.1984971810968565,0.180810904506311,0.1316216179728508,50
972,48,49152,-19.562098327905748,0.26725729546272875,0.1846844753402972,0.12398467109538615,50
973,48,49152,-10.947509144929777,0.0977248253353607,0.08370556048642286,0.12122535756323487,50
974,48,49152,-11.744211797178984,0.12805878128940762,0.14942040014866398,0.10682545465417206,50
975,48,49152,-16.584151418393823,0.19132344578992785,0.149050555035604,0.14035958257794845,50
976,48,49152,-12.843642396339133,0.14406379975981845,0.1197862545416915,0.1128090481669642,50
977,48,49152,-14.081481223212517,0.16740922033873318,0.02302106460254953,0.11422040412551723,50
978,48,49152,-11.640704675811223,0.095824022558534,0.04332194181701559,0.13699007095769047,50
979,48,49152,-12.952964839197257,0.12904855966842793,0.11159203114168023,0.13001073711551725,50
980,48,49152,-14.693576190183988,0.1786002843728033,0.14087477098493165,0.11527123943087644,50
981,48,49152,-9.483678902704183,0.09457632137872103,0.06652560930915508,0.09509725667536259,50
982,48,49152,-19.587815647898044,0.23955257762595628,0.15307641498376517,0.15220373533200474,50
983,48,49152,-10.196912209235615,0.09015805756137739,0.10291635523024788,0.11378018662333489,50
984,49,50176,-13.62528682132257,0.13937098097964307,0.1529144029170506,0.13313475544680842,50
985,49,50176,-18.459464513776545,0.2635558594802525,0.17056333581736194,0.1056334307952784,50
986,49,50176,-17.724183197439867,0.23286622310204858,0.18120550079185693,0.12161744084674865,50
987,49,50176,-13.95402641456126,0.14247948528295734,0.10872995149948075,0.1366010430082679,50
988,49,50176,-14.952985277395367,0.20098393878905962,0.16319676137537104,0.09807576675884774,50
989,49,50176,-15.879596646777824,0.18260264195307166,0.1691240324140611,0.13498929098248483,50
990,49,50176,-13.744155214960015,0.16116791539779451,0.09554695935164657,0.11371518890140578,50
991,49,50176,-12.041278525940937,0.12535512325909637,0.04674662374909726,0.11547044725972228,50
992,49,50176,-15.295091728984435,0.1566960642198485,0.16894087421909507,0.14920577035984026,50
993,49,50176,-20.316856278899717,0.2542111790525101,0.21926365735966127,0.15212594652548433,50
994,49,50176,-12.027982840439503,0.13494777854549164,0.18578450876958133,0.10561187826329842,50
995,49,50176,-12.66784778788874,0.10652816874761176,0.1249331467709811,0.14682878701016308,50
996,49,50176,-11.976744613395294,0.1319850396554775,0.08299713650920512,0.10754985261242837,50
997,49,50176,-15.31084950759786,0.18593837729241008,0.1805905539039942,0.12027861285954713,50
998,49,50176,-17.394964836148812,0.20101914190374856,0.1659288924875205,0.14688015481922775,50
999,49,50176,-11.353351128102982,0.1240931819307479,0.10531322358105802,0.10297384063131176,50
1000,49,50176,-13.266156932991935,0.16012341347897432,0.11120168489618139,0.10519972518086433,50
1001,49,50176,-13.846414850334876,0.18266877456119757,0.08459621317470695,0.0942595224454999,50
1002,49,50176,-16.217616892062445,0.17866511401937057,0.14592499845453574,0.14568722382187843,50
1003,49,50176,-11.684276442856445,0.13339958804772079,0.09157211231242596,0.1002859408094082,50
1004,50,51200,-10.357609842733574,0.10902211649934015,0.12407991846419436,0.0981300803553313,50
1005,50,51200,-14.343717096098104,0.18394408209419022,0.21595330415096234,0.1029302598277718,50
1006,50,51200,-14.303346472033656,0.1757741096883152,0.12956559880873977,0.1102928197523579,50
1007,50,51200,-12.310747655501633,0.1392923716860274,0.07226409425058096,0.10692258142400533,50
1008,50,51200,-16.10210076540033,0.1994844901295891,0.11904606639364525,0.12255752517841756,50
1009,50,51200,-13.11131171031536,0.14118211109990386,0.1498964095581689,0.12104412310640328,50
1010,50,51200,-11.90849995970386,0.11069239992343535,0.15410496363172047,0.1274775992706418,50
1011,50,51200,-10.648155844436975,0.12176779029224104,0.11795097143212208,0.09119532659649848,50
1012,50,51200,-11.363322338974962,0.11325629865862981,0.14234529575191213,0.11401014812086942,50
1013,50,51200,-14.493960379180498,0.2043430864675901,0.1395283241404649,0.08553612111601978,50
1014,50,51200,-15.656825331739434,0.17159512483517275,0.18598955807975118,0.14154138179961592,50
1015,50,51200,-9.952102579245851,0.09670922190089788,0.10968287505705197,0.10233282968401909,50
1016,50,51200,-11.230075825101643,0.1136936362293166,0.09752745176595919,0.11090788027271628,50
1017,50,51200,-12.587141556253275,0.16073498032650554,0.1255644222076923,0.09100785079855996,50
1018,50,51200,-14.83185359224109,0.18394164223100806,0.13635256267445353,0.11269542961381376,50
1019,50,51200,-15.829175262399174,0.20391047868252113,0.18127134530686362,0.11267302656546235,50
1020,50,51200,-13.643208168223222,0.1581618107577729,0.12061672118419466,0.11470235260669143,50
1021,50,51200,-15.376509220564868,0.18904880264060822,0.10332989907842821,0.11848138177068904,50
1022,50,51200,-10.192616996304722,0.10308151869933377,0.1170180993756124,0.10077082122676075,50
1023,50,51200,-12.444732095437802,0.11248691473336381,0.09250693971714745,0.1364077271753922,50
1024,50,51200,-13.316067811619325,0.14678173010807144,0.0794647056079845,0.11953962612431496,50
1025,51,52224,-13.788765777009397,0.15351916547612932,0.2130814119448399,0.1222561500640586,50
1026,51,52224,-11.104424350799482,0.12051570027875622,0.0791022702938472,0.1015727867372334,50
1027,51,52224,-17.923316235367196,0.2510575910320875,0.26328978065783704,0.10740873367525637,50
1028,51,52224,-11.178618826656193,0.1317586728368804,0.14958553951738698,0.09181370369624346,50
1029,51,52224,-11.214429011460583,0.13313448400952305,0.1437696148972327,0.09115409621968866,50
1030,51,52224,-10.820403791364809,0.10480485981295935,0.028554988195238384,0.1116032160143368,50
1031,51,52224,-9.915378864703168,0.0846934503672224,0.04775139360405516,0.11361412692684097,50
1032,51,52224,-11.604738799492496,0.11574646851719617,0.11781089961798231,0.11634830747265369,50
1033,51,52224,-9.245378958252118,0.0975896224708734,0.06739003371372193,0.08731795669416897,50
1034,51,52224,-12.355083314210107,0.14195405936747657,0.07015298437972024,0.10514760691672563,50
1035,51,52224,-13.325664794937975,0.16496741112655575,0.09772410031996921,0.10154588477220386,50
1036,51,52224,-13.688434633108626,0.1616824650863898,0.16388381776481473,0.11208622757578268,50
1037,51,52224,-9.728694324216285,0.1078842371995084,0.0823199117614926,0.08668964928481727,50
1038,51,52224,-12.832042887774335,0.1679383038909182,0.1516723864632141,0.08870255386456848,50
1039,51,52224,-10.998030341997469,0.11901418435058941,0.15158558689198254,0.10094642248935998,50
1040,51,52224,-14.343545315512753,0.1484525639974571,0.20221032890818555,0.1384183423127979,50
1041,51,52224,-11.46550210750999,0.11914882796106151,0.1974093228353125,0.11016121418913827,50
1042,51,52224,-21.176990317220337,0.30337206514631393,0.07134069123729421,0.1201677411980927,50
1043,51,52224,-12.2526298329889,0.12842676178403797,0.1258930691408428,0.11662583487574012,50
1044,51,52224,-10.849920096436097,0.12961694201643673,0.16380486915362466,0.08738145991228521,50
1045,52,53248,-15.716334981029497,0.1871741441940072,0.13464714886169918,0.1271525554265827,50
1046,52,53248,-9.143473597288391,0.0964253784911386,0.13868742984219992,0.08644409345462918,50
1047,52,53248,-18.97249257272847,0.29333544933806044,0.180358386230447,0.08611440211650916,50
1048,52,53248,-10.090900177283407,0.10043576327447237,0.106873023020336,0.10138224027119577,50
1049,52,53248,-17.30387208869964,0.2530387554836094,0.18330337530302568,0.09303868629038334,50
1050,52,53248,-11.54701876585246,0.12659403812901393,0.1470944248575984,0.10434633718803525,50
1051,52,53248,-13.364001348670186,0.16882124725840225,0.12511590946588025,0.09845877971500158,50
1052,52,53248,-14.124995154081272,0.15965351315651793,0.10919811397057393,0.12284638992510737,50
1053,52,53248,-14.561690023901182,0.17009882925611466,0.15107950763910788,0.12113497122190893,50
1054,52,53248,-16.497918404312806,0.22332971131708482,0.2324375099950749,0.10662865676917135,50
1055,52,53248,-15.311929347859488,0.19670750467907225,0.1407625696591534,0.10953108227811753,50
1056,52,53248,-12.033925028223797,0.11185343662620102,0.09937556798972015,0.12882506393827498,50
1057,52,53248,-13.111520112899203,0.1471849206043328,0.16189612821050603,0.11504548165365122,50
1058,52,53248,-13.114013628518926,0.1663436882898075,0.2207522374726623,0.09593658428057097,50
1059,52,53248,-11.97473242038743,0.15470233961900198,0.19393560784973804,0.08479230878874659,50
1060,52,53248,-11.077479413834226,0.11618640964399668,0.11377880035025106,0.10536317863268778,50
1061,52,53248,-17.389461378291113,0.2573872734085442,0.18224809632585084,0.09040195415727795,50
1062,52,53248,-9.86092871702728,0.09213253348050364,0.10778358795496533,0.10508604086004197,50
1063,52,53248,-11.387284091642115,0.12406362481817583,0.14579890160380768,0.1036820570146665,50
1064,52,53248,-19.662823385161506,0.26720794856451763,0.2235188062239335,0.12604851913871243,50
1065,53,54272,-9.132873838055893,0.10488362410079714,0.06470306579716559,0.0777738526603207,50
1066,53,54272,-15.887719516705886,0.2134962872894141,0.19461833441544016,0.1042581030447036,50
1067,53,54272,-10.95188599185498,0.11687445282255135,0.0936489099574622,0.10216326701454818,50
1068,53,54272,-9.992461917061858,0.0886707442873444,0.08972557577093923,0.1111784940538928,50
1069,53,54272,-10.234763155996438,0.12125161241535305,0.0342017884866013,0.0834436507045757,50
1070,53,54272,-9.172083088268188,0.10499796474655304,0.07775525053111793,0.07844369701881078,50
1071,53,54272,-13.881402800043235,0.1661710480171653,0.18312602385396903,0.11145700798369944,50
1072,53,54272,-10.745447812728383,0.1176911428363209,0.13422475616791088,0.09721781341824681,50
1073,53,54272,-15.58047434223608,0.21450060596722675,0.21147727140750644,0.09710888087749481,50
1074,53,54272,-10.364953533629405,0.10997224093181057,0.14110879507393226,0.09732682974077761,50
1075,53,54272,-15.663620563820977,0.23564281407307927,0.13944234507217468,0.07762959720334038,50
1076,53,54272,-12.10699946227885,0.12387764485548139,0.1301957219203764,0.11826234439009568,50
1077,53,54272,-15.460817531270301,0.18391131197209196,0.07221840020115483,0.1253050386533141,50
1078,53,54272,-8.330491794924619,0.1010050461362003,0.1314721624548435,0.06560478976229206,50
1079,53,54272,-10.754062491715676,0.10168372878133831,0.1218046154452819,0.11339752105297521,50
1080,53,54272,-11.920329953310782,0.12748303750995077,0.14881196063845367,0.11092356155626476,50
1081,53,54272,-11.27576443358775,0.13200860219383315,0.16105573689270605,0.0935066864779219,50
1082,53,54272,-10.452191993028533,0.10681679113888237,0.16081991710857432,0.10222704872168834,50
1083,53,54272,-12.332334877882737,0.16068306299777,0.05985595215762154,0.08596363455988466,50
1084,53,54272,-14.591498944166348,0.1986388504682713,0.09110630436101644,0.09319112841505557,50
1085,53,54272,-9.80171630017832,0.08499098755855117,0.06207415167249341,0.11104333844501525,50
1086,54,55296,-11.398525095865113,0.12027673004137325,0.11380016773532345,0.10769377187592909,50
1087,54,55296,-11.94915166433147,0.15220359423545948,0.18810671476383084,0.0867794390511699,50
1088,54,55296,-12.284404115904033,0.13667758805051267,0.09343011607169296,0.109010494267568,50
1089,54,55296,-12.366182504911288,0.14869661552347868,0.20103855917038263,0.09862703457474709,50
1090,54,55296,-14.822060318975097,0.20531879815662915,0.17366342763030004,0.09112240822287276,50
1091,54,55296,-13.755209946780491,0.1891074133590382,0.07955003423047978,0.08599678557657171,50
1092,54,55296,-10.248429110330184,0.11823664712832553,0.09631221602761958,0.08673193507827819,50
1093,54,55296,-16.29035571006771,0.2205415467775784,0.12827972388090933,0.1052655674237758,50
1094,54,55296,-12.361526994488687,0.15223062492185319,0.11417785359760294,0.09499991496792064,50
1095,54,55296,-11.462430005002705,0.1288608575876603,0.1635961156461101,0.10038774251239374,50
1096,54,55296,-12.321691000621879,0.12928989413235562,0.03797752483723803,0.11714392588008195,50
1097,54,55296,-10.281033056639133,0.11557426341511307,0.08186542697085561,0.0900463977176696,50
1098,54,55296,-13.0043145208545,0.16024378006331613,0.1404433036843624,0.09984251035377384,50
1099,54,55296,-17.970470583444556,0.25302358585234924,0.08558954529740682,0.1063858258165419,50
1100,54,55296,-13.293878006390347,0.1458222906312915,0.1967770355158219,0.12005526949651539,50
1101,54,55296,-10.83391604429972,0.12201025018178381,0.05402796576711389,0.09466807070421054,50
1102,54,55296,-9.23214661116667,0.09905251271481667,0.12384121040149959,0.08559041950851679,50
1103,54,55296,-12.138287877153536,0.15780701833047295,0.06652000256880455,0.08495873921259772,50
1104,54,55296,-10.759596003560715,0.12175674774900795,0.028643070527001258,0.0934351723222062,50
1105,54,55296,-14.888238697046079,0.217013069903965,0.14697487543193416,0.08075170403695665,50
1106,55,56320,-13.341905858636112,0.16882050310332752,0.1123099947776704,0.09801761406939477,50
1107,55,56320,-13.323888946598728,0.16556307411369597,0.17830120495119178,0.10091470481827855,50
1108,55,56320,-18.59991561418249,0.2922262768739533,0.19775738927387415,0.0797720354096964,50
1109,55,56320,-10.910764502690348,0.13326001026394196,0.1463131213496498,0.08495527978986502,50
1110,55,56320,-11.378421838735195,0.1499160427807823,0.03792513874108353,0.07765239399392158,50
1111,55,56320,-10.728522169135202,0.12010340045600508,0.042580302233497305,0.09446704292669893,50
1112,55,56320,-13.973755408107927,0.17344337241317462,0.09697733748116467,0.10603173574898392,50
1113,55,56320,-15.653922365084632,0.23010494694072509,0.1711112379897628,0.0829735003609676,50
1114,55,56320,-10.538892883701543,0.12087968905943099,0.16623041678395475,0.08989816861459986,50
1115,55,56320,-16.191512998876654,0.23437342867690195,0.13175358738832071,0.08945683130063116,50
1116,55,56320,-17.606730409580205,0.23495932527298902,0.16677424899304116,0.11717528291861527,50
1117,55,56320,-15.82909257986065,0.22851875194282154,0.19421814493624492,0.08806309965439141,50
1118,55,56320,-14.674174528103062,0.1962008878309228,0.17531011071625807,0.09728260273113847,50
1119,55,56320,-8.584352448253183,0.08173822519641813,0.05219310808176626,0.08994882376864552,50
1120,55,56320,-14.402073128528363,0.19070469722910655,0.1467382518663374,0.0973367653414607,50
1121,55,56320,-12.88776110202215,0.16826567309138396,0.17182738919523222,0.0894895489490591,50
1122,55,56320,-8.105221625544106,0.08459470256019333,0.021027366881071475,0.07750972995068878,50
1123,55,56320,-14.147018888440765,0.20517573806572414,0.10322474659886319,0.07776463970309123,50
1124,55,56320,-11.478234998460206,0.1277059244373311,0.09275445878797987,0.10185877553187311,50
1125,55,56320,-11.581993041623171,0.14565708888820883,0.11622398813455803,0.08598277194425463,50
1126,55,56320,-12.34471679129801,0.16465045981810902,0.12893493629846517,0.08224387600785121,50
1127,56,57344,-13.015496641702573,0.15232309121317406,0.0933249722787032,0.10798684162087739,50
1128,56,57344,-15.227565789503045,0.21384494069779295,0.08662943868125524,0.09070637509226799,50
1129,56,57344,-11.113657747332399,0.13419124379046113,0.05745913276708739,0.08808191115618684,50
1130,56,57344,-10.721925789971712,0.12322350950823,0.15615304837849517,0.09121500629120419,50
1131,56,57344,-11.648424978104856,0.10705230967546749,0.060451238714216336,0.1259161898866296,50
1132,56,57344,-16.433647001435048,0.22696104108436035,0.1662587301053054,0.10171189894434064,50
1133,56,57344,-11.61906985612152,0.13139998270190018,0.17972847931149769,0.1009814144205302,50
1134,56,57344,-12.703467959657496,0.16564910797641053,0.14740359357234667,0.08842025121673941,50
1135,56,57344,-9.26471910167838,0.10975392946089045,0.11267193576392207,0.07554045257267716,50
1136,56,57344,-9.415763359808238,0.09458443599404516,0.11348277730990922,0.09373083120211959,50
1137,56,57344,-9.788199781840726,0.1306812446039181,0.05689659654181832,0.06508275103289635,50
1138,56,57344,-10.576041897449644,0.13216132948255171,0.10638117781312958,0.07935950846644119,50
1139,56,57344,-9.729613651771462,0.10527939049794137,0.06521840146723763,0.0893128825374879,50
1140,56,57344,-11.800485652504047,0.13030072454792496,0.13191079173326714,0.10570898850215599,50
1141,56,57344,-19.399413081416448,0.31449577828009234,0.18253052670421438,0.07349248334823642,50
1142,56,57344,-18.32717055979505,0.27127509243219977,0.14282511608868523,0.09526831876370125,50
1143,56,57344,-15.564083456057665,0.23608215416424116,0.18277736097725591,0.07519951495691203,50
1144,56,57344,-9.917469449517732,0.09870149481084793,0.15714975508950005,0.09964789417950669,50
1145,56,57344,-9.943835845012629,0.10115536375493632,0.016467056594785614,0.09772135314531624,50
1146,56,57344,-12.100158944260835,0.14751935492736368,0.11473849593551079,0.09448382395785301,50
1147,57,58368,-10.968009262632334,0.13444345057583856,0.1208081340231663,0.08491673467680812,50
1148,57,58368,-10.672931405614271,0.13039486184513482,0.05650429239491627,0.08306376626715065,50
1149,57,58368,-9.526112281010251,0.11078780044085815,0.1324111988451192,0.07973444517934695,50
1150,57,58368,-15.675769303891947,0.22543279826341475,0.1466483672806863,0.08808258781442418,50
1151,57,58368,-11.959559719940621,0.15490939277552013,0.06477174301302319,0.08428180162329227,50
1152,57,58368,-10.486201066539826,0.11075189898288279,0.17652865522813735,0.09897212234791368,50
1153,57,58368,-20.70568138078338,0.31810841072285884,0.18141064075126304,0.09600521689280868,50
1154,57,58368,-11.853599910696838,0.14861791007365768,0.1494421095857538,0.08845408814027905,50
1155,57,58368,-9.894157448823718,0.13103132663840739,0.15546617804349908,0.066851822338067,50
1156,57,58368,-10.334512365663501,0.09592666033949859,0.11915983566151492,0.11076358697377145,50
1157,57,58368,-9.258145121963686,0.10571362592957902,0.10114406443826644,0.07944927650969476,50
1158,57,58368,-12.621210777366697,0.18290938394476058,0.11553389307515743,0.0695148316025734,50
1159,57,58368,-14.387508959596321,0.20051454747735137,0.11168452420160593,0.08723563171457499,50
1160,57,58368,-11.973016952681776,0.14967833142830902,0.1832356040928107,0.08978200762532651,50
1161,57,58368,-9.481772318554686,0.1201435322980884,0.12576230412459397,0.06949191407300531,50
1162,57,58368,-9.59930063207175,0.1012796223173863,0.11673076462149204,0.0907063903240487,50
1163,57,58368,-9.117196084258973,0.0882757703255003,0.04428824205577,0.09406815135967918,50
1164,57,58368,-11.212844669927945,0.13971984784802627,0.09528687199734498,0.08453704555053264,50
1165,57,58368,-12.064064115862609,0.13950062808337177,0.11749475395663281,0.10178065423388034,50
1166,57,58368,-15.86108621066107,0.22748397740701723,0.15531209360296594,0.08973774680620408,50
1167,57,58368,-9.825173349542293,0.11847832082218923,0.12599463566759445,0.07802514616865665,50
1168,58,59392,-12.164392383206215,0.15806314527793877,0.10211444731055414,0.08522470238618553,50
1169,58,59392,-9.63195101606482,0.11893721227177828,0.1049479273389507,0.07370180804951815,50
1170,58,59392,-10.274339827802477,0.11262818509667133,0.13126998171378662,0.09285861145937815,50
1171,58,59392,-9.756776156729462,0.11272693432597729,0.14501395004488668,0.08240858880861196,50
1172,58,59392,-16.37598723624523,0.22488994826277114,0.14976891031564424,0.10262979646213352,50
1173,58,59392,-9.620824947451267,0.1079305118105566,0.07221994265706201,0.08448598713846878,50
1174,58,59392,-14.35849851382099,0.19747287273884637,0.18133637012188528,0.08969709753757343,50
1175,58,59392,-18.872811038518982,0.29582714998175774,0.15492480604847395,0.0816290707886219,50
1176,58,59392,-9.450292420166626,0.10261241716915903,0.1382891620959095,0.08639343123417348,50
1177,58,59392,-15.85118166429476,0.23900016082032038,0.14313305083109426,0.07802347246557474,50
1178,58,59392,-10.121875784573513,0.12461853474151031,0.15262478067495494,0.07781898094995995,50
1179,58,59392,-11.01453007034926,0.11776391078233087,0.13188868432585127,0.10252669062465429,50
1180,58,59392,-10.035326285448567,0.10756418938138872,0.1602216927733974,0.09314233632758259,50
1181,58,59392,-10.031612292962274,0.11695865198236209,0.11885346019986973,0.08367359387688339,50
1182,58,59392,-15.384640079477519,0.23060043164569316,0.16881579901693733,0.0770923699438572,50
1183,58,59392,-14.235760779046446,0.18496075417699276,0.113037635836266,0.09975446140393615,50
1184,58,59392,-11.117737480955856,0.12135116197969216,0.14728711302047978,0.10100358763942495,50
1185,58,59392,-15.609821446307475,0.19682160301851123,0.17775520042802864,0.1153748259076383,50
1186,58,59392,-11.457823895182578,0.14393207538238031,0.08972916023197386,0.08522440252127125,50
1187,58,59392,-9.617487573308852,0.11302660891226464,0.10319084216399374,0.07932314255391247,50
1188,59,60416,-11.65254900990151,0.1456930903744147,0.11048271283625852,0.08735788982361554,50
1189,59,60416,-9.968605030879123,0.116362397677111,0.07227735564251847,0.08300970294047147,50
1190,59,60416,-11.38301014198437,0.15482732775555544,0.10651099225463694,0.07283287508413196,50
1191,59,60416,-8.914458741848822,0.09572957870448937,0.11336640538899499,0.08255959613248706,50
1192,59,60416,-14.859436961161796,0.22983057619614314,0.25440879086624557,0.06735816302709281,50
1193,59,60416,-14.86176450337459,0.21179019339777316,0.16327539717536513,0.08544509666971863,50
1194,59,60416,-13.244417009829467,0.1862830534195698,0.2157375329817272,0.0786052867770195,50
1195,59,60416,-15.752454738711606,0.24154167122201323,0.16135669970426667,0.07350742355221883,50
1196,59,60416,-15.930635741483806,0.24721063308027424,0.21288200440260455,0.07140208174940199,50
1197,59,60416,-13.512478235931956,0.19334898242620185,0.0962033317672186,0.07690058229243732,50
1198,59,60416,-13.316420690489922,0.19313847370646872,0.09697120900699874,0.07318994010332971,50
1199,59,60416,-14.228912600752304,0.17117024536185643,0.1543772676686565,0.11340800665318966,50
1200,59,60416,-13.632040769002794,0.19751176844050966,0.13233886259003755,0.07512904693954624,50
1201,59,60416,-11.422893334815166,0.14043487630657628,0.10664211142631565,0.08802299038972705,50
1202,59,60416,-11.778996549069854,0.14485716535501847,0.11619916409070423,0.09072276562637853,50
1203,59,60416,-15.431350392320129,0.20812647882910323,0.168008075195805,0.10050052901729942,50
1204,59,60416,-10.435501195470483,0.12388129068731624,0.16891524729148444,0.08482873322209343,50
1205,59,60416,-14.530372717305282,0.20460179353955585,0.1481006060954656,0.08600566080654971,50
1206,59,60416,-10.655457802010286,0.13349857139420793,0.16283462109803618,0.07961058464599774,50
1207,59,60416,-12.582703045396237,0.16912033353585953,0.12630859065467862,0.08253372737206519,50
1208,59,60416,-14.799355045124694,0.19409183228483026,0.15375737832067057,0.10189526861766353,50
1209,60,61440,-10.46793669166776,0.12534569800976414,0.09105186112275608,0.08401303582359106,50
1210,60,61440,-10.802123231194905,0.14716339338265338,0.17939659253642215,0.06887907124124468,50
1211,60,61440,-11.32621100360849,0.1402673157421307,0.11083773663869481,0.0862569043300391,50
1212,60,61440,-13.340280744344149,0.1757919153450833,0.22760966315495423,0.09101369954179972,50
1213,60,61440,-10.537686581237601,0.12090292470722246,0.0664287610387131,0.08985080691752956,50
1214,60,61440,-11.157381096855486,0.14198291931768373,0.17873539129831087,0.08116470261942595,50
1215,60,61440,-13.777886979805137,0.19409019196986815,0.18622803537600088,0.0814675476262346,50
1216,60,61440,-15.191139496681831,0.23693407182219606,0.17474622561730857,0.06688871811144054,50
1217,60,61440,-13.03471768183471,0.16627476999570145,0.13426466298919157,0.09441958364099264,50
1218,60,61440,-18.908410793046873,0.27152094918987585,0.20614281458417547,0.10664726667106152,50
1219,60,61440,-10.356672521509068,0.12510616816935732,0.10784139231128484,0.082027282260824,50
1220,60,61440,-12.223214952346558,0.1679654329028291,0.1739003936554531,0.07649886614410206,50
1221,60,61440,-10.128014453761867,0.11673713544533829,0.13100070827373364,0.08582315362989902,50
1222,60,61440,-11.240650023932211,0.1387674372362751,0.06593596612922063,0.0860455632423691,50
1223,60,61440,-11.203343225431627,0.142762673790995,0.15655532632261193,0.08130419071763755,50
1224,60,61440,-9.426258581254432,0.10932685516368204,0.049332649125461654,0.07919831646140665,50
1225,60,61440,-10.180067951155815,0.13179093719790436,0.09400591622906958,0.07181042182521197,50
1226,60,61440,-13.130306295577727,0.1626645582307561,0.15571761037488038,0.09994156768079847,50
1227,60,61440,-14.213562723561129,0.19952569624567282,0.12553174663694316,0.08474555822554976,50
1228,60,61440,-16.342194368253118,0.2171127425158513,0.18913221489211235,0.10973114484921098,50
1229,61,62464,-9.960529474824146,0.12130657260871384,0.12095777596103457,0.0779040168877691,50
1230,61,62464,-11.348456841151213,0.14030357237584867,0.13360585284891535,0.08666556444717571,50
1231,61,62464,-10.045187920438472,0.1311472025907481,0.13496682713542993,0.0697565558180213,50
1232,61,62464,-13.746299435020923,0.17525254787382738,0.16401473547090684,0.0996734408265911,50
1233,61,62464,-10.502184386335855,0.11677856154448511,0.037877923967603346,0.09326512618223205,50
1234,61,62464,-11.254951132596382,0.14810740808527748,0.19155448217100704,0.07699161456665024,50
1235,61,62464,-8.06159408856279,0.10505493792707149,0.08024971093456623,0.05617694384418428,50
1236,61,62464,-15.49696093007143,0.22211284620010546,0.16894028418287227,0.08782637240132317,50
1237,61,62464,-10.343374650176152,0.13479163244672596,0.18463002642315438,0.07207586055679713,50
1238,61,62464,-13.839585140492156,0.21236298764181036,0.1274688790060492,0.0644287151680328,50
1239,61,62464,-11.78679805689096,0.1550740510919273,0.14408169858109474,0.080661910045892,50
1240,61,62464,-11.043366685274771,0.13471715148999863,0.1379207379157914,0.0861501822154969,50
1241,61,62464,-12.456040041429041,0.16965623719317013,0.20715655931616322,0.07946456363541074,50
1242,61,62464,-9.847381104560062,0.1149989267756875,0.04174806909074504,0.08194869531551376,50
1243,61,62464,-13.198584719565202,0.15870469935363096,0.16857062288433075,0.10526699503767305,50
1244,61,62464,-11.752964075755512,0.1611328843227019,0.11852608865021969,0.07392639719240833,50
1245,61,62464,-8.41616931158912,0.09386377763410148,0.07820642646610522,0.07445960859768093,50
1246,61,62464,-12.004992721879564,0.16018274536910812,0.1988016595069523,0.07991710906848311,50
1247,61,62464,-10.2675802457596,0.14393704520581813,0.15701337352873854,0.06141455970937386,50
1248,61,62464,-15.053785595980834,0.20317736624615992,0.19162332900107923,0.09789834567345679,50
1249,61,62464,-12.245123899499028,0.1543922592609484,0.12794623118545612,0.0905102187290322,50
1250,62,63488,-9.644016821122998,0.1028876524135571,0.10039417987346186,0.08999268400890287,50
1251,62,63488,-10.372007559547995,0.13165541395427852,0.07865311781115263,0.07578473723668139,50
1252,62,63488,-9.12097170576127,0.11543097464826887,0.13715042064735372,0.06698845946695656,50
1253,62,63488,-12.312598700449655,0.17024920018018863,0.11076616853150338,0.07600277382880449,50
1254,62,63488,-14.521949863819254,0.21435446341582737,0.1553667607082876,0.07608453386055772,50
1255,62,63488,-10.20550561051042,0.1278230898281874,0.056529798160603294,0.07628702238202095,50
1256,62,63488,-9.930989364809939,0.12439976161099041,0.08153303179698927,0.07422002568520839,50
1257,62,63488,-13.694058973189113,0.199248683207401,0.17792706252232396,0.07463249625638127,50
1258,62,63488,-11.003407600581692,0.1348044373330484,0.13643109575128295,0.08526371467858553,50
1259,62,63488,-12.252796890083568,0.17030169329810615,0.1651759839995019,0.07475424450356513,50
1260,62,63488,-9.96571550455268,0.14176099378286816,0.08385441448516928,0.057553316308185457,50
1261,62,63488,-8.659359622533163,0.09586058274415712,0.07049207677190343,0.07732660970650614,50
1262,62,63488,-9.370606077411965,0.10742256402356193,0.057458708664205355,0.07998955752467736,50
1263,62,63488,-20.274988523018198,0.340060805302991,0.18665742053384052,0.06543896515737288,50
1264,62,63488,-10.939652544548212,0.15285614351014493,0.13504089708127032,0.06593690738081932,50
1265,62,63488,-10.626788710400959,0.12554278552031214,0.11756573952100258,0.0869929886877071,50
1266,62,63488,-15.647904050575162,0.24063218044893006,0.14178423819038138,0.07232590056257322,50
1267,62,63488,-17.22129990594908,0.26931220506020953,0.19587677908972834,0.07511379305877199,50
1268,62,63488,-14.859731051519825,0.19740236214191348,0.13527671533198704,0.09979225888848305,50
1269,62,63488,-15.311384419564193,0.20682698798604393,0.12427401847747378,0.09940070040524006,50
1270,63,64512,-11.017685469435143,0.14989349445369254,0.1751516584680246,0.0704602149350103,50
1271,63,64512,-11.708240397195055,0.16751102739436938,0.20763148978603213,0.0666537805495318,50
1272,63,64512,-10.416665063746105,0.1289618400958147,0.10186745776995984,0.07937146117910743,50
1273,63,64512,-13.267198697591,0.18903710357699136,0.04622740769187877,0.07630687037482858,50
1274,63,64512,-15.568918177610128,0.2103799832824637,0.17670972554146663,0.10099838026973884,50
1275,63,64512,-9.439168096693441,0.0982442520442181,0.11164002627749621,0.09053910988965072,50
1276,63,64512,-11.63643432357848,0.17256020267527297,0.16398757679571388,0.06016848379629664,50
1277,63,64512,-16.237589548610227,0.24538430629834682,0.1674321907448506,0.0793674846738577,50
1278,63,64512,-10.006309740420987,0.12421946593213078,0.16315989284795598,0.07590672887628898,50
1279,63,64512,-9.398881076022237,0.11508999462010715,0.08085161900240469,0.07288762690033763,50
1280,63,64512,-14.897678179908034,0.23197458761528975,0.14664091245222763,0.0659789759828709,50
1281,63,64512,-10.412708287536802,0.12842424432401886,0.13973146956245752,0.07982992142671719,50
1282,63,64512,-10.374061169054983,0.14539480229394824,0.12331368768606255,0.06208642108715139,50
1283,63,64512,-9.268775443321164,0.11337525628522176,0.18157828935715067,0.07200025258120149,50
1284,63,64512,-12.192024425612082,0.14843227133550485,0.141761726623507,0.0954082171767368,50
1285,63,64512,-13.031009267653674,0.18910887586625968,0.19042012042620432,0.07151130948681385,50
1286,63,64512,-8.077373491667318,0.10347772702598089,0.06864512475263612,0.058069742807365404,50
1287,63,64512,-12.400428376360594,0.18387977230937275,0.05824231821282311,0.06412879521783907,50
1288,63,64512,-10.584528730414078,0.1196227775063638,0.09425449205687185,0.09206779710191768,50
1289,63,64512,-9.554373086682837,0.12422783055033225,0.06795748256088109,0.06685963118332439,50
1290,63,64512,-15.608826531078579,0.24711509197214443,0.18105345903953998,0.06506143864942715,50
1291,64,65536,-16.236627050007428,0.23619604020906088,0.15545471906771016,0.08853650079108774,50
1292,64,65536,-12.119264326683421,0.16997652260206986,0.1603453063115753,0.07240876393159851,50
1293,64,65536,-7.17075206382995,0.08216986678016434,0.048490455464676965,0.06124517449643463,50
1294,64,65536,-12.411355595059353,0.17447632283115083,0.16950373658932963,0.07375078907003627,50
1295,64,65536,-11.831599237008326,0.15240435838969096,0.15672294459485503,0.08422762635047548,50
1296,64,65536,-12.811743941946633,0.1510778009682517,0.14020094921744247,0.10515707787068095,50
1297,64,65536,-16.50061817122804,0.2586055871015776,0.17017843064111193,0.0714067763229832,50
1298,64,65536,-10.92728022728268,0.151479030062475,0.17478123246890112,0.06706657448317856,50
1299,64,65536,-9.15067640338602,0.11670534392503015,0.04432486349067059,0.06630818414269016,50
1300,64,65536,-8.897024396613421,0.09123307115011275,0.052592446408403375,0.08670741678215563,50
1301,64,65536,-12.057025789160189,0.15902964974507502,0.16174734564396615,0.08211086603812873,50
1302,64,65536,-10.946527192176722,0.1530911788300086,0.20305373159805218,0.06583936501352582,50
1303,64,65536,-9.51753930577713,0.11651514196486587,0.09540426829893371,0.07383564415067667,50
1304,64,65536,-10.684195460909379,0.14995159659966562,0.12375230883716372,0.06373231261852197,50
1305,64,65536,-10.34312591119957,0.12357335638726286,0.12171929658320785,0.08328916183672845,50
1306,64,65536,-14.218772481445273,0.21547324497286333,0.17283006757247457,0.06890220465604216,50
1307,64,65536,-11.837057654440816,0.17099806883111493,0.17046737411408786,0.06574308425770141,50
1308,64,65536,-13.440936229588678,0.18931760789689103,0.13328016190007136,0.07950111669488251,50
1309,64,65536,-13.634771496888128,0.1873573313633328,0.21358465524836734,0.08533809857442975,50
1310,64,65536,-9.42107878807067,0.10713262855449153,0.05505116018745811,0.08128894720692187,50
1311,65,66560,-11.147852438783698,0.15342466957848436,0.2049343233852633,0.06953237919718959,50
1312,65,66560,-10.53909810701158,0.1489899032490805,0.1270921406512003,0.0617920588911511,50
1313,65,66560,-13.8070229814345,0.20822994827004887,0.09530181126060668,0.06791051135864108,50
1314,65,66560,-10.874135108938205,0.1440937626695959,0.16856558790255136,0.07338893950916826,50
1315,65,66560,-9.004201100411015,0.12291883659751637,0.15743725337706044,0.057165185410704,50
1316,65,66560,-7.636910400335873,0.09830964727292224,0.06318769718967801,0.054428560733795164,50
1317,65,66560,-14.422192073807661,0.220736362334035,0.1621133009823172,0.06770747914211825,50
1318,65,66560,-11.569841875567192,0.15430898774393087,0.08080268369109493,0.077087849767413,50
1319,65,66560,-11.344457558746829,0.15845828778891644,0.17874363542695804,0.06843086338602006,50
1320,65,66560,-11.749991125051698,0.16805818936036573,0.2251462697335094,0.06694163314066827,50
1321,65,66560,-11.141459463595124,0.1428761638344767,0.18635123536351397,0.07995302543742583,50
1322,65,66560,-13.205433465295018,0.2045953181953916,0.1477889982877256,0.059513351110508664,50
1323,65,66560,-11.794652266026057,0.17176794068317033,0.13239577053547216,0.06412510463735088,50
1324,65,66560,-9.847643760866585,0.12051699386015727,0.06465597416567301,0.07643588135717437,50
1325,65,66560,-12.899495272576898,0.18987577742489237,0.14509231244651163,0.06811412802664563,50
1326,65,66560,-11.115913097119318,0.1552084487289215,0.13127008762692594,0.0671098132134648,50
1327,65,66560,-8.01156092246712,0.10001575497634653,0.06997542830681762,0.06021546347299591,50
1328,65,66560,-8.702499264075284,0.11876652066935739,0.05885584610114167,0.05528346461214824,50
1329,65,66560,-12.54626558388388,0.17359294047444876,0.17044374555890868,0.07733237120322883,50
1330,65,66560,-13.169435425172319,0.17894912524334614,0.1945781615073987,0.08443958326010033,50
1331,65,66560,-9.661081294697686,0.11934462739957448,0.05572707152721226,0.07387699849437922,50
1332,66,67584,-9.747790448349656,0.10328494540612654,0.04700870101246798,0.09167086356086657,50
1333,66,67584,-10.119331269563215,0.1197850775505144,0.12421144515373585,0.08260154784074984,50
1334,66,67584,-15.483853257678714,0.21749593134174652,0.17647778411520146,0.09218113381182774,50
1335,66,67584,-10.874898804320884,0.14478078406708172,0.17513352395704557,0.07271719201933592,50
1336,66,67584,-13.701353138412085,0.1748790436071663,0.1796415947634781,0.09914801916107535,50
1337,66,67584,-13.629323168108861,0.2107312156476204,0.15983698980470148,0.061855247714556756,50
1338,66,67584,-7.706692914833391,0.10006656865367819,0.08026926715473015,0.05406728964298964,50
1339,66,67584,-8.834947160538658,0.11946171219531257,0.120244079487506,0.05723723101546056,50
1340,66,67584,-14.111580780174064,0.2060458025462449,0.11575642542470754,0.07618581305723637,50
1341,66,67584,-14.95533327064039,0.21781325977147176,0.15064477722064137,0.081293405641336,50
1342,66,67584,-12.332587381157015,0.1688707793929227,0.09261435606776057,0.0777809682302177,50
1343,66,67584,-9.690937458553385,0.11618843627179447,0.07127827560061221,0.07763031289927312,50
1344,66,67584,-12.91949280687751,0.15734444239850226,0.12233032743923844,0.10104541373904795,50
1345,66,67584,-8.203492779785408,0.11030153919081415,0.10588869975729558,0.053768316404894,50
1346,66,67584,-7.961638365127354,0.09633290711697605,0.06853483314436254,0.06289986018557102,50
1347,66,67584,-12.211281788047428,0.1722943506292259,0.19686870764774123,0.07193128513172269,50
1348,66,67584,-10.417390239600786,0.14852320682143313,0.18278718773267955,0.059824597970582545,50
1349,66,67584,-16.28483760481874,0.2405699070141068,0.1793384958917364,0.08512684508226812,50
1350,66,67584,-10.701463593670873,0.13199050721142458,0.17673707979093517,0.0820387646619929,50
1351,66,67584,-12.680895628445786,0.15597016507603237,0.16605578256393028,0.09764774749288335,50
1352,67,68608,-12.271742711267539,0.15321256611645429,0.1679723806299,0.09222228810889646,50
1353,67,68608,-12.781288016274292,0.1868363052963037,0.14014670635243848,0.06878945502918214,50
1354,67,68608,-7.684338779062735,0.09168502506548083,0.013257119086612373,0.06200175051577389,50
1355,67,68608,-8.821159221245727,0.0958043390049564,0.017891635010201155,0.08061884541995823,50
1356,67,68608,-14.137714310396014,0.19834342089640938,0.1006761224194816,0.08441086531151086,50
1357,67,68608,-9.351875811001907,0.11756846617677563,0.10635578498022354,0.06946905004326254,50
1358,67,68608,-12.457824538798313,0.16778882201327966,0.18072065805905746,0.08136766876268667,50
1359,67,68608,-9.177749977033413,0.11602858802524052,0.180648846898843,0.06752641151542775,50
1360,67,68608,-12.276793548480365,0.16731522776869562,0.11291375824867267,0.07822064320091159,50
1361,67,68608,-18.11518844751152,0.28615197924519425,0.2581824529979685,0.07615178970503621,50
1362,67,68608,-13.368808185649492,0.19374437324187205,0.15653868809151958,0.07363179047111772,50
1363,67,68608,-11.220341698099034,0.16607189541085607,0.10707213523359912,0.05833493855112465,50
1364,67,68608,-9.594067884566735,0.12230279738231575,0.1631887670363429,0.06957856030901893,50
1365,67,68608,-10.639240603007126,0.15236163338968023,0.07284100003461838,0.06042317867046222,50
1366,67,68608,-12.464021708648112,0.18565668918787348,0.09687406221382361,0.0636237449850887,50
1367,67,68608,-8.670530152366068,0.11525424564673642,0.08284004589005615,0.05815635740058497,50
1368,67,68608,-7.965330151717543,0.09997571430766054,0.07966551868269844,0.05933088872669032,50
1369,67,68608,-12.495281335821602,0.18230299705720032,0.1754141844847502,0.06760262965923175,50
1370,67,68608,-14.279682338729181,0.2127315074292042,0.16336260741936093,0.07286213934537955,50
1371,67,68608,-12.78707058762283,0.18132670894315728,0.17238564501214307,0.07441470280929935,50
1372,67,68608,-12.505565339083274,0.15902450223385278,0.14591687937540918,0.09108680454781279,50
1373,68,69632,-9.843254234470304,0.1302556576204997,0.1334488103207457,0.06660942706890637,50
1374,68,69632,-14.951970423356883,0.24070649549517353,0.15454718882314447,0.05833291297196411,50
1375,68,69632,-14.410364827218148,0.1796806811184186,0.17176753514255713,0.10852661542594433,50
1376,68,69632,-9.256287639524182,0.11731275853293667,0.1475683963951542,0.06781299425754696,50
1377,68,69632,-10.55633425671799,0.16236195990814942,0.11147524941919382,0.04876472522621043,50
1378,68,69632,-10.364507296098308,0.15224053183056238,0.11838149814801388,0.055049614091403784,50
1379,68,69632,-9.84714657188553,0.10973994132500083,0.11049930871901083,0.08720299011270981,50
1380,68,69632,-9.91162218115381,0.12228698502173088,0.156129134680715,0.07594545860134531,50
1381,68,69632,-14.253733568681124,0.2199727286253254,0.15235981785672864,0.065101942748297,50
1382,68,69632,-10.934803271299907,0.1661989279483766,0.09423148154336301,0.052497137477621435,50
1383,68,69632,-11.098477598866651,0.16801464880127864,0.08366793190558468,0.05395490317605436,50
1384,68,69632,-6.8197281429189385,0.09155479948594075,0.10655996667115808,0.04483976337243803,50
1385,68,69632,-8.44578078398745,0.10364539914723181,0.09599536259204729,0.06527021653251723,50
1386,68,69632,-12.27996588001873,0.18455760232953497,0.12704594730799526,0.06104171527083963,50
1387,68,69632,-10.254579258847443,0.13865871349810485,0.10240532169536247,0.0664328716788441,50
1388,68,69632,-14.993743950125529,0.20912963734537832,0.17680921619562798,0.09074524165713228,50
1389,68,69632,-15.252493815156086,0.2324973834377604,0.1333420760965231,0.07255249286536128,50
1390,68,69632,-10.308357521556589,0.1335030563644188,0.16959179225120188,0.07266409406671301,50
1391,68,69632,-9.044487397976209,0.10474112755219427,0.07193961631401533,0.07614862040732988,50
1392,68,69632,-7.642224909008612,0.09982644036700279,0.05181485862172234,0.053018057813169435,50
1393,69,70656,-13.981826725610182,0.21701607653328453,0.18204760662212927,0.06262045797891914,50
1394,69,70656,-10.88186894857605,0.1453662379621157,0.18423888567548924,0.07227114100940525,50
1395,69,70656,-12.092071771474624,0.17971756169278308,0.10944618597563897,0.062123873736709356,50
1396,69,70656,-11.329739098898857,0.14371513613026166,0.09850839210339754,0.08287964584771544,50
1397,69,70656,-9.278741992782521,0.1278610556026585,0.06278456591399548,0.0577137842529919,50
1398,69,70656,-12.743509317696317,0.18850582328986815,0.14194136929656148,0.06636436306405813,50
1399,69,70656,-10.580166402565258,0.15010366917968848,0.12105288137743705,0.0614996588716167,50
1400,69,70656,-9.204040296890593,0.10837946952419003,0.14668061351896727,0.07570133641362191,50
1401,69,70656,-14.844214392029828,0.23762024961565908,0.17710879914598568,0.05926403822493739,50
1402,69,70656,-11.2443225725062,0.16602474426193503,0.2112462216951046,0.05886170718818903,50
1403,69,70656,-14.91157389925614,0.22914941683733986,0.1685456165625846,0.06908206114778295,50
1404,69,70656,-11.26260900355292,0.1452647009428821,0.061335077339101735,0.07998747912817634,50
1405,69,70656,-14.284789796417655,0.2185382820309527,0.15292097941015115,0.06715751389740035,50
1406,69,70656,-8.39963965866224,0.09797437896551062,0.08156163295568983,0.07001841420773416,50
1407,69,70656,-13.217308442615625,0.212004431385099,0.1618831480535222,0.05234173746721353,50
1408,69,70656,-12.2245612169904,0.16554478974046066,0.16092650695560923,0.07894643459934741,50
1409,69,70656,-7.758122029977098,0.0978745125798917,0.12844621837866926,0.05728792801965028,50
1410,69,70656,-9.669118939211273,0.14153749787037545,0.10672893795987855,0.05184488091384992,50
1411,69,70656,-11.156568369236043,0.16729647904847222,0.0853212813677001,0.055834888336248695,50
1412,69,70656,-9.16377476974599,0.119893599741482,0.09822164574368594,0.06338189565343783,50
1413,69,70656,-10.061462175636185,0.14222187004191075,0.11001204073833203,0.059007373470813036,50
1414,70,71680,-11.012406456961438,0.15017347022382832,0.17853400263375396,0.0700746589154005,50
1415,70,71680,-15.265134568510197,0.2318412700332253,0.17709123214644695,0.07346142133697868,50
1416,70,71680,-11.963323265548551,0.17226805363377526,0.13773382706739823,0.0669984116771957,50
1417,70,71680,-8.860358978095032,0.12226618899259785,0.04471883142260139,0.054940990569302815,50
1418,70,71680,-10.767736036374007,0.14867621859273414,0.09843844390363318,0.06667850213474594,50
1419,70,71680,-9.640432674258978,0.1395352022127814,0.15419562738370615,0.053273451272398235,50
1420,70,71680,-10.212359660207984,0.13604947783324378,0.15976202978113213,0.06819771537091583,50
1421,70,71680,-12.827142804192356,0.20204203205737478,0.1788659223926174,0.054500824026472404,50
1422,70,71680,-12.62580625773516,0.1667607191652277,0.13639786448493726,0.08575540598947555,50
1423,70,71680,-12.250596354690549,0.19827895151634112,0.14957047035772877,0.046732975577469915,50
1424,70,71680,-12.062395567983339,0.18076645376843536,0.10641840723884924,0.06048145759123145,50
1425,70,71680,-9.9504490455646,0.13470490700897936,0.18816013445922883,0.06430407390231267,50
1426,70,71680,-11.093249461100184,0.14506501895163637,0.1521766096265272,0.07679997027036733,50
1427,70,71680,-14.261906273636393,0.22908562565169074,0.15772360945569391,0.05615249982103705,50
1428,70,71680,-10.835119449013133,0.16245912258200085,0.09998632795976345,0.05424326639826177,50
1429,70,71680,-13.849306322406155,0.21345888218386316,0.1558325981126483,0.06352724426425993,50
1430,70,71680,-8.861266754699711,0.11573296648481547,0.04775102934526949,0.06149236860917881,50
1431,70,71680,-14.33059145186059,0.22271680291778587,0.16927203431971663,0.0638950261194259,50
1432,70,71680,-10.241262135882613,0.1321470683691042,0.11270190131826612,0.07267817434854805,50
1433,70,71680,-6.983299629146713,0.07668413649943684,0.0028783684368670895,0.0629818560834974,50
1434,71,72704,-11.97543216275033,0.16850406828057524,0.1523952606773144,0.0710045749744313,50
1435,71,72704,-8.836662025247223,0.11869172362301365,0.1165403948481091,0.05804151688193088,50
1436,71,72704,-8.81638427369411,0.1159289892092809,0.12229936446514003,0.060398696264601315,50
1437,71,72704,-11.116020965007529,0.1786117299488173,0.14264199832952162,0.043708689351333305,50
1438,71,72704,-13.339375726956668,0.18411563745273787,0.15903644561883404,0.0826718770863954,50
1439,71,72704,-14.73133747647347,0.23963933064505788,0.19156065022316013,0.05498741888441146,50
1440,71,72704,-10.54675597061216,0.1621958001967146,0.07578911884692638,0.04873931921552867,50
1441,71,72704,-15.460950847110709,0.25689571734589517,0.22804674910491382,0.05232329959631898,50
1442,71,72704,-15.440585391453114,0.2489405120182153,0.1577140802206832,0.05987119581084698,50
1443,71,72704,-10.465686698656222,0.15080956890671834,0.15177894359144112,0.05850416506640613,50
1444,71,72704,-15.438223603757697,0.2566995101583869,0.17957048757240354,0.05206496191676706,50
1445,71,72704,-12.94857529471595,0.18944175776256514,0.17575263042873981,0.06952974813175387,50
1446,71,72704,-11.584057249892577,0.15879809656776642,0.10398796031541632,0.07288304843008518,50
1447,71,72704,-10.538566694917971,0.1594995919842623,0.13692079919181002,0.05127174191409722,50
1448,71,72704,-11.09772377431712,0.16152791855267126,0.1897175992442133,0.06042655693367124,50
1449,71,72704,-13.555221418925944,0.2098366727974529,0.18207578407934114,0.061267755581066015,50
1450,71,72704,-9.268090574722953,0.12835539560672327,0.13698706333091215,0.057006415887735785,50
1451,71,72704,-8.022414110218412,0.09720687553918461,0.0995900334273659,0.0632414066651836,50
1452,71,72704,-8.405604785541486,0.10883298519592159,0.154616096235756,0.0592791105149081,50
1453,71,72704,-9.593920306694862,0.1340992964230697,0.12685759054472173,0.05777910971082747,50
1454,71,72704,-9.346685519591643,0.12860880799061444,0.18244774964394164,0.058324902401218424,50
1455,72,73728,-9.40544662620338,0.13244578743763066,0.16642903036034837,0.055663145086437,50
1456,72,73728,-10.346560137283959,0.1567688861639792,0.15198077854388758,0.0501623165817,50
1457,72,73728,-13.773905248899633,0.21161960041488825,0.16255136102794912,0.06385850456310437,50
1458,72,73728,-9.464701361358523,0.1302603590602126,0.15923764327596643,0.05903366816695779,50
1459,72,73728,-12.464448299519827,0.18426640065442984,0.1555360101390122,0.06502256533596665,50
1460,72,73728,-10.669323118740921,0.14958312159263987,0.113513761467455,0.06380334078217857,50
1461,72,73728,-10.401821528772171,0.13642415711641168,0.18101961521969662,0.0716122734590317,50
1462,72,73728,-9.451681520507494,0.13296716102765518,0.17439369090083542,0.05606646938249469,50
1463,72,73728,-10.63273731529133,0.14766638427104367,0.030227076976520585,0.06498836203478277,50
1464,72,73728,-9.493857810503119,0.12899151913349077,0.14093588929158116,0.06088563707657158,50
1465,72,73728,-14.36089532924063,0.20916760194053716,0.19122965677620973,0.07805030464427545,50
1466,72,73728,-12.586471578345414,0.188387650293424,0.14467622799722357,0.06334178127348424,50
1467,72,73728,-11.974887074727487,0.1792508948556389,0.13845381229183742,0.06024684663891094,50
1468,72,73728,-11.373811540355058,0.14598276507897473,0.13303577448797985,0.08149346572812646,50
1469,72,73728,-16.211546880805003,0.2676593740942343,0.24427794256998775,0.05657156352186576,50
1470,72,73728,-13.351572919607634,0.19067818113311208,0.11369216816706516,0.07635327725904062,50
1471,72,73728,-7.622956906514822,0.09216278049593553,0.0180315713114276,0.0602963576343609,50
1472,72,73728,-11.182208358751494,0.15820223258061092,0.16958807395524117,0.06544193459441885,50
1473,72,73728,-7.8898484206260795,0.10273773342015344,0.08600237117985186,0.055059234992368145,50
1474,72,73728,-10.07083033057198,0.14413726116237938,0.17324277801631577,0.0572793454490602,50
1475,73,74752,-12.230298427162609,0.1872196607360786,0.20104034707431445,0.05738630780717358,50
1476,73,74752,-13.937184822088877,0.214985338594668,0.18346799123797639,0.06375835784710944,50
1477,73,74752,-8.889395527055235,0.10941392313181848,0.0863723708528877,0.0683739874092862,50
1478,73,74752,-9.7862980435887,0.1349282961863954,0.12388844170173871,0.06079766468537855,50
1479,73,74752,-7.813065043518721,0.09591474429440558,0.06126173495212012,0.06034655657596886,50
1480,73,74752,-15.502933718574292,0.24511043605083724,0.17834300425885882,0.06494823832064867,50
1481,73,74752,-10.004977938644,0.13950283778215514,0.12253689594778272,0.06059672099072486,50
1482,73,74752,-13.391930708429575,0.21387086880889555,0.20565536727977554,0.05396774535969598,50
1483,73,74752,-16.309404778196114,0.2572399378330024,0.22186023446063793,0.06894815773091978,50
1484,73,74752,-15.892203270616529,0.26296263356705185,0.317253182147893,0.05488143184527871,50
1485,73,74752,-13.901025385192291,0.20754677868339555,0.176921873786799,0.07047372902045027,50
1486,73,74752,-12.32066399409456,0.188456894828197,0.15615485242512417,0.05795638505369425,50
1487,73,74752,-10.031006499091898,0.14288640582555984,0.1944286583625916,0.057733724156278185,50
1488,73,74752,-10.421821284822048,0.1323990409905901,0.16025401185719015,0.07603738470585085,50
1489,73,74752,-8.441470596813996,0.10610125221643459,0.08745679924060046,0.06272815971984529,50
1490,73,74752,-11.983535046896913,0.17992244831992812,0.204020558638669,0.05974825261801016,50
1491,73,74752,-13.139759189975532,0.2123814651079493,0.13573078092940905,0.050413718691561374,50
1492,73,74752,-7.469757873553387,0.09438294514059224,0.051088318531848864,0.05501221233047545,50
1493,73,74752,-12.562356680203983,0.18928680817672633,0.16308656042733868,0.061960325427353385,50
1494,73,74752,-8.418953612227497,0.11667704080258573,0.1360628433742459,0.05170203144196421,50
1495,73,74752,-9.16171211838064,0.13092733770288395,0.09644423082210751,0.05230690466472879,50
1496,74,75776,-8.78308856424641,0.11921043086126412,0.05328726835295804,0.05645134042366408,50
1497,74,75776,-7.543466783298542,0.08140121815134567,0.007958727396289998,0.06946811751462519,50
1498,74,75776,-8.735624063057985,0.1069398523461874,0.06465961820953883,0.06777262891497231,50
1499,74,75776,-8.839239467296812,0.12199185508967968,0.11436025335882728,0.05479293425625656,50
1500,74,75776,-10.726516035506506,0.16907254284489917,0.15665645913300028,0.04545777786523104,50
1501,74,75776,-9.227269765202413,0.13585522680968956,0.1262679490116358,0.04869016849435866,50
1502,74,75776,-9.433334302831852,0.11696400471566142,0.09288940570522508,0.07170268134097568,50
1503,74,75776,-11.508023386137804,0.17162825714186783,0.13710761326136992,0.05853221058088821,50
1504,74,75776,-13.637806265931449,0.21867544454788937,0.1625293130614591,0.05408068077073949,50
1505,74,75776,-14.872478459376293,0.2388359489780182,0.16753443391856007,0.058613620209507646,50
1506,74,75776,-13.702831622814424,0.19766336285780445,0.20345224889747884,0.07639326959848404,50
1507,74,75776,-8.470477421792644,0.09986943810296153,0.1322285698173631,0.06954011033289134,50
1508,74,75776,-10.555823105352223,0.1565271201047532,0.1315558710512535,0.054589342002291236,50
1509,74,75776,-8.191089083647046,0.11942361502389737,0.13248050663618746,0.04439816664904356,50
1510,74,75776,-9.107345319601235,0.13318096928794854,0.17084502254264344,0.048965937104076145,50
1511,74,75776,-14.88036428229639,0.24077928937083104,0.2666700118595772,0.056827996275096666,50
1512,74,75776,-12.394661979956286,0.18163164308474797,0.16883485247773622,0.06626159651437774,50
1513,74,75776,-15.205610237021789,0.24498370722858895,0.17625569134065672,0.05912849751184694,50
1514,74,75776,-10.806686654901997,0.16409263896603934,0.18483135020073574,0.05204109413200058,50
1515,74,75776,-16.81754213891399,0.2606618675065109,0.29076352954770407,0.07568897527176886,50
1516,75,76800,-13.461773124386227,0.2108193165420582,0.19604695012031528,0.05841614594566636,50
1517,75,76800,-12.327156370143078,0.1842311381965792,0.1495045266400977,0.06231198920628231,50
1518,75,76800,-9.366988702184132,0.13019920167225574,0.13811657431422544,0.05714057237142697,50
1519,75,76800,-13.429203699148271,0.1952202389070952,0.15928194715413888,0.07336383507587016,50
1520,75,76800,-11.790287890749179,0.16335705619278618,0.1390724062178923,0.07244870162219741,50
1521,75,76800,-10.144316494902665,0.15391502955872707,0.18596895804039149,0.048971300339326264,50
1522,75,76800,-11.260828005326587,0.1641358493114276,0.07967250999462615,0.0610807107951041,50
1523,75,76800,-7.753861455696332,0.10495507850183017,0.053583015247318254,0.05012215061209645,50
1524,75,76800,-10.824253232711033,0.15843277226721944,0.16914173466463026,0.058052292387001214,50
1525,75,76800,-12.761883928829114,0.19649535214839986,0.17831739647509867,0.058742326428182425,50
1526,75,76800,-9.231560583934126,0.12041732601839929,0.08103971348765736,0.06421388566028327,50
1527,75,76800,-15.608784464913732,0.23882327250492444,0.18187804438119878,0.07335241679335013,50
1528,75,76800,-7.934897725195912,0.09899165562212577,0.061405105896527035,0.05970629888179246,50
1529,75,76800,-12.771633487474478,0.2014278804077827,0.25379694627338,0.054004789341706785,50
1530,75,76800,-10.234747113666263,0.12742801041354887,0.15271557492155582,0.07726693185977637,50
1531,75,76800,-9.757303702096932,0.14308653439987012,0.10517108111419843,0.05205953964206856,50
1532,75,76800,-7.7862382426599845,0.09643334922887917,0.04240274129530476,0.059291415624320505,50
1533,75,76800,-8.242173556704989,0.10254855850247631,0.06105658265527217,0.06229491263162345,50
1534,75,76800,-7.86618997744979,0.10566135631767021,0.055641081614351606,0.0516624432313256,50
1535,75,76800,-8.412189214251908,0.0951210991897428,0.04553123177817518,0.0731226850952953,50
1536,75,76800,-10.548369875206092,0.1544836710166268,0.2061658416021422,0.05648372648749501,50
1537,76,77824,-7.963784779046701,0.1027272332128518,0.08603737825570446,0.05654846236808225,50
1538,76,77824,-12.851753101163744,0.20040160726995598,0.1676887700905716,0.0566334547533188,50
1539,76,77824,-14.460018687945327,0.238016745704338,0.24571872051490948,0.051183628054568546,50
1540,76,77824,-14.899170568995322,0.23545335026043757,0.179757694869445,0.06253006111946888,50
1541,76,77824,-9.253151145653653,0.1230395402597607,0.14512159132482777,0.06202348265331239,50
1542,76,77824,-10.850211858092738,0.14501489262558614,0.12308309391834521,0.07198934453626862,50
1543,76,77824,-15.030368786626692,0.2254386761505429,0.1937467485057598,0.07516869958199095,50
1544,76,77824,-13.703159542857499,0.22834627770559524,0.22094281128453144,0.04571691315155477,50
1545,76,77824,-13.113461141455394,0.19210572166250026,0.19458679995299727,0.0701635011666076,50
1546,76,77824,-9.068073796191412,0.11166699468324282,0.003747994686410411,0.06969448124058544,50
1547,76,77824,-13.261992375572751,0.1885166470468338,0.22283365879260128,0.07672320046462118,50
1548,76,77824,-6.992766442933232,0.09092595369305682,0.030851634994565027,0.04892937516560778,50
1549,76,77824,-14.714153586507342,0.23621905355188125,0.20703408857158984,0.05806401817826554,50
1550,76,77824,-11.313485320024887,0.16692199330675878,0.12499729192816818,0.059347713093739006,50
1551,76,77824,-8.461975714669881,0.11902170614946343,0.11568393762621039,0.050217808143934235,50
1552,76,77824,-11.265339646267517,0.17299013000354718,0.17071731845941182,0.05231666292180307,50
1553,76,77824,-15.384484247542048,0.25348977815427465,0.1843664132458746,0.05419990679656621,50
1554,76,77824,-7.119643907135891,0.08664723424154477,0.07183284350131662,0.05574564390117302,50
1555,76,77824,-7.821746441888364,0.09452763129963954,0.002629780856105811,0.06190729753812775,50
1556,76,77824,-13.664724754666938,0.21871167022565438,0.18327140634258543,0.05458282486768439,50
1557,77,78848,-13.79576180219211,0.2186825558814273,0.20406180644389718,0.05723268016241491,50
1558,77,78848,-13.089474425360184,0.1914931452138007,0.1993500242503754,0.07029634329340297,50
1559,77,78848,-13.865440743052826,0.22279279487574385,0.22366065060118245,0.054516019985312594,50
1560,77,78848,-10.52296911337216,0.15123885702691753,0.08870479202836837,0.0592205252405256,50
1561,77,78848,-8.76453460361663,0.10751709107516216,0.06444328941417131,0.06777360099717043,50
1562,77,78848,-10.243594370101164,0.15155629810446036,0.18152308955893764,0.05331558929756284,50
1563,77,78848,-8.539937038013496,0.11130193010981698,0.1250749269454035,0.05949681065045297,50
1564,77,78848,-11.467733780790748,0.15687481761246191,0.13208154267572392,0.072479858003353,50
1565,77,78848,-7.177138480008459,0.08840471510309483,0.019405286585564323,0.05513805449707434,50
1566,77,78848,-9.776497571958568,0.1424848046112361,0.16788760158764712,0.05304514682793524,50
1567,77,78848,-9.900564508761223,0.13793301522064844,0.1929534648315044,0.060078274954576044,50
1568,77,78848,-11.74159262216372,0.18452116336567811,0.12465975205255989,0.05031068907759618,50
1569,77,78848,-9.048140588534038,0.13129077244952267,0.1231309050058704,0.04967203932115808,50
1570,77,78848,-7.900756322322041,0.09803266119229795,0.06486948057126488,0.05998246525414288,50
1571,77,78848,-9.334847412016344,0.1353913580987622,0.1851336868433681,0.051305590141564605,50
1572,77,78848,-9.139033987971608,0.11995498349364152,0.11495670290760017,0.06282569626579061,50
1573,77,78848,-9.636344052207253,0.14708562522595398,0.10656141584267714,0.045641255818190986,50
1574,77,78848,-8.645408130156575,0.10087833083511798,0.05475145091763662,0.07202983176801353,50
1575,77,78848,-7.769587995962452,0.11013383153574152,0.09902123557915347,0.045257928383507534,50
1576,77,78848,-8.316402679556925,0.08490162680653737,0.041310274575206245,0.08142642678460106,50
1577,78,79872,-7.727413683804606,0.10839918401839059,0.09873819042850839,0.04614908965770155,50
1578,78,79872,-10.86023923529214,0.1442855634659799,0.11755774069266224,0.07291922123986297,50
1579,78,79872,-7.960846450437343,0.10907709363198871,0.09017977598348,0.050139835376758125,50
1580,78,79872,-9.482227967667358,0.13705227809421644,0.02451349930477013,0.05259228125913069,50
1581,78,79872,-8.597684439480078,0.10700226375551432,0.0678695042197319,0.06495142503408716,50
1582,78,79872,-11.83519375074487,0.17660048819739743,0.16629111634588692,0.06010338681749999,50
1583,78,79872,-13.060727105696445,0.1998305752125892,0.13881012545992072,0.06138396690133959,50
1584,78,79872,-13.899592516971653,0.22008797863088345,0.20070684662961946,0.05790387170854956,50
1585,78,79872,-14.262551114711442,0.2050051621823292,0.14151452916625817,0.08024586011189967,50
1586,78,79872,-7.669729024826157,0.09157001137063057,0.050258485594016786,0.0618245691258926,50
1587,78,79872,-13.263037142411022,0.20006497370213566,0.2382604521636276,0.06519576914608478,50
1588,78,79872,-9.192069336038646,0.13414566420880342,0.1695594638398054,0.049695722511969506,50
1589,78,79872,-8.697350640633958,0.12485107409706109,0.1168553957068457,0.049095938715618105,50
1590,78,79872,-8.539037947679748,0.11693814383564165,0.11053901038621472,0.0538426151179533,50
1591,78,79872,-8.456575961680748,0.1277441622680452,0.11744067229419335,0.04138735696556978,50
1592,78,79872,-14.103337391460535,0.23409324574529633,0.19939149581390953,0.047973502083914356,50
1593,78,79872,-9.79922319870532,0.14301192079272065,0.1701688239897768,0.05297254318138585,50
1594,78,79872,-7.367146694029269,0.10107108699944911,0.08849286805420974,0.0462718468811363,50
1595,78,79872,-10.33908804314711,0.14802811322981246,0.09487328739983959,0.05875364763312973,50
1596,78,79872,-11.777448531166863,0.17792897466859967,0.12804876145866428,0.05761999595473753,50
1597,78,79872,-9.22377189702908,0.1389549137314492,0.0958061885416038,0.04552052420913242,50
1598,79,80896,-9.450157415592221,0.13878029180234522,0.15545386348673243,0.05022285650949925,50
1599,79,80896,-8.403645403425083,0.10899804810477169,0.06871583295944667,0.05907485996372998,50
1600,79,80896,-10.25449757621789,0.14615215599137404,0.10687697981314707,0.05893779553298373,50
1601,79,80896,-9.164370061069828,0.11963933251559009,0.12850636409100766,0.06364806870580651,50
1602,79,80896,-8.944738828904644,0.12168836316370538,0.19120936798455007,0.0572064134143875,50
1603,79,80896,-9.27685972249148,0.1291901491486027,0.1167436262645433,0.056347045301226896,50
1604,79,80896,-9.97646765019674,0.15314223061174603,0.17816220068377997,0.04638712239218876,50
1605,79,80896,-10.236947674591624,0.14165284124428537,0.1712464665301136,0.06308611224754714,50
1606,79,80896,-12.339498828236943,0.18081084188682958,0.11592589802247176,0.06597913467790932,50
1607,79,80896,-8.069578305287973,0.10165110201096601,0.03861121153833587,0.05974046409479342,50
1608,79,80896,-10.788390879607872,0.1568714546709344,0.17395932433720931,0.05889636292122304,50
1609,79,80896,-12.663127303508043,0.196873533225859,0.1281144822846602,0.05638901284430176,50
1610,79,80896,-10.375269093268198,0.15101417096697956,0.15598504174795783,0.05649121089838445,50
1611,79,80896,-11.07005334990606,0.15608826369895495,0.18724872980912108,0.06531280329916626,50
1612,79,80896,-11.229422289072712,0.16693577835588141,0.15661329754069242,0.05765266742557287,50
1613,79,80896,-12.713715029174901,0.19710832526660466,0.16478152914032657,0.05716597531689331,50
1614,79,80896,-12.682498909851208,0.20071717687121868,0.21583843112196255,0.05293280132580549,50
1615,79,80896,-7.4692470511707425,0.08737328810293242,0.026680664855502873,0.06201165292048245,50
1616,79,80896,-8.882952133307096,0.10978998592816015,0.05078872651248224,0.06786905673798174,50
1617,79,80896,-10.106304874244193,0.1434036187049198,0.16729189539740671,0.05872247877996415,50
1618,80,81920,-8.653525159713514,0.12537674340865446,0.11986483284489514,0.04769375978561584,50
1619,80,81920,-13.383252948268014,0.21295198728170572,0.18514338032638483,0.05471307168365456,50
1620,80,81920,-11.34801101773315,0.17829344869445335,0.15225258423323695,0.048666771660209635,50
1621,80,81920,-12.917524883196677,0.19808393102416755,0.18579609917218357,0.060266566639766095,50
1622,80,81920,-16.412084165909636,0.2662561017187548,0.20108362169007035,0.061985581599437865,50
1623,80,81920,-10.124484029510226,0.15155888833161776,0.15368090329244002,0.05093079225858674,50
1624,80,81920,-9.579442994502875,0.1441928490915826,0.20475694226145574,0.04739601079847489,50
1625,80,81920,-7.388580653072684,0.08964347759287578,0.09886714634976036,0.058128135468577966,50
1626,80,81920,-8.506329777116722,0.10379380701439116,0.039062064460168154,0.06633278852794319,50
1627,80,81920,-8.04527609927813,0.10879240700365052,0.02649467624929664,0.052113114981912075,50
1628,80,81920,-8.921322296181398,0.10951389738207089,0.09934217705938282,0.06891254854155704,50
1629,80,81920,-9.677716153602239,0.14178477160838676,0.16303393522269688,0.05176955146365799,50
1630,80,81920,-13.981011966819368,0.2281311567499014,0.15391624692908293,0.05148908258648589,50
1631,80,81920,-13.024238345169186,0.205805386536805,0.18289548043160542,0.0546793803665787,50
1632,80,81920,-11.580202134743452,0.17044697481576587,0.11902104370952576,0.061157067879103126,50
1633,80,81920,-9.056689037830825,0.13540406201162886,0.13178473306018634,0.04572971874498762,50
1634,80,81920,-7.535463633969737,0.08091372875542069,0.012342944601167138,0.06979554392397404,50
1635,80,81920,-14.423583626327892,0.22388573159556557,0.1831765609128635,0.06458594093099236,50
1636,80,81920,-7.419329803379251,0.09077922558296475,0.05474059412467482,0.057607370484620335,50
1637,80,81920,-7.711084024960247,0.09622641040902727,0.019234384185226886,0.05799527009017766,50
1638,80,81920,-11.987504848301905,0.19114125662587175,0.18513343535457494,0.048608840340166354,50
1639,81,82944,-11.58505729210902,0.18431370323940438,0.1414257117155038,0.04738744260277599,50
1640,81,82944,-9.163458579698867,0.1322839713268087,0.12690293314072323,0.05098520026716869,50
1641,81,82944,-9.813286721786818,0.13499523446997835,0.16900657667930485,0.06127049996575806,50
1642,81,82944,-7.876400488027683,0.10865241408848302,0.08740187757922165,0.04887559567207063,50
1643,81,82944,-8.932361982630626,0.12130487914864103,0.15382052614272199,0.057342360503971575,50
1644,81,82944,-8.156062061428104,0.10115935447500109,0.06117163921942451,0.06196188675356098,50
1645,81,82944,-9.218871813828867,0.12090296983444684,0.10793429949267844,0.0634744664421305,50
1646,81,82944,-10.501978007983174,0.15700800636363665,0.16586244987731638,0.05303155379602686,50
1647,81,82944,-11.474782614281093,0.1671735663364953,0.20841298284268017,0.06232208594912663,50
1648,81,82944,-9.853036836654407,0.14262928357214655,0.1801583759664317,0.0544314531609416,50
1649,81,82944,-15.65840946840007,0.2656547353359872,0.29750640474574813,0.047513454032014124,50
1650,81,82944,-7.83456531680435,0.10112051555677581,0.07419371768888201,0.05557079077931121,50
1651,81,82944,-7.407123856133649,0.09370000297822025,0.07472739608520299,0.05444247414445272,50
1652,81,82944,-16.35443163844593,0.27298398015574993,0.2569579492723779,0.05410465261316858,50
1653,81,82944,-7.911078685654743,0.10678527850643635,0.04009119927481347,0.051436295206658544,50
1654,81,82944,-8.104404071878701,0.10740197990049265,0.03639030065279087,0.054686101537081415,50
1655,81,82944,-7.306912861378682,0.07430538100117458,0.075254554688547,0.0718328762263991,50
1656,81,82944,-12.99130882011605,0.20273573974792275,0.1702065428262714,0.05709043665439822,50
1657,81,82944,-11.544180847984132,0.17746913377871454,0.20477035957407105,0.05341448318096809,50
1658,81,82944,-9.622551982432293,0.1300770116587829,0.1223071300532271,0.062374027989862954,50
1659,82,83968,-7.37671622378067,0.09003620479260845,0.0437773297679972,0.05749811968300492,50
1660,82,83968,-12.779113704695485,0.19018665835043652,0.17982947219033457,0.06539561574347318,50
1661,82,83968,-10.125707520852576,0.13349300251772195,0.13571884627268363,0.06902114789932966,50
1662,82,83968,-8.311781531533732,0.1089361055925683,0.13542354349172822,0.05729952503810637,50
1663,82,83968,-8.75214851100576,0.11337341920998804,0.10984386289973068,0.06166955101012718,50
1664,82,83968,-8.59526745106552,0.11413867498375327,0.06688638394986691,0.05776667403755709,50
1665,82,83968,-12.884507693006805,0.19847765963303218,0.14358426932413568,0.05921249422710389,50
1666,82,83968,-12.835804363666846,0.20690279178928203,0.15356964566854175,0.04981329548405483,50
1667,82,83968,-8.834818793309342,0.12503679015079894,0.07948456665720566,0.05165958571538795,50
1668,82,83968,-10.49976822444442,0.15496172899063101,0.1442334575501294,0.055033635498257356,50
1669,82,83968,-13.35468895670082,0.19733365511187528,0.1715225502293103,0.0697601240221411,50
1670,82,83968,-7.88852912502293,0.09618699745050155,0.06130306424188156,0.061583585049957035,50
1671,82,83968,-9.05952629282748,0.13332363813741202,0.06594257553156126,0.047866887719137594,50
1672,82,83968,-9.415605550610248,0.1294274452650318,0.08852303208911173,0.05888466574717313,50
1673,82,83968,-9.567973993591249,0.12635816161964528,0.13168353399366423,0.06500131825217977,50
1674,82,83968,-11.24375207828333,0.1611468585094387,0.12427845501237882,0.06372818305622786,50
1675,82,83968,-10.335441225592263,0.14811231036570685,0.10168669691708498,0.05859651414613836,50
1676,82,83968,-8.758682736593615,0.11906717553133768,0.1127253387524347,0.05610647920053452,50
1677,82,83968,-8.526061675032002,0.12568157512085248,0.10900410544129906,0.04483965837978758,50
1678,82,83968,-10.666775987557765,0.16500979672334484,0.18846826701183697,0.048325723027810456,50
1679,82,83968,-8.302123449302126,0.09914906433833458,0.0664266015828775,0.06689340464770793,50
1680,83,84992,-6.8252506833386395,0.0855665335242688,0.039973307335385025,0.050938480142503975,50
1681,83,84992,-8.363512519826536,0.10780945326360651,0.07479419415921518,0.0594607971329242,50
1682,83,84992,-11.604110683854588,0.168140605723635,0.18924497358604633,0.0639416079534567,50
1683,83,84992,-16.706751047414365,0.2763362963407229,0.2774724626931685,0.05779872460756451,50
1684,83,84992,-11.84280266709551,0.1748582078430652,0.1628057589590954,0.06199784549884498,50
1685,83,84992,-8.486376499866124,0.11709978433543795,0.08347250956118565,0.052627745661884544,50
1686,83,84992,-8.24661307188857,0.08948859444599368,0.011553488247553551,0.07544366699177772,50
1687,83,84992,-10.349639371350959,0.14143613924899306,0.12793871347828192,0.06555664817802608,50
1688,83,84992,-9.876660150520411,0.1383100958503392,0.15450689025215267,0.059223107160069045,50
1689,83,84992,-7.912963225895419,0.10626088448414338,0.1098844289499065,0.05199838003376499,50
1690,83,84992,-10.940791218529156,0.16495289339309893,0.14118650422150675,0.05386293097748421,50
1691,83,84992,-15.339360469567756,0.25336871175490666,0.1813246144222209,0.05341849763644859,50
1692,83,84992,-9.569280686333082,0.13452144711299344,0.08570565136945701,0.0568641666136682,50
1693,83,84992,-11.505917702816038,0.1786157809715943,0.20351199944748738,0.051502573084726465,50
1694,83,84992,-8.819252120912243,0.1254306525923159,0.12789750081927384,0.05095438982592895,50
1695,83,84992,-11.080630121592,0.1596988119344932,0.18528844080802118,0.06191379049734678,50
1696,83,84992,-7.596492816909698,0.09591429432877828,0.07757345290134769,0.05601556200941559,50
1697,83,84992,-8.276989751582166,0.10762292522179226,0.10214298554548774,0.05791686980985105,50
1698,83,84992,-12.97949552648158,0.21394874188614402,0.2508413411117724,0.04564116864348762,50
1699,83,84992,-16.19933670878421,0.27435084683993116,0.22093678482900278,0.04963588733575307,50
1700,84,86016,-8.681263749214446,0.11840540004813294,0.12961062730133158,0.055219874936155974,50
1701,84,86016,-12.612895614684813,0.1930898604585468,0.19747332147288887,0.059168051835149525,50
1702,84,86016,-7.915484316413002,0.12576209672142172,0.1910484810260136,0.032547589606838304,50
1703,84,86016,-8.253171396481386,0.11077786557106403,0.12497267039249192,0.054285562358563764,50
1704,84,86016,-13.385992884893536,0.20350982957103486,0.22467546701754698,0.06421002812683582,50
1705,84,86016,-14.050182205421676,0.22822043250376875,0.19364271298523655,0.05278321160466476,50
1706,84,86016,-8.95391097073806,0.12852856189619322,0.13889472660041574,0.050549657518567985,50
1707,84,86016,-7.511254899849842,0.09030079173168551,0.01664854209679773,0.05992430626531132,50
1708,84,86016,-12.857631789672489,0.20732313162713104,0.14006623641811627,0.04982950416631866,50
1709,84,86016,-12.91948884998723,0.2026284818594894,0.15192765886253537,0.05576129514025524,50
1710,84,86016,-12.438754762589431,0.20229065465291893,0.11064239717128314,0.0464844405988697,50
1711,84,86016,-7.098694150354513,0.08840192560609034,0.004158039611071222,0.053571957400999966,50
1712,84,86016,-12.674419531197259,0.21204941402550737,0.17305848778897578,0.04143897659843788,50
1713,84,86016,-11.914263211349576,0.1877304430576384,0.1164966599528476,0.05055482116935309,50
1714,84,86016,-12.020877906251314,0.1912553606930112,0.13759963867769387,0.04916219743201509,50
1715,84,86016,-12.401866471667363,0.17924698780864814,0.16981203270774964,0.06879034162469906,50
1716,84,86016,-10.253326264062855,0.14560872414116896,0.11880497394184338,0.05945780114008812,50
1717,84,86016,-7.556828838570454,0.09503381191347618,0.06355177970169745,0.056102764857932926,50
1718,84,86016,-10.72847126357113,0.15402550729743109,0.167945695086936,0.06054391797399148,50
1719,84,86016,-8.233105784707844,0.11610394304538425,0.13568141907107115,0.048558172648772595,50
1720,84,86016,-8.034003365905074,0.1022034359735726,0.12238417605696221,0.05847663134452887,50
1721,85,87040,-12.217041246264085,0.20088174581888515,0.1730418885699864,0.04345907910639653,50
1722,85,87040,-10.63460948912333,0.15694235397160966,0.09985343570678033,0.05574983581085689,50
1723,85,87040,-12.232998550251807,0.18470434562348262,0.18126929495846622,0.059955625381553544,50
1724,85,87040,-11.359865861660964,0.17057626200737755,0.1410220451825907,0.0566210552258417,50
1725,85,87040,-8.892317569543286,0.12557477114499596,0.10199139535290351,0.0522715802458697,50
1726,85,87040,-7.5014313164305415,0.09543250588355315,0.08226369667335469,0.05459612044505775,50
1727,85,87040,-13.347174481350988,0.21168844438580908,0.1741537372188167,0.05525504524121061,50
1728,85,87040,-9.79888313149803,0.1425503682187298,0.17949677985740578,0.053427294411230834,50
1729,85,87040,-8.633932560375996,0.11709832210179628,0.07256743334108734,0.05558032910572365,50
1730,85,87040,-10.710888684623896,0.15668973327640484,0.11979996825023845,0.057528040416073054,50
1731,85,87040,-8.576405354388896,0.12021498067928293,0.11014543073339729,0.05131312640849501,50
1732,85,87040,-9.72908398340763,0.14297777212992385,0.09519194754331249,0.05160390753822867,50
1733,85,87040,-7.878994179157929,0.10553806273636955,0.09962778880306793,0.05204182084678905,50
1734,85,87040,-9.161730280960674,0.12995596206397272,0.1547320722682232,0.05327864355524071,50
1735,85,87040,-13.560037833724355,0.21087372375823926,0.18319282157208389,0.060327032916247844,50
1736,85,87040,-12.31803143228578,0.18831310388058178,0.11814262349419263,0.058047524765133855,50
1737,85,87040,-7.0989308969790015,0.08543033070961836,0.040182200141574996,0.05654828722996172,50
1738,85,87040,-14.279946052416234,0.22879511155620347,0.18542302891478346,0.056803809492121216,50
1739,85,87040,-10.04201476035285,0.15558833571460456,0.21230037009192043,0.04525195949245244,50
1740,85,87040,-10.584278755294921,0.15423117444729093,0.16674237363917807,0.057454400658607484,50
1741,86,88064,-10.549252667020832,0.1662637163758951,0.13185841369971538,0.04472133696452147,50
1742,86,88064,-12.169462765122981,0.19449662069542303,0.13502132428615582,0.0488926346070366,50
1743,86,88064,-15.047156650363517,0.24074997690552943,0.17888168788664313,0.0601931561017409,50
1744,86,88064,-10.550575429783773,0.15643686477165877,0.18012064033825337,0.05457464382401667,50
1745,86,88064,-8.150353251153577,0.11026969935070677,0.11755631580423537,0.05273736567236483,50
1746,86,88064,-11.044839203141686,0.1644556170053419,0.17043958437539716,0.05644116705749184,50
1747,86,88064,-8.130816654287738,0.11207357102976166,0.1287108274503848,0.05054276205599308,50
1748,86,88064,-12.697400942949978,0.1878156364914948,0.17455273268461585,0.06613238236750477,50
1749,86,88064,-11.25870446568614,0.17330745754973556,0.20264520676723904,0.051866631763987245,50
1750,86,88064,-10.603035851397697,0.15862281912038392,0.19871764458735913,0.05343789790757,50
1751,86,88064,-13.834779362512391,0.22675278302918409,0.1709971172614725,0.049942804221063855,50
1752,86,88064,-8.233467907122748,0.11461824834612325,0.13425437193268733,0.05005110979633173,50
1753,86,88064,-11.168110681914419,0.18110951281935297,0.1262432796724105,0.04225270081893541,50
1754,86,88064,-11.85222151678164,0.1692697036011362,0.19294148672280947,0.06777472673449665,50
1755,86,88064,-8.940068898871647,0.1217900577822721,0.1319578539427658,0.05701132019516081,50
1756,86,88064,-11.79933540232887,0.18600199177296597,0.11802443677106764,0.04998471627361141,50
1757,86,88064,-9.721897501949684,0.1489428021453227,0.1086394640599804,0.04549514789367095,50
1758,86,88064,-9.539146300085832,0.1303893758944611,0.1301214399578475,0.06039355010725558,50
1759,86,88064,-9.269265734602016,0.1295582251357803,0.1707564503787526,0.055827089556260034,50
1760,86,88064,-10.233784613812492,0.12239623550387398,0.08554014855222036,0.08227945677237586,50
1761,86,88064,-9.929023558224793,0.15188581963902822,0.21017201483762027,0.04669465152546763,50
1762,87,89088,-7.494627774207339,0.08801961926237581,0.07124084639295208,0.061872936221770945,50
1763,87,89088,-13.024351603539923,0.22111826696111414,0.1622068765777989,0.03936876510968432,50
1764,87,89088,-13.102167622210121,0.2080422529468246,0.1549275325078922,0.05400109949737782,50
1765,87,89088,-7.961601833389745,0.10805995010317465,0.11657886625105232,0.05117208656462026,50
1766,87,89088,-9.91585215072707,0.1407686457659306,0.17859172317740743,0.057548397248610855,50
1767,87,89088,-10.714823906032889,0.15796156409573844,0.12331223860108409,0.056334914024919275,50
1768,87,89088,-11.40244238482319,0.1793897496307727,0.1475693051504746,0.04865909806569107,50
1769,87,89088,-14.414437663605606,0.23814659892775464,0.17416940310238496,0.05014215434435755,50
1770,87,89088,-7.534568719232306,0.09793144298515921,0.08296993505641491,0.05275993139948696,50
1771,87,89088,-12.366273653271243,0.1982570586408788,0.12264132510037001,0.04906841442454606,50
1772,87,89088,-10.032769825549494,0.13942595691849158,0.13856473349351983,0.06122943959249824,50
1773,87,89088,-15.029209547305664,0.2603765880871042,0.1806034630363536,0.04020760285900906,50
1774,87,89088,-12.29281776261913,0.19592517730785564,0.13320749578818303,0.049931177944527005,50
1775,87,89088,-7.9088299805621345,0.09962617730087917,0.05615846027185456,0.058550422310363504,50
1776,87,89088,-8.1048691698983,0.10682756693004922,0.08076385002735871,0.05526981646791682,50
1777,87,89088,-15.987051401289607,0.27258217700899917,0.22697047471344775,0.04715885101679305,50
1778,87,89088,-13.061022621742358,0.19526669607823532,0.15604041167765267,0.06595375635661185,50
1779,87,89088,-10.901758301818413,0.16354337839040237,0.15221606939797547,0.054491787645965815,50
1780,87,89088,-11.306726954449173,0.18058074875402214,0.1338269622131352,0.045553790334961375,50
1781,87,89088,-9.291844761848196,0.13866092615945683,0.1510386480384284,0.047175969077507034,50
1782,88,90112,-12.117790939320955,0.17833417518599248,0.11070543168334064,0.06402164360042661,50
1783,88,90112,-13.432654599148835,0.2154929124659776,0.16178105524875985,0.05316017951699905,50
1784,88,90112,-8.676297537758453,0.12003188861060511,0.06496195126429752,0.05349406214456394,50
1785,88,90112,-9.112091869935192,0.13357039990145309,0.12113080795127137,0.04867143749725074,50
1786,88,90112,-10.419256264562854,0.14953989104165508,0.18538885462667828,0.05884523424960207,50
1787,88,90112,-18.418177195980633,0.30591925688632676,0.1549369266407344,0.062444287033285945,50
1788,88,90112,-9.641451605032652,0.14849252331574422,0.08710381129997945,0.0443365087849088,50
1789,88,90112,-9.700767725277759,0.14054102253127046,0.17527548841637527,0.05347433197428472,50
1790,88,90112,-9.262068157975,0.1342639640696025,0.11329765957748729,0.05097739908989752,50
1791,88,90112,-11.16123005747803,0.15015401794109645,0.1856940766001916,0.07307058320846409,50
1792,88,90112,-12.884816544772415,0.19286909827041834,0.1651300179749097,0.06482723262502986,50
1793,88,90112,-9.657177063559322,0.14436001130923914,0.14708222042780927,0.048783529961947354,50
1794,88,90112,-9.842989032534524,0.14745472516019348,0.11556587012530824,0.049405055490497035,50
1795,88,90112,-12.224642270731149,0.19052159745520655,0.1756295158644092,0.05397124795941636,50
1796,88,90112,-11.341241259009813,0.1763166528602272,0.17285553710765644,0.05050817231996916,50
1797,88,90112,-8.938250549369654,0.12733504678586827,0.12925329174759306,0.051429964201524854,50
1798,88,90112,-8.857417840055287,0.1207623393044081,0.14003430944188142,0.0563860174966976,50
1799,88,90112,-10.096647305670679,0.15650176012004768,0.14443722786042568,0.045431185993365944,50
1800,88,90112,-8.20925822623563,0.117850428685085,0.10163221863752409,0.04633473583962768,50
1801,88,90112,-11.137652496969709,0.16589788831396787,0.10260180320395554,0.05685516162542626,50
1802,88,90112,-9.148699198357631,0.13009261688165105,0.14718168949088528,0.05288136708550155,50
1803,89,91136,-12.800005661466543,0.19210719699209378,0.17487600003698647,0.06389291623723693,50
1804,89,91136,-8.002432094996866,0.10086226689150703,0.0909694534183342,0.05918637500843033,50
1805,89,91136,-7.153796987060604,0.09457221149768974,0.06713808540952354,0.048503728243522344,50
1806,89,91136,-8.183152570656725,0.10646899539697433,0.09458913755813225,0.05719405601616018,50
1807,89,91136,-7.156412049838407,0.09412425754187287,0.04047620686229501,0.049003983454895206,50
1808,89,91136,-6.999427438385849,0.09842298366521614,0.06024865175752591,0.04156556510250084,50
1809,89,91136,-6.417772309060975,0.07532522389824176,0.0057261895622277605,0.053030222282977775,50
1810,89,91136,-7.707597150667079,0.10373588034351304,0.0804231570664604,0.05041606266982854,50
1811,89,91136,-7.689395777689293,0.10338888343505563,0.10097801962926858,0.050399032118730244,50
1812,89,91136,-13.494946846049258,0.19961313998694494,0.1546352437134868,0.07028579693404026,50
1813,89,91136,-10.301888044923974,0.15325124665513565,0.19712337884952494,0.052786514243343845,50
1814,89,91136,-9.509629530852072,0.13747335296164023,0.15544657967391273,0.05271923765540123,50
1815,89,91136,-8.386717971453104,0.11459649891437283,0.13213023621805137,0.05313786051468924,50
1816,89,91136,-8.249364594807956,0.11564113407619513,0.1512481996292392,0.049346157819963994,50
1817,89,91136,-10.288795659293774,0.13951848243080792,0.16716835716540532,0.06625743075506761,50
1818,89,91136,-8.79049923569802,0.11954660170402372,0.07805201001121662,0.05626338300993666,50
1819,89,91136,-7.900910775804781,0.11119822245415074,0.11685453209307128,0.04681999306194484,50
1820,89,91136,-12.469483834963766,0.2008968688194642,0.18252349928352996,0.04849280787981115,50
1821,89,91136,-9.040515701316894,0.1285537684901178,0.06186208200416882,0.05225654553622008,50
1822,89,91136,-12.717162122968722,0.20822328405492274,0.18356315415411417,0.04611995840445161,50
1823,90,92160,-8.110964361368637,0.11272305932233488,0.12351361194094353,0.04949622790503781,50
1824,90,92160,-6.985052272705137,0.0866650095866948,0.0553471126590274,0.05303603586740792,50
1825,90,92160,-7.515727639243823,0.0983127772805537,0.09923982435023955,0.05200177550432272,50
1826,90,92160,-8.963739763290393,0.12425771730107726,0.15334182223590753,0.055017077964730564,50
1827,90,92160,-8.12295585843084,0.11992979227012056,0.13451778200499653,0.04252932489849627,50
1828,90,92160,-11.11018872812117,0.16297923621567087,0.187302849513112,0.05922453834675252,50
1829,90,92160,-11.551632291790858,0.18868131843935362,0.1386522738501077,0.042351327396463606,50
1830,90,92160,-9.721082113667013,0.13666936962716456,0.13176813041161195,0.0577522726461757,50
1831,90,92160,-7.782849205266515,0.11113838371503755,0.11278726034996106,0.044518600390292706,50
1832,90,92160,-8.563032394735464,0.11744372528472397,0.0921519829418277,0.05381692260998534,50
1833,90,92160,-9.79022145757011,0.12507415251508858,0.1480699876742213,0.07073027663631365,50
1834,90,92160,-7.7983090739993415,0.11483618933498958,0.1132574455431013,0.041129992144997234,50
1835,90,92160,-7.958475440479774,0.10849495803881361,0.128112726478827,0.05067455077078194,50
1836,90,92160,-11.98851938480067,0.1922490570073991,0.17200343893155137,0.047521330688614395,50
1837,90,92160,-7.298106960145937,0.093865773646565,0.007577373338081925,0.052096365556353705,50
1838,90,92160,-9.921402008277347,0.1385619123816487,0.13832540734793583,0.059866127783898264,50
1839,90,92160,-7.838796489267406,0.10435146148751669,0.03048000437297168,0.052424468297831484,50
1840,90,92160,-10.156753196523848,0.15023904304305744,0.1577915570954111,0.052896020887419584,50
1841,90,92160,-10.04097701506037,0.144289944994133,0.17990997526942437,0.056529595307074486,50
1842,90,92160,-12.212290954365667,0.19114870297425507,0.13755881428313935,0.05309711611305829,50
1843,90,92160,-8.908594050529363,0.1330248863849033,0.1496607820279519,0.045146994625683876,50
1844,91,93184,-8.385192078913757,0.11119884259352855,0.114037034031268,0.05650499898474663,50
1845,91,93184,-11.657290767846442,0.19326425819594037,0.13649894396903536,0.03988155716098845,50
1846,91,93184,-8.668060849366649,0.12726928896104325,0.10454459216230325,0.046091928026289676,50
1847,91,93184,-10.943323829282061,0.16716302043201373,0.18111350869443466,0.05170345615362749,50
1848,91,93184,-9.01939709637163,0.13421041074408455,0.12973327450961844,0.04617753118334804,50
1849,91,93184,-13.701576544781334,0.22268339776874174,0.17184642700445993,0.05134813312688493,50
1850,91,93184,-7.786358508136001,0.10233283845649785,0.07102194424472151,0.053394331706222146,50
1851,91,93184,-8.738263533454528,0.12415279606830602,0.12049335407123245,0.05061247460078448,50
1852,91,93184,-9.318944998931585,0.12305754743404183,0.13475846161473526,0.0633213525445899,50
1853,91,93184,-14.853941725469316,0.24224161580126044,0.18104108559854307,0.05483721870812588,50
1854,91,93184,-8.314127671160145,0.12842105205910737,0.168124142258895,0.0378615013640956,50
1855,91,93184,-11.055275574915617,0.17169821072267452,0.1336507405601891,0.04940730077563785,50
1856,91,93184,-9.515117916683415,0.14224895727000622,0.09898019723577091,0.04805340106366202,50
1857,91,93184,-11.017540206729386,0.17180894826983706,0.21033736269098935,0.04854185586475069,50
1858,91,93184,-7.27294111404105,0.08907970297634654,0.045045096941171286,0.056379119304474444,50
1859,91,93184,-10.406538584760785,0.1605376706335679,0.18689875535513886,0.047593101061647755,50
1860,91,93184,-8.987980545110029,0.13163167702072218,0.1396140290777568,0.04812793388147838,50
1861,91,93184,-9.575999295857214,0.14219974085560888,0.1700749609991493,0.04932024506153539,50
1862,91,93184,-9.57495373807743,0.13953415416067239,0.15484716749192637,0.051964920600876215,50
1863,91,93184,-9.592818210950417,0.14457832439106544,0.18975018007667332,0.04727803982794285,50
1864,92,94208,-7.73442270864652,0.10690258540568891,0.05810869463141522,0.04778586876724148,50
1865,92,94208,-7.646234156957248,0.10012572265027327,0.01442850861374022,0.05279896048887167,50
1866,92,94208,-13.851295383622249,0.22514806885222596,0.16688242937230352,0.05187783882021904,50
1867,92,94208,-13.288899089489103,0.2172893979130307,0.18239313804706914,0.04848858387675136,50
1868,92,94208,-8.567989102608085,0.13047997342334647,0.1133947397481532,0.040879808628815226,50
1869,92,94208,-8.246755396145286,0.12040735819519277,0.12084817815651468,0.044527749727712944,50
1870,92,94208,-8.168869096333381,0.12032764960339737,0.08413326109098443,0.04304973232327029,50
1871,92,94208,-12.198712656106869,0.20362930210437763,0.14665774045477645,0.04034495101775974,50
1872,92,94208,-8.250570484018164,0.12413557624537921,0.14324182500064866,0.04087583343498409,50
1873,92,94208,-9.001901820539308,0.12263196318419267,0.06688629266598234,0.05740607322659343,50
1874,92,94208,-9.444735798656126,0.14122326149879258,0.1118221008403287,0.047671454474329945,50
1875,92,94208,-9.995772975716475,0.1558245274840987,0.1965362506448228,0.04409093203023076,50
1876,92,94208,-13.836863143151776,0.2305865620545328,0.16801864515163484,0.04615070080850273,50
1877,92,94208,-12.327061472608694,0.1981830740609949,0.18139466734528947,0.04835815539117903,50
1878,92,94208,-11.50475655458415,0.17781718102460997,0.08650411058217225,0.05227795006707311,50
1879,92,94208,-9.123018010560898,0.13331035360776838,0.1509581624531946,0.049150006603449585,50
1880,92,94208,-12.484152157110051,0.1958714294995903,0.20030269703018555,0.05381161364261061,50
1881,92,94208,-12.496855869053404,0.19207864208337855,0.15863694315294585,0.057858475297689435,50
1882,92,94208,-9.084887293168924,0.14259697444725428,0.15510576872024726,0.03910077141612419,50
1883,92,94208,-13.265140094748881,0.2194818138869237,0.17845712563907873,0.045820988008053974,50
1884,92,94208,-11.514843414936378,0.17233788494352578,0.16432235521327102,0.05795898335520178,50
1885,93,95232,-9.115757023858265,0.13565382915434213,0.15058107217856082,0.04666131132282317,50
1886,93,95232,-10.848669540349418,0.1690830203025234,0.18232901873331384,0.04789037050446496,50
1887,93,95232,-11.363598745285863,0.17948750374545067,0.12065620067047443,0.047784471160266545,50
1888,93,95232,-14.917921800087266,0.240642070589402,0.24481167339529875,0.05771636541234329,50
1889,93,95232,-10.638540509272605,0.15796386181433694,0.15295840729595964,0.05480694837111514,50
1890,93,95232,-10.45477596994846,0.15972547072887097,0.1846508131901663,0.049370048670098185,50
1891,93,95232,-9.034923194912828,0.13198993786248578,0.14354974392202063,0.04870852603577078,50
1892,93,95232,-11.31089878003118,0.1856298337671916,0.21814976092395663,0.04058814183343202,50
1893,93,95232,-8.641819951414115,0.12270957371100753,0.0894262485320454,0.050126825317274776,50
1894,93,95232,-8.918111240197177,0.12519663356122035,0.13141589990258687,0.053165591242723166,50
1895,93,95232,-7.313465787624361,0.09248973023850247,0.05886281988069513,0.05377958551398478,50
1896,93,95232,-9.11218742825836,0.14325483425091723,0.08071723317750669,0.038988914314249994,50
1897,93,95232,-11.079257557448129,0.15895209122833584,0.14200599052474747,0.06263305992062669,50
1898,93,95232,-7.1259571487821916,0.09590289206577893,0.050646723145374946,0.046616250909864904,50
1899,93,95232,-11.41339302492016,0.17943843550131006,0.2029621834525544,0.048829424997093154,50
1900,93,95232,-8.650836744613033,0.11993015987435514,0.01733860689684355,0.05308657501790549,50
1901,93,95232,-10.412275148531503,0.159121395167412,0.11004420103362177,0.04912410780321807,50
1902,93,95232,-8.184727767179453,0.10027371249399777,0.06034745328863899,0.06342084284959128,50
1903,93,95232,-11.47820585214679,0.179424481458153,0.14612126939330033,0.05013963558478281,50
1904,93,95232,-10.288957950034884,0.1543481038199692,0.1801497230820581,0.051431055180728436,50
1905,94,96256,-9.402797508920205,0.1400477409117042,0.16083152075715684,0.04800820926669985,50
1906,94,96256,-8.02337246393979,0.11836061658453355,0.0984300275918621,0.04210683269426227,50
1907,94,96256,-8.177078701359902,0.10861545765031566,0.05801248963060135,0.05492611637688242,50
1908,94,96256,-8.893570386756277,0.12776820391727275,0.13495194992594167,0.05010320381785277,50
1909,94,96256,-7.52033821890034,0.10302312277739797,0.07690714930230007,0.047383641600608824,50
1910,94,96256,-9.643802998530601,0.14009907782546097,0.1558118481316199,0.05277698214515112,50
1911,94,96256,-12.895570069937488,0.19634035497174282,0.13998464216171982,0.06157104642700688,50
1912,94,96256,-11.45969674627448,0.17347578516556642,0.17137372531251896,0.055718149759923105,50
1913,94,96256,-10.552782855938153,0.16884455738726004,0.20134875639321523,0.042211099731503054,50
1914,94,96256,-9.819048337780913,0.14451674823701469,0.1402069622076743,0.051864218518603594,50
1915,94,96256,-7.489227772933414,0.10739394765484114,0.0786440998934463,0.042390607803827154,50
1916,94,96256,-13.777402270267459,0.2262283247017063,0.15648454754429453,0.049319720703642815,50
1917,94,96256,-10.499953914608286,0.15502913825097384,0.13895611061684243,0.05496994004119188,50
1918,94,96256,-11.705035442317326,0.17920154157454998,0.1499701837469558,0.05489916727179661,50
1919,94,96256,-10.803075804603022,0.1567135402041202,0.1775004453432912,0.05934797588794027,50
1920,94,96256,-7.423939588778513,0.09499408793651223,0.0877195978043068,0.053484703839058054,50
1921,94,96256,-13.869053856274697,0.21657664879766533,0.18196052934885174,0.06080442832782865,50
1922,94,96256,-8.00911061883034,0.11672899249730459,0.09750493855454319,0.043453219879302195,50
1923,94,96256,-9.527690123746702,0.15094804848737214,0.18868661475012077,0.039605753987561915,50
1924,94,96256,-13.411389046429823,0.21891035171853712,0.19331438622477098,0.04931742921005935,50
1925,94,96256,-9.515708449276902,0.13734587018338573,0.1295929234209436,0.05296829880215228,50
1926,95,97280,-10.925757966115848,0.1666587525349066,0.192050672100056,0.05185640678741038,50
1927,95,97280,-13.335195471302692,0.21907315162554672,0.15472721430240352,0.04763075780050713,50
1928,95,97280,-11.817867791331198,0.18940505773920688,0.20503136848246079,0.046952298087417146,50
1929,95,97280,-6.163815479035834,0.0801212896454962,0.030392015336087368,0.04315501993522048,50
1930,95,97280,-8.937788747737471,0.13753313164733924,0.07374967316140747,0.041222643307410184,50
1931,95,97280,-13.360129859779333,0.2073206087845159,0.13927514876322994,0.05988198841107078,50
1932,95,97280,-8.040648872098819,0.11114166595908738,0.0899719503624558,0.049671311482888995,50
1933,95,97280,-11.768872923341634,0.1904573665525868,0.1734981016378696,0.04492009191424586,50
1934,95,97280,-11.309829435098672,0.17172186729422273,0.18789905547189784,0.05447472140775062,50
1935,95,97280,-12.059450863582217,0.18807642050694948,0.18392303922417266,0.0531125967646949,50
1936,95,97280,-9.022714289217438,0.12865926077282425,0.16088264210592884,0.05179502501152456,50
1937,95,97280,-9.634802604151144,0.13842778840419975,0.16951561716633687,0.054268263678823134,50
1938,95,97280,-11.146623222507735,0.16834714104772946,0.1443764617890555,0.05458532340242527,50
1939,95,97280,-13.488865691290217,0.21686093693123154,0.14932668111661798,0.05291637689457275,50
1940,95,97280,-10.95291117540808,0.16677967807450622,0.15051577728621712,0.05227854543365538,50
1941,95,97280,-8.6083933518117,0.12091658406037054,0.14457935617551343,0.051251282975863434,50
1942,95,97280,-8.99807633066519,0.13801392765305323,0.17354546360606846,0.04194759896025062,50
1943,95,97280,-11.765141527612737,0.189118643168631,0.14475077165528466,0.046184187383623794,50
1944,95,97280,-9.259106681805553,0.14278270526337405,0.055005648845810676,0.04239942837273702,50
1945,95,97280,-12.631024392129584,0.20329178704728773,0.1379218856927561,0.04932870079530403,50
1946,96,98304,-12.006365646178583,0.2038386962639863,0.13375834006025134,0.03628861665958539,50
1947,96,98304,-11.536375676379373,0.1711307639508475,0.19605969742024068,0.059596749576739966,50
1948,96,98304,-12.425639747019323,0.19471919678070448,0.1670686898805452,0.05379359815968201,50
1949,96,98304,-9.194069872359453,0.13949021589557054,0.14743201908044498,0.0443911815516185,50
1950,96,98304,-8.581826035077931,0.13063259723943688,0.0959649157832394,0.04100392346212175,50
1951,96,98304,-7.125585316782426,0.10099740528123607,0.014861759887776486,0.0415143010544125,50
1952,96,98304,-9.334213256430719,0.14757811967171539,0.1117255191225194,0.03910614545689896,50
1953,96,98304,-11.984113057553063,0.1737761472282325,0.18328958809128554,0.0659061139228288,50
1954,96,98304,-9.564882637767475,0.14504326316721047,0.09860074172769043,0.04625438958813902,50
1955,96,98304,-9.499135203685242,0.13828153100148965,0.14885975590130682,0.05170117307221517,50
1956,96,98304,-8.000090359218808,0.1156446207993532,0.15079568054122688,0.044357186385022944,50
1957,96,98304,-8.536605817352624,0.12313255160056456,0.06999387276180646,0.04759956474648788,50
1958,96,98304,-7.40136224050228,0.09473161231752752,0.07960313728537848,0.05329563249251805,50
1959,96,98304,-6.982367158039474,0.10015254942674191,0.054400393159427025,0.03949479373404756,50
1960,96,98304,-8.896069137301806,0.13886691407843582,0.1897338653804256,0.0390544686676003,50
1961,96,98304,-11.061590478136367,0.18333171996912312,0.20494930821722526,0.037900089593604205,50
1962,96,98304,-9.398252430877507,0.14006845945688623,0.07988840212030741,0.047896589160664006,50
1963,96,98304,-8.350146003518509,0.12113085414719338,0.15324894218937443,0.045872065923176705,50
1964,96,98304,-11.259274031493177,0.18068451060548082,0.17947364106257846,0.0445009700243827,50
1965,96,98304,-11.523782602587762,0.17237908224262394,0.17789609387909172,0.058096569809131325,50
1966,96,98304,-11.748891186445794,0.18147864030696134,0.16430381952470774,0.05349918342195451,50
1967,97,99328,-10.47195442143473,0.15739050636191274,0.175236154954951,0.05204858206678182,50
1968,97,99328,-6.83612000612043,0.09283822114960552,0.0621949769175209,0.043884178972803056,50
1969,97,99328,-13.340749434976743,0.22181460922516702,0.16180226585421095,0.04500037947436795,50
1970,97,99328,-10.391617276613415,0.15330380504067617,0.17648044123988949,0.05452854049159214,50
1971,97,99328,-9.33189589232736,0.13857029146967803,0.15480552422712732,0.048067626376869156,50
1972,97,99328,-11.017097340375598,0.1744132010604337,0.16355964903916878,0.04592874574707821,50
1973,97,99328,-10.28067937075767,0.15118617991831176,0.1512470172446218,0.05442740749684163,50
1974,97,99328,-8.923142638571603,0.13582901193973687,0.10429689147686096,0.04263384083169512,50
1975,97,99328,-9.743525319048135,0.15842025978285681,0.11866397359820768,0.036450246598105876,50
1976,97,99328,-10.107035458662514,0.15013156665532318,0.11863325254770113,0.052009142517927105,50
1977,97,99328,-7.15010029826517,0.09680696806250494,0.057961559351901684,0.046195037902798504,50
1978,97,99328,-7.5218140640816,0.10040913427631981,0.10613849667759724,0.05002714700531215,50
1979,97,99328,-7.411072783818382,0.10213506739947775,0.030497167882743842,0.04608638827688992,50
1980,97,99328,-7.40379249649354,0.10739000309752278,0.09165633948483717,0.040685846832348035,50
1981,97,99328,-9.041504274820113,0.15262944837855907,0.09288112586563985,0.028200637117843142,50
1982,97,99328,-9.01323233115723,0.13765797986681633,0.06280667877332742,0.042606666756328196,50
1983,97,99328,-9.643016748635521,0.15422283514787474,0.15595644107371587,0.038637499824835685,50
1984,97,99328,-11.113702017917781,0.1781950024396464,0.16931909614374668,0.04407903791870922,50
1985,97,99328,-7.444280582566177,0.10803946688710506,0.10449757518299645,0.04084614476421848,50
1986,97,99328,-13.559810616607214,0.2237434721332116,0.1715250129530998,0.047452740198932586,50
1987,98,100352,-12.910610699292675,0.21964641910733074,0.16819327076115145,0.038565794878522866,50
1988,98,100352,-9.770471641630166,0.1471187690432276,0.19374132271809133,0.04829066378937569,50
1989,98,100352,-11.500118992166428,0.1953147639838899,0.17839143583031544,0.034687615859438664,50
1990,98,100352,-9.008204418145278,0.1290304912422629,0.11766533101354716,0.051133597120642665,50
1991,98,100352,-8.02295910019152,0.11654609980279652,0.09757662736710572,0.04391308220103383,50
1992,98,100352,-6.811126199651127,0.10231732176817186,0.10155182928375547,0.033905202224850654,50
1993,98,100352,-6.854360118367748,0.09880561014377998,0.03399345844917803,0.03828159222357499,50
1994,98,100352,-9.103763849104125,0.13746999507436664,0.17369078117719325,0.04460528190771584,50
1995,98,100352,-10.72858615567109,0.1792033966673803,0.1232781775819329,0.035368326446041466,50
1996,98,100352,-8.06327691258423,0.12247810856970548,0.11812808871326887,0.03878742968197912,50
1997,98,100352,-10.255155889639898,0.16036904403537108,0.20537332318099075,0.044734073757426815,50
1998,98,100352,-9.175793762864275,0.13987928812959158,0.17256683069989545,0.04363658712769393,50
1999,98,100352,-7.0086023834030335,0.09648577792981491,0.061269362301898174,0.043686269738245756,50
2000,98,100352,-10.988025166402975,0.18258059356920767,0.12842872984675974,0.03717990975885186,50
2001,98,100352,-12.760274167881674,0.20032266117769942,0.1789480896897478,0.05488282217993401,50
2002,98,100352,-10.281416716725062,0.16282484532102448,0.16198382610086673,0.04280348901347679,50
2003,98,100352,-10.855764416679945,0.1687542403207143,0.17609997762481683,0.048361048012884565,50
2004,98,100352,-10.699148627054633,0.16415774205812694,0.10671541844177687,0.04982523048296571,50
2005,98,100352,-9.095872033921566,0.13048227818888877,0.11282556900220013,0.051435162489542566,50
2006,98,100352,-11.858776600626234,0.17976076922151127,0.1842051267257674,0.057414762791013346,50
2007,98,100352,-9.247931913216975,0.14536823641928667,0.1842462173574289,0.03959040184505284,50
2008,99,101376,-7.7155176759762725,0.11876112215117564,0.12285336826524824,0.035549231368349865,50
2009,99,101376,-7.425087454652738,0.1115414243374178,0.09730266094948814,0.03696032475563697,50
2010,99,101376,-7.3848820040592695,0.10171767014662507,0.08005204292545313,0.045979969934560355,50
2011,99,101376,-7.7601136924204255,0.11121815221355077,0.04425497087954823,0.04398412163485773,50
2012,99,101376,-11.067749817727089,0.17595466606527485,0.1975026786364148,0.045400330289267,50
2013,99,101376,-10.915755504076555,0.17922752772639874,0.12685249020894934,0.03908758235513233,50
2014,99,101376,-10.067948040731913,0.15104386323723404,0.19297555204413805,0.05031509757740423,50
2015,99,101376,-11.924484544624534,0.200631689237523,0.16945569495523202,0.037858001654967666,50
2016,99,101376,-10.550775500389335,0.15946718945684946,0.09153412381739047,0.05154832055093721,50
2017,99,101376,-7.284167566334009,0.10344574190438022,0.11514930731023236,0.04223760942230001,50
2018,99,101376,-9.348297105455957,0.14450555137990795,0.20064860090372735,0.04246039072921121,50
2019,99,101376,-9.457820367860984,0.15064833258001886,0.16754283344782347,0.03850807477720082,50
2020,99,101376,-6.805454249170914,0.0873729648143673,0.034777224851891275,0.04873612016905099,50
2021,99,101376,-8.888888541196472,0.12808606272262055,0.15238758951180925,0.04969170810130891,50
2022,99,101376,-8.63834910935298,0.12700461478602035,0.09967662515460267,0.04576236740103923,50
2023,99,101376,-12.278754782241652,0.20310689631014378,0.16629129807682339,0.04246819933468941,50
2024,99,101376,-7.638554118958802,0.10342973592297242,0.04762360843679431,0.04934134645620361,50
2025,99,101376,-8.469586663731121,0.13180522190575913,0.11724038589228965,0.03758651136886328,50
2026,99,101376,-8.806563801148926,0.1349451163647328,0.10139083037222321,0.04118615965824574,50
2027,99,101376,-7.7635490554944155,0.10916381971258478,0.08407841734919591,0.04610716139730357,50
2028,100,102400,-8.290456719003068,0.12995857763696292,0.11597294611746747,0.03585055674309842,50
2029,100,102400,-13.29678658252453,0.2254334836119529,0.16508680833178274,0.0405022480385378,50
2030,100,102400,-13.715606099132026,0.22393822592492307,0.1687283753778077,0.0503738960577175,50
2031,100,102400,-14.393595202016087,0.23071074649934478,0.21851772489704896,0.057161157540977,50
2032,100,102400,-8.818301083326356,0.1428344726430628,0.16193956882268046,0.03353154902346432,50
2033,100,102400,-10.489237008004991,0.1699423139134856,0.11517847991509747,0.039842426246614195,50
2034,100,102400,-7.9749574846195825,0.11543917808882675,0.1218851450792863,0.04405997160356492,50
2035,100,102400,-11.970970571993307,0.19341267556692318,0.13271928561541435,0.046006735872942954,50
2036,100,102400,-8.903753016320206,0.14115123175727964,0.08441938908520681,0.036923828569124455,50
2037,100,102400,-10.441665660476456,0.16749418205703892,0.19642452217011633,0.041339131152490154,50
2038,100,102400,-10.812946276156552,0.1753540448355367,0.17531145522284036,0.04090488068759442,50
2039,100,102400,-7.191660756298687,0.09612665783604367,0.08055803609000449,0.04770655728993006,50
2040,100,102400,-8.869153987180042,0.14220351237862505,0.18791628077891634,0.03517956736497581,50
2041,100,102400,-9.190100872773613,0.13137192804600917,0.10011918694625545,0.05243008940946311,50
2042,100,102400,-12.67606086335414,0.2165000736932808,0.2128316765621992,0.037021143573801964,50
2043,100,102400,-10.473458964983845,0.1540989603735676,0.1642212571862173,0.055370218926109376,50
2044,100,102400,-8.86596252445437,0.13957633489320576,0.1622036386727115,0.03774291559588164,50
2045,100,102400,-8.348202135299749,0.13171358068245367,0.13721037604925673,0.03525046202354133,50
2046,100,102400,-6.987044557894338,0.09095041531767212,0.010755285103620057,0.04879047584021464,50
2047,100,102400,-6.864950966759218,0.09374472206327217,0.08232030354933687,0.04355429727191222,50
2048,100,102400,-9.242768581342805,0.14621057117760014,0.14616270817922325,0.038644800449255855,50
