Episode,Total_Reward,Steps,Goal_Reached,Outcome,Epsilon,Maximum_Q_Change,Success,Rolling_Average_Reward,Rolling_Average_Steps,Rolling_Success_Rate,Rolling_Average_Q_Change
1,-135,30,False,Trap reached,1.0,5.0,0,-135.0,30.0,0.0,5.0
2,-98,13,False,Trap reached,0.995,5.0,0,-116.5,21.5,0.0,5.0
3,15,30,True,Goal reached,0.990025,10.0,1,-72.66666666666667,24.333333333333332,33.33333333333333,6.666666666666667
4,-144,35,False,Trap reached,0.985074875,4.5,0,-90.5,27.0,25.0,6.125
5,-58,5,False,Trap reached,0.9801495006250001,4.5,0,-84.0,22.6,20.0,5.8
6,-93,20,False,Trap reached,0.9752487531218751,4.050000000000001,0,-85.5,22.166666666666668,16.666666666666664,5.508333333333333
7,-90,13,False,Trap reached,0.9703725093562657,3.6449999999999996,0,-86.14285714285714,20.857142857142858,14.285714285714285,5.242142857142857
8,-320,100,False,Maximum steps reached,0.9655206468094844,0.5,0,-115.375,30.75,12.5,4.649375
9,-276,100,False,Maximum steps reached,0.960693043575437,0.86,0,-133.22222222222223,38.44444444444444,11.11111111111111,4.2283333333333335
10,-102,71,True,Goal reached,0.9558895783575597,9.0,1,-130.1,41.7,20.0,4.7055
11,-89,70,True,Goal reached,0.9511101304657719,8.100000000000001,1,-126.36363636363636,44.27272727272727,27.27272727272727,5.01409090909091
12,-262,81,False,Trap reached,0.946354579813443,3.2805,0,-137.66666666666666,47.333333333333336,25.0,4.869625
13,-169,40,False,Trap reached,0.9416228069143757,2.952449999999999,0,-140.07692307692307,46.76923076923077,23.076923076923077,4.72215
14,-272,75,False,Trap reached,0.9369146928798039,4.050000000000001,0,-149.5,48.785714285714285,21.428571428571427,4.674139285714285
15,-256,100,False,Maximum steps reached,0.9322301194154049,0.44256808343388565,0,-156.6,52.2,20.0,4.392034538895592
16,-147,34,False,Trap reached,0.9275689688183278,2.657205000000001,0,-156.0,51.0625,18.75,4.283607692714618
17,-127,38,False,Trap reached,0.9229311239742362,2.3914845000000007,0,-154.2941176470588,50.294117647058826,17.647058823529413,4.172306328437288
18,-132,85,True,Goal reached,0.918316468354365,7.289999999999999,1,-153.05555555555554,52.22222222222222,22.22222222222222,4.345511532412994
19,-40,49,True,Goal reached,0.9137248860125932,10.0,1,-147.10526315789474,52.05263157894737,26.31578947368421,4.643116188601783
20,24,33,True,Goal reached,0.9091562615825302,6.561,1,-138.55,51.1,30.0,4.739010379171694
21,-188,93,True,Goal reached,0.9046104802746175,5.904899999999998,1,-140.9047619047619,53.095238095238095,33.33333333333333,4.794528932544471
22,-87,14,False,Trap reached,0.9000874278732445,2.152336049999999,0,-138.45454545454547,51.31818181818182,31.818181818181817,4.674429256065176
23,-117,74,True,Goal reached,0.8955869907338783,5.314410000000002,1,-137.52173913043478,52.30434782608695,34.78260869565217,4.7022545058014735
24,54,19,True,Goal reached,0.8911090557802088,4.782969000000001,1,-129.54166666666666,50.916666666666664,37.5,4.705617609726412
25,18,39,True,Goal reached,0.8866535105013078,9.0,1,-123.64,50.44,40.0,4.877392905337356
26,-272,100,False,Maximum steps reached,0.8822202429488013,0.5195424364201506,0,-129.34615384615384,52.34615384615385,38.46153846153847,4.709783271917463
27,-41,54,True,Goal reached,0.8778091417340573,4.304672099999998,1,-126.07407407407408,52.407407407407405,40.74074074074074,4.694779154439039
28,-85,12,False,Trap reached,0.8734200960253871,1.9371024450000007,0,-124.60714285714286,50.964285714285715,39.285714285714285,4.596290700530502
29,-288,100,False,Maximum steps reached,0.8690529955452602,2.223503617708232,0,-130.24137931034483,52.6551724137931,37.93103448275862,4.514470456295251
30,-47,60,True,Goal reached,0.8647077305675338,4.204052604000001,1,-127.46666666666667,52.9,40.0,4.504123194552076
31,-139,34,False,Trap reached,0.8603841919146962,1.743392200499997,0,-127.83870967741936,52.29032258064516,38.70967741935484,4.415067356034267
32,12,29,True,Goal reached,0.8560822709551227,8.100000000000001,1,-123.46875,51.5625,40.625,4.530221501158196
33,-308,100,False,Maximum steps reached,0.851801859600347,0.7239689681340558,0,-129.06060606060606,53.03030303030303,39.39393939393939,4.41488051530898
34,-15,44,True,Goal reached,0.8475428503023453,7.289999999999999,1,-125.70588235294117,52.76470588235294,41.17647058823529,4.49944285309401
35,-101,20,False,Trap reached,0.8433051360508336,3.6449999999999996,0,-125.0,51.82857142857143,40.0,4.475030200148466
36,-131,34,False,Trap reached,0.8390886103705794,1.569052980450003,0,-125.16666666666667,51.333333333333336,38.88888888888889,4.394308610712398
37,14,35,True,Goal reached,0.8348931673187264,3.486784400999994,1,-121.4054054054054,50.891891891891895,40.54054054054054,4.36978092936882
38,-117,28,False,Trap reached,0.8307187014821328,3.2805,0,-121.28947368421052,50.28947368421053,39.473684210526315,4.34111564175385
39,-82,13,False,Trap reached,0.8265651079747222,1.4121476824049992,0,-120.28205128205128,49.333333333333336,38.46153846153847,4.2660138992064445
40,41,20,True,Goal reached,0.8224322824348486,6.561,1,-116.25,48.6,40.0,4.323388551726283
41,29,32,True,Goal reached,0.8183201210226743,4.703069798099998,1,-112.70731707317073,48.19512195121951,41.46341463414634,4.33264906993052
42,-2,43,True,Goal reached,0.8142285204175609,4.1076066027465,1,-110.07142857142857,48.07142857142857,42.857142857142854,4.327290915949948
43,55,22,True,Goal reached,0.810157377815473,3.3284141084827983,1,-106.23255813953489,47.46511627906977,44.18604651162791,4.304061222753037
44,-83,18,False,Trap reached,0.8061065909263957,1.2709329141644972,0,-105.70454545454545,46.79545454545455,43.18181818181818,4.235126488466935
45,-53,4,False,Trap reached,0.8020760579717637,1.1438396227480538,0,-104.53333333333333,45.84444444444444,42.22222222222222,4.166431224784292
46,-44,61,True,Goal reached,0.798065677681905,3.2255383927714263,1,-103.21739130434783,46.17391304347826,43.47826086956522,4.145977032784013
47,-108,31,False,Trap reached,0.7940753492934954,2.952449999999999,0,-103.31914893617021,45.851063829787236,42.5531914893617,4.12058284059712
48,-87,14,False,Trap reached,0.7901049725470279,2.657205000000001,0,-102.97916666666667,45.1875,41.66666666666667,4.090095802251345
49,28,29,True,Goal reached,0.7861544476842928,5.904899999999998,1,-100.3061224489796,44.857142857142854,42.857142857142854,4.127132622613563
50,-161,94,True,Goal reached,0.7822236754458713,5.508176234200835,1,-101.52,45.84,44.0,4.154753494845308
51,-23,52,True,Goal reached,0.778312557068642,3.6482419567572926,1,-99.98039215686275,45.96078431372549,45.09803921568628,4.144821896059269
52,-86,17,False,Trap reached,0.7744209942832988,2.8616407743617103,0,-99.71153846153847,45.40384615384615,44.230769230769226,4.120145336026623
53,18,31,True,Goal reached,0.7705488893118823,5.3289921042115935,1,-97.49056603773585,45.132075471698116,45.28301886792453,4.142953765615019
54,69,16,True,Goal reached,0.7666961448653229,4.9540275037198604,1,-94.4074074074074,44.592592592592595,46.2962962962963,4.157973649653997
55,-60,7,False,Trap reached,0.7628626641409962,2.152336049999999,0,-93.78181818181818,43.90909090909091,45.45454545454545,4.1215075114784705
56,38,27,True,Goal reached,0.7590483508202912,2.275365427645184,1,-91.42857142857143,43.607142857142854,46.42857142857143,4.088540688552876
57,-76,15,False,Trap reached,0.7552531090661897,1.9371024450000007,0,-91.15789473684211,43.10526315789474,45.614035087719294,4.050796157964229
58,43,18,True,Goal reached,0.7514768435208588,4.090748411000806,1,-88.84482758620689,42.672413793103445,46.55172413793103,4.051484989913136
59,-60,61,True,Goal reached,0.7477194593032545,3.8443838222475115,1,-88.35593220338983,42.983050847457626,47.45762711864407,4.0479748006306675
60,52,21,True,Goal reached,0.7439808620067382,4.475277662298769,1,-86.01666666666667,42.61666666666667,48.333333333333336,4.055096514991803
61,45,32,True,Goal reached,0.7402609576967045,5.058836744512725,1,-83.8688524590164,42.442622950819676,49.18032786885246,4.071551272852801
62,-68,7,False,Trap reached,0.736559652908221,1.0294556604732463,0,-83.61290322580645,41.87096774193548,48.38709677419355,4.022485214588615
63,5,40,True,Goal reached,0.7328768546436799,2.7883555804307747,1,-82.2063492063492,41.84126984126984,49.2063492063492,4.002895855316268
64,35,26,True,Goal reached,0.7292124703704616,4.7129291031211835,1,-80.375,41.59375,50.0,4.01399012481322
65,-81,16,False,Trap reached,0.7255664080186093,1.092011161337318,0,-80.38461538461539,41.2,49.23076923076923,3.969036602298206
66,31,22,True,Goal reached,0.7219385759785162,3.2312391423104927,1,-78.6969696969697,40.90909090909091,50.0,3.9578578529044526
67,-67,10,False,Trap reached,0.7183288830986236,1.743392200499997,0,-78.5223880597015,40.44776119402985,49.25373134328358,3.9248061267491625
68,57,20,True,Goal reached,0.7147372386831305,4.358020197047061,1,-76.52941176470588,40.14705882352941,50.0,3.9311769219006027
69,66,15,True,Goal reached,0.7111635524897149,2.8525719923449255,1,-74.46376811594203,39.78260869565217,50.72463768115942,3.9155449663997954
70,57,20,True,Goal reached,0.7076077347272662,3.207664114670763,1,-72.58571428571429,39.5,51.42857142857142,3.9054323828036663
71,46,19,True,Goal reached,0.7040696960536299,4.673353930586082,1,-70.91549295774648,39.2112676056338,52.112676056338024,3.9162481792513057
72,42,23,True,Goal reached,0.7005493475733617,3.1398427562094398,1,-69.34722222222223,38.986111111111114,52.77777777777778,3.9054647705979466
73,17,36,True,Goal reached,0.697046600835495,4.425442078192624,1,-68.16438356164383,38.945205479452056,53.42465753424658,3.912587747414312
74,-63,6,False,Trap reached,0.6935613678313175,0.833859084983331,0,-68.0945945945946,38.5,52.702702702702695,3.8709833060301095
75,46,27,True,Goal reached,0.6900935609921609,2.950652894214187,1,-66.57333333333334,38.346666666666664,53.333333333333336,3.858712233872564
76,55,22,True,Goal reached,0.6866430931872001,4.1605213595107955,1,-64.97368421052632,38.13157894736842,53.94736842105263,3.86268340657833
77,27,26,True,Goal reached,0.6832098777212641,3.8219968343025315,1,-63.77922077922078,37.97402597402598,54.54545454545454,3.8621550095357873
78,11,42,True,Goal reached,0.6797938283326578,2.2092879426401204,1,-62.82051282051282,38.02564102564103,55.12820512820513,3.8409644061140478
79,-17,46,True,Goal reached,0.6763948591909945,3.036948243511297,1,-62.24050632911393,38.12658227848101,55.69620253164557,3.830786986334267
80,-39,52,True,Goal reached,0.6730128848950395,3.3325757641534537,1,-61.95,38.3,56.25,3.8245593460570064
81,67,18,True,Goal reached,0.6696478204705644,1.8781852703411381,1,-60.358024691358025,38.04938271604938,56.79012345679012,3.800530036480267
82,88,9,True,Goal reached,0.6662995813682115,1.8167949504801424,1,-58.548780487804876,37.69512195121951,57.3170731707317,3.7763381451875824
83,30,27,True,Goal reached,0.6629680834613705,2.67419415369708,1,-57.48192771084337,37.566265060240966,57.831325301204814,3.7630593019166128
84,64,17,True,Goal reached,0.6596532430440636,2.10409071794313,1,-56.035714285714285,37.32142857142857,58.333333333333336,3.743309675916928
85,-60,61,True,Goal reached,0.6563549768288433,2.5742914312469267,1,-56.082352941176474,37.6,58.82352941176471,3.7295565200972813
86,43,26,True,Goal reached,0.653073201944699,3.585468419516822,1,-54.93023255813954,37.46511627906977,59.30232558139535,3.727881077067276
87,43,26,True,Goal reached,0.6498078359349755,3.025632568551096,1,-53.804597701149426,37.333333333333336,59.77011494252874,3.719809255130308
88,46,27,True,Goal reached,0.6465587967553006,4.215908899280642,1,-52.67045454545455,37.21590909090909,60.22727272727273,3.725446751086562
89,48,17,True,Goal reached,0.6433260027715241,2.738823285936384,1,-51.53932584269663,36.98876404494382,60.67415730337079,3.7143610941747625
90,57,20,True,Goal reached,0.6401093727576664,2.3919923473400573,1,-50.333333333333336,36.8,61.111111111111114,3.6996681080988214
91,66,15,True,Goal reached,0.6369088258938781,3.871397801753723,1,-49.05494505494506,36.56043956043956,61.53846153846154,3.701555247589534
92,60,21,True,Goal reached,0.6337242817644086,2.619683194791584,1,-47.869565217391305,36.391304347826086,61.95652173913043,3.689795768754774
93,-3,48,True,Goal reached,0.6305556603555866,2.9038729730485606,1,-47.38709677419355,36.516129032258064,62.365591397849464,3.681344986005245
94,49,20,True,Goal reached,0.6274028820538087,2.0953392105843487,1,-46.361702127659576,36.340425531914896,62.76595744680851,3.664472584139065
95,77,16,True,Goal reached,0.6242658676435396,1.9661803488715996,1,-45.06315789473684,36.126315789473686,63.1578947368421,3.6465958237678286
96,23,30,True,Goal reached,0.6211445383053219,2.6700390045982942,1,-44.354166666666664,36.0625,63.541666666666664,3.6364233569014797
97,83,10,True,Goal reached,0.6180388156137953,2.2938782117565264,1,-43.04123711340206,35.79381443298969,63.91752577319587,3.622582685302047
98,46,19,True,Goal reached,0.6149486215357263,2.3645917131101317,1,-42.13265306122449,35.62244897959184,64.28571428571429,3.6097460427286605
99,67,18,True,Goal reached,0.6118738784280476,1.8294021940847003,1,-41.03030303030303,35.44444444444444,64.64646464646465,3.591762771530236
100,72,17,True,Goal reached,0.6088145090359074,2.6835301036416865,1,-39.9,35.26,65.0,3.5826804448513507
101,91,10,True,Goal reached,0.6057704364907278,1.7157631044384765,1,-37.64,35.06,66.0,3.5498380758957353
102,72,17,True,Goal reached,0.6027415843082742,5.314410000000002,1,-35.94,35.1,67.0,3.5529821758957354
103,36,29,True,Goal reached,0.5997278763867329,2.5575869240941955,1,-35.73,35.09,67.0,3.4785580451366775
104,84,13,True,Goal reached,0.5967292370047992,3.619790186693436,1,-33.45,34.87,68.0,3.4697559470036117
105,29,32,True,Goal reached,0.5937455908197752,3.2687942939822605,1,-32.58,35.14,69.0,3.4574438899434345
106,58,23,True,Goal reached,0.5907768628656763,2.3753255740832344,1,-31.07,35.17,70.0,3.4406971456842665
107,59,18,True,Goal reached,0.5878229785513479,2.95515903739075,1,-29.58,35.22,71.0,3.4337987360581748
108,69,16,True,Goal reached,0.5848838636585911,2.7415421672391105,1,-25.69,34.38,72.0,3.456214157730565
109,74,15,True,Goal reached,0.5819594443402982,2.5910787502931996,1,-22.19,33.53,73.0,3.473524945233497
110,31,30,True,Goal reached,0.5790496471185967,2.426149651953814,1,-20.86,33.12,73.0,3.4077864417530357
111,74,15,True,Goal reached,0.5761543988830038,1.3389434194855738,1,-19.23,32.57,73.0,3.340175875947892
112,3,42,True,Goal reached,0.5732736268885887,2.564476164454808,1,-16.58,32.18,74.0,3.3330156375924394
113,40,25,True,Goal reached,0.5704072587541458,2.3542506330235327,1,-14.49,32.03,75.0,3.327033643922675
114,40,25,True,Goal reached,0.567555222460375,3.2177324028146774,1,-11.37,31.53,76.0,3.3187109679508215
115,36,21,True,Goal reached,0.5647174463480732,2.2829823729993244,1,-8.45,30.74,77.0,3.3371151108464754
116,60,21,True,Goal reached,0.5618938591163328,2.506823769305111,1,-6.38,30.61,78.0,3.335611298539527
117,76,13,True,Goal reached,0.5590843898207511,2.557259475096851,1,-4.35,30.36,79.0,3.3372690482904956
118,79,14,True,Goal reached,0.5562889678716474,2.7849123438755203,1,-2.24,29.65,79.0,3.2922181717292505
119,74,15,True,Goal reached,0.5535075230322891,1.6660251737162355,1,-1.1,29.31,79.0,3.2088784234664125
120,13,40,True,Goal reached,0.5507399854171277,2.9484556313961843,1,-1.21,29.38,79.0,3.172752979780375
121,84,13,True,Goal reached,0.547986285490042,2.189514076444212,1,1.51,28.58,79.0,3.135599120544817
122,74,15,True,Goal reached,0.5452463540625918,1.9708189043250997,1,3.12,28.59,80.0,3.133783949088068
123,71,14,True,Goal reached,0.5425201222922789,2.114541224571198,1,5.0,27.99,80.0,3.10178526133378
124,66,23,True,Goal reached,0.5398075216808175,1.9514098990337203,1,5.12,28.03,80.0,3.0734696703241173
125,40,25,True,Goal reached,0.5371084840724134,3.5945585983741317,1,5.34,27.89,80.0,3.0194152563078585
126,71,14,True,Goal reached,0.5344229416520513,2.6984114309906246,1,8.77,27.03,81.0,3.041203946253563
127,50,23,True,Goal reached,0.531750826943791,2.4299528387777585,1,9.68,26.72,81.0,3.0224567536413414
128,76,13,True,Goal reached,0.5290920728090721,1.7592036234919064,1,11.29,26.73,82.0,3.02067776542626
129,86,11,True,Goal reached,0.5264466124450268,1.8813624161155076,1,15.03,25.84,83.0,3.0172563534103323
130,86,11,True,Goal reached,0.5238143793828016,2.1264853724424384,1,16.36,25.35,83.0,2.9964806810947575
131,60,21,True,Goal reached,0.5211953074858876,2.4648895953428074,1,18.35,25.22,84.0,3.0036956550431855
132,58,15,True,Goal reached,0.5185893309484582,1.753992665633504,1,18.81,25.08,84.0,2.9402355816995196
133,37,32,True,Goal reached,0.5159963842937159,3.1486967635885854,1,22.26,24.4,85.0,2.964482859654065
134,54,19,True,Goal reached,0.5134164023722473,1.623814196952523,1,22.95,24.15,85.0,2.907821001623591
135,3,34,True,Goal reached,0.510849320360386,2.678707225985976,1,23.99,24.29,86.0,2.8981580738834505
136,71,14,True,Goal reached,0.5082950737585841,1.6008526043793054,1,26.01,24.09,87.0,2.8984760701227437
137,47,30,True,Goal reached,0.5057535983897912,1.6445236355127761,1,26.34,24.04,87.0,2.880053462467871
138,73,12,True,Goal reached,0.5032248303978422,1.6475012646208569,1,28.24,23.88,88.0,2.8637234751140794
139,86,11,True,Goal reached,0.500708706245853,1.2926046592120173,1,29.92,23.86,89.0,2.86252804488215
140,77,16,True,Goal reached,0.4982051627146237,1.3546655749298324,1,30.28,23.82,89.0,2.810464700631448
141,91,10,True,Goal reached,0.49571413690105054,1.411270477356389,1,30.9,23.6,89.0,2.7775467074240123
142,55,22,True,Goal reached,0.4932355662165453,2.9996776814394206,1,31.47,23.39,89.0,2.766467418210941
143,78,11,True,Goal reached,0.4907693883854626,1.2291523087187812,1,31.7,23.28,89.0,2.7454748002133016
144,83,10,True,Goal reached,0.4883155414435353,0.8496139893857872,1,33.36,23.2,90.0,2.7412616109655144
145,81,12,True,Goal reached,0.4858739637363176,1.01632488920891,1,34.7,23.28,91.0,2.739986463630123
146,77,16,True,Goal reached,0.483444593917636,1.2424223785397075,1,35.91,22.83,91.0,2.7201553034878057
147,59,18,True,Goal reached,0.4810273709480478,1.5749822274805112,1,37.58,22.7,92.0,2.706380625762611
148,79,14,True,Goal reached,0.47862223409330756,1.1370203698138042,1,39.24,22.7,93.0,2.6911787794607487
149,48,33,True,Goal reached,0.47622912292284103,1.5680063666024537,1,39.44,22.74,93.0,2.6478098431267734
150,86,11,True,Goal reached,0.4738479773082268,1.4202818655121519,1,41.91,21.91,93.0,2.6069308994398863
151,43,26,True,Goal reached,0.47147873742168567,2.510701067647666,1,42.57,21.65,93.0,2.59555549054879
152,63,22,True,Goal reached,0.46912134373457726,1.471049592415028,1,44.06,21.7,94.0,2.5816495787293237
153,81,12,True,Goal reached,0.46677573701590436,1.1484814729691166,1,44.69,21.51,94.0,2.539844472416899
154,83,10,True,Goal reached,0.46444185833082485,0.35580026649911645,1,44.83,21.45,94.0,2.493862200044691
155,73,20,True,Goal reached,0.46211964903917074,1.3455604795052167,1,46.16,21.58,95.0,2.4857944443397435
156,73,12,True,Goal reached,0.4598090507939749,0.8717604317383945,1,46.51,21.43,95.0,2.471758394380675
157,83,10,True,Goal reached,0.457510005540005,1.2242624472313466,1,48.1,21.38,96.0,2.464629994402989
158,86,11,True,Goal reached,0.45522245551230495,0.7930983646736749,1,48.53,21.31,96.0,2.4316534939397174
159,86,11,True,Goal reached,0.4529463432347434,0.9459245454619776,1,49.99,20.81,96.0,2.4026689011718623
160,84,13,True,Goal reached,0.4506816115185697,1.1125016128318421,1,50.31,20.73,96.0,2.369041140677193
161,71,14,True,Goal reached,0.4484282034609769,0.7955805219096348,1,50.57,20.55,96.0,2.326408578451162
162,82,15,True,Goal reached,0.446186062443672,1.077781307337446,1,52.07,20.63,97.0,2.3268918349198042
163,84,13,True,Goal reached,0.4439551321314536,0.8844047953109708,1,52.86,20.36,97.0,2.307852327068606
164,60,21,True,Goal reached,0.4417353564707963,1.1291318055497257,1,53.11,20.31,97.0,2.2720143540928914
165,91,10,True,Goal reached,0.43952667968844233,0.31438164763804366,1,54.83,20.25,98.0,2.2642380589558986
166,91,10,True,Goal reached,0.43732904629000013,0.2831446184899278,1,55.43,20.13,98.0,2.234757113717693
167,70,19,True,Goal reached,0.4351424010585501,2.089689544061706,1,56.8,20.22,99.0,2.23822008715331
168,76,13,True,Goal reached,0.43296668905325736,0.766332630388618,1,56.99,20.15,99.0,2.2023032114867256
169,88,9,True,Goal reached,0.43080185560799106,0.130596300588266,1,57.21,20.09,99.0,2.175083454569159
170,78,11,True,Goal reached,0.4286478463299511,1.0314992890480923,1,57.42,20.0,99.0,2.1533218063129325
171,71,22,True,Goal reached,0.42650460709830135,1.8965183175094467,1,57.67,20.03,99.0,2.125553450182166
172,66,15,True,Goal reached,0.42437208406280985,3.0558799881181073,1,57.91,19.95,99.0,2.1247138225012527
173,83,10,True,Goal reached,0.4222502236424958,1.7164196233509088,1,58.57,19.69,99.0,2.0976235979528353
174,81,12,True,Goal reached,0.42013897252428334,0.6588951792954205,1,60.01,19.75,100.0,2.0958739588959565
175,83,10,True,Goal reached,0.4180382776616619,0.5118111879735494,1,60.38,19.58,100.0,2.0714855418335505
176,88,9,True,Goal reached,0.4159480862733536,0.1358387819898894,1,60.71,19.45,100.0,2.031238716058341
177,62,27,True,Goal reached,0.41386834584198684,1.5552870528034077,1,61.06,19.46,100.0,2.0085716182433497
178,50,23,True,Goal reached,0.4117990041127769,3.207077123027439,1,61.45,19.27,100.0,2.018549510047223
179,81,12,True,Goal reached,0.40974000909221303,0.6635309086946393,1,62.43,18.93,100.0,1.9948153366990564
180,64,17,True,Goal reached,0.40769130904675194,2.9430058844300007,1,63.46,18.58,100.0,1.9909196379018217
181,81,12,True,Goal reached,0.40565285250151817,0.9451425436675223,1,63.6,18.52,100.0,1.9815892106350856
182,78,11,True,Goal reached,0.4036245882390106,0.8521274338264391,1,63.5,18.54,100.0,1.9719425354685487
183,72,17,True,Goal reached,0.4016064652978155,1.1289497967841342,1,63.92,18.44,100.0,1.9564900918994192
184,79,14,True,Goal reached,0.3995984329713264,0.8837151052837413,1,64.07,18.41,100.0,1.9442863357728255
185,81,12,True,Goal reached,0.3976004408064698,1.4173365872732333,1,65.48,17.92,100.0,1.9327167873330884
186,88,9,True,Goal reached,0.39561243860243744,0.5092347149319352,1,65.93,17.75,100.0,1.9019544502872394
187,46,27,True,Goal reached,0.3936343764094253,4.047483692124073,1,65.96,17.76,100.0,1.912172961522969
188,88,9,True,Goal reached,0.39166620452737816,0.23373968255890532,1,66.38,17.58,100.0,1.8723512693557518
189,76,13,True,Goal reached,0.3897078735047413,0.9069213862904419,1,66.66,17.54,100.0,1.8540322503592928
190,88,9,True,Goal reached,0.3877593341372176,0.9235331281443138,1,66.97,17.43,100.0,1.8393476581673351
191,83,10,True,Goal reached,0.3858205374665315,0.46080552950979836,1,67.14,17.38,100.0,1.8052417354448957
192,77,16,True,Goal reached,0.38389143477919885,0.759470418934896,1,67.31,17.33,100.0,1.7866396076863291
193,93,8,True,Goal reached,0.3819719776053028,0.009297694467718998,1,68.27,16.93,100.0,1.7576938549005205
194,76,13,True,Goal reached,0.3800621177172763,0.8594058104969022,1,68.54,16.86,100.0,1.745334520899646
195,86,11,True,Goal reached,0.37816180712868996,0.7734569451647744,1,68.63,16.81,100.0,1.7334072868625778
196,79,14,True,Goal reached,0.37627099809304654,0.5475731272486115,1,69.19,16.65,100.0,1.7121826280890813
197,77,16,True,Goal reached,0.3743896431025813,0.8124012193134149,1,69.13,16.71,100.0,1.6973678581646499
198,57,20,True,Goal reached,0.37251769488706843,3.139484045805178,1,69.24,16.72,100.0,1.7051167814916004
199,81,12,True,Goal reached,0.3706551064126331,0.5770288189587376,1,69.38,16.66,100.0,1.6925930477403406
200,79,14,True,Goal reached,0.36880183088056995,0.697695275953734,1,69.45,16.63,100.0,1.6727346994634613
201,84,13,True,Goal reached,0.3669578217261671,0.7211924089434802,1,69.38,16.66,100.0,1.662788992508511
202,69,16,True,Goal reached,0.36512303261753626,1.048933850817491,1,69.35,16.65,100.0,1.620134231016686
203,62,19,True,Goal reached,0.3632974174544486,0.8414064699515151,1,69.61,16.55,100.0,1.6029724264752594
204,47,22,True,Goal reached,0.3614809303671764,3.086232473308275,1,69.24,16.64,100.0,1.597636849341408
205,83,10,True,Goal reached,0.3596735257153405,0.5663751961701067,1,69.78,16.42,100.0,1.5706126583632862
206,52,21,True,Goal reached,0.3578751580867638,0.7589402008525354,1,69.72,16.4,100.0,1.5544488046309792
207,86,11,True,Goal reached,0.35608578229633,0.4073167044986121,1,69.99,16.33,100.0,1.5289703813020576
208,91,10,True,Goal reached,0.3543053533848483,0.19620818156523967,1,70.21,16.27,100.0,1.5035170414453192
209,86,11,True,Goal reached,0.35253382661792404,0.4618116740599518,1,70.33,16.23,100.0,1.482224370682987
210,65,20,True,Goal reached,0.3507711574848344,2.6217396515832228,1,70.67,16.13,100.0,1.4841802706792806
211,83,10,True,Goal reached,0.34901730169741024,0.42438113502322494,1,70.76,16.08,100.0,1.4750346478346572
212,81,12,True,Goal reached,0.3472722151889232,0.325672549512781,1,71.54,15.78,100.0,1.452646611685237
213,68,13,True,Goal reached,0.3455358541129786,0.4596021670218491,1,71.82,15.66,100.0,1.43370012702522
214,93,8,True,Goal reached,0.3438081748424137,0.0017819529241691612,1,72.35,15.49,100.0,1.4015406225263152
215,76,13,True,Goal reached,0.3420891339682016,2.4902930989961973,1,72.75,15.41,100.0,1.4036137297862836
216,46,27,True,Goal reached,0.3403786882983606,0.8545071782941633,1,72.61,15.47,100.0,1.3870905638761741
217,93,8,True,Goal reached,0.3386767948568688,0.0015266444527810563,1,72.78,15.42,100.0,1.3615332355697336
218,79,14,True,Goal reached,0.33698341088258443,0.1090115489047605,1,72.78,15.42,100.0,1.3347742276200258
219,79,14,True,Goal reached,0.3352984938281715,0.24004338265261538,1,72.83,15.41,100.0,1.32051440970939
220,83,10,True,Goal reached,0.33362200135903064,0.3819579087314935,1,73.53,15.11,100.0,1.294849432482743
221,77,16,True,Goal reached,0.33195389135223546,0.3727068143232799,1,73.46,15.14,100.0,1.2766813598615334
222,60,21,True,Goal reached,0.3302941218954743,2.8263335213791336,1,73.32,15.2,100.0,1.2852365060320738
223,78,11,True,Goal reached,0.32864265128599696,0.556534136988482,1,73.39,15.17,100.0,1.2696564351562467
224,89,12,True,Goal reached,0.326999438029567,0.65022257717213,1,73.62,15.06,100.0,1.2566445619376307
225,93,8,True,Goal reached,0.3253644408394192,0.0008673328810573366,1,74.15,14.89,100.0,1.2207076492827
226,86,11,True,Goal reached,0.3237376186352221,0.5852248586573623,1,74.3,14.86,100.0,1.1995757835593674
227,78,11,True,Goal reached,0.322118930542046,0.3409130803161702,1,74.58,14.74,100.0,1.1786853859747517
228,88,9,True,Goal reached,0.32050833588933575,0.3068232596125995,1,74.7,14.7,100.0,1.1641615823359586
229,91,10,True,Goal reached,0.31890579420988907,0.5267266095607894,1,74.75,14.69,100.0,1.1506152242704113
230,88,9,True,Goal reached,0.3173112652388396,0.1749916781201506,1,74.77,14.67,100.0,1.1311002873271885
231,81,12,True,Goal reached,0.3157247089126454,0.7705297997091876,1,74.98,14.58,100.0,1.1141566893708523
232,88,9,True,Goal reached,0.3141460853680822,0.06119160584286476,1,75.28,14.52,100.0,1.097228678772946
233,88,9,True,Goal reached,0.3125753549412418,0.045720015830966076,1,75.79,14.29,100.0,1.0661989112953696
234,71,14,True,Goal reached,0.31101247816653554,0.3437703908792713,1,75.96,14.24,100.0,1.053398473234637
235,88,9,True,Goal reached,0.30945741577570285,0.15749252110599343,1,76.81,13.99,100.0,1.0281863261858373
236,63,14,True,Goal reached,0.3079101286968243,0.5016956551701526,1,76.73,13.99,100.0,1.0171947566937458
237,81,12,True,Goal reached,0.3063705780533402,0.5672424502181102,1,77.07,13.81,100.0,1.0064219448407992
238,86,11,True,Goal reached,0.30483872516307353,0.21118685731990183,1,77.2,13.8,100.0,0.9920588007677895
239,73,12,True,Goal reached,0.3033145315372582,0.2761519541915334,1,77.07,13.81,100.0,0.9818942737175846
240,83,10,True,Goal reached,0.3017979588795719,0.24610506637776552,1,77.13,13.75,100.0,0.970808668632064
241,83,10,True,Goal reached,0.30028896908517405,0.25061028830890564,1,77.05,13.75,100.0,0.9592020667415891
242,86,11,True,Goal reached,0.2987875242397482,0.335806228852249,1,77.36,13.64,100.0,0.9325633522157175
243,78,11,True,Goal reached,0.29729358661854943,0.1900786150879199,1,77.36,13.64,100.0,0.922172615279409
244,91,10,True,Goal reached,0.29580711868545667,0.08060142387606106,1,77.44,13.64,100.0,0.9144824896243117
245,78,19,True,Goal reached,0.2943280830920294,0.4517598409431045,1,77.41,13.71,100.0,0.9088368391416536
246,93,8,True,Goal reached,0.29285644267656924,0.0001807884274782623,1,77.57,13.63,100.0,0.8964144232405313
247,83,10,True,Goal reached,0.2913921604631864,0.22368713681225927,1,77.81,13.55,100.0,0.8829014723338489
248,93,8,True,Goal reached,0.28993519966087045,0.00015247117363514917,1,77.95,13.49,100.0,0.871532793347447
249,91,10,True,Goal reached,0.2884855236625661,0.4741062304595829,1,78.38,13.26,100.0,0.8605937919860185
250,91,10,True,Goal reached,0.28704309604425327,0.06437262338444327,1,78.43,13.25,100.0,0.8470346995647414
251,91,10,True,Goal reached,0.285607880564032,0.48428136412400136,1,78.91,13.09,100.0,0.8267705025295047
252,86,11,True,Goal reached,0.28417984116121187,0.07254196687931369,1,79.14,12.98,100.0,0.8127854262741475
253,84,13,True,Goal reached,0.2827589419554058,0.4266997347504997,1,79.17,12.99,100.0,0.8055676088919614
254,88,9,True,Goal reached,0.28134514724562876,0.3022802600670147,1,79.22,12.98,100.0,0.8050324088276404
255,84,13,True,Goal reached,0.2799384215094006,0.384031602912529,1,79.33,12.91,100.0,0.7954171200617134
256,81,12,True,Goal reached,0.27853872940185365,0.40672226179269444,1,79.41,12.91,100.0,0.7907667383622564
257,88,9,True,Goal reached,0.27714603575484437,0.026997805687841492,1,79.46,12.9,100.0,0.7787940919468214
258,88,9,True,Goal reached,0.2757603055760701,0.3660648595193834,1,79.48,12.88,100.0,0.7745237568952784
259,82,15,True,Goal reached,0.2743815040481898,0.5323136480108985,1,79.44,12.92,100.0,0.7703876479207676
260,88,9,True,Goal reached,0.2730095965279488,0.024298041948966898,1,79.48,12.88,100.0,0.7595056122119389
261,84,13,True,Goal reached,0.27164454854530906,2.59891228729596,1,79.61,12.87,100.0,0.7775389298658021
262,83,10,True,Goal reached,0.2702863258025825,0.15398193026005913,1,79.62,12.82,100.0,0.7683009360950283
263,71,14,True,Goal reached,0.2689348941735696,0.34563196149406394,1,79.49,12.83,100.0,0.7629132077568592
264,86,11,True,Goal reached,0.26759021970270175,0.11064768579116446,1,79.75,12.73,100.0,0.7527283665592737
265,67,18,True,Goal reached,0.2662522686041882,0.37719086191340523,1,79.51,12.81,100.0,0.7533564587020273
266,93,8,True,Goal reached,0.2649210072611673,2.936121402541403e-05,1,79.53,12.79,100.0,0.7505253061292683
267,77,16,True,Goal reached,0.26359640222486147,0.4987322780511789,1,79.6,12.76,100.0,0.734615733469163
268,79,14,True,Goal reached,0.26227842021373715,0.466548319839319,1,79.63,12.77,100.0,0.73161789036367
269,68,21,True,Goal reached,0.2609670281126685,3.9471344200331853,1,79.43,12.89,100.0,0.7697832715581191
270,86,11,True,Goal reached,0.25966219297210513,0.4195884352450179,1,79.51,12.89,100.0,0.7636641630200884
271,89,12,True,Goal reached,0.2583638820072446,0.40656154958315227,1,79.69,12.79,100.0,0.7487645953408255
272,91,10,True,Goal reached,0.2570720625972084,0.24749363659585555,1,79.94,12.74,100.0,0.720680731825603
273,88,9,True,Goal reached,0.25578670228422234,0.18269633791420858,1,79.99,12.73,100.0,0.7053434989712359
274,91,10,True,Goal reached,0.25450776877280124,0.3899243624984692,1,80.09,12.71,100.0,0.7026537908032665
275,91,10,True,Goal reached,0.2532352299289372,0.08315966606898684,1,80.17,12.71,100.0,0.6983672755842208
276,78,11,True,Goal reached,0.2519690537792925,0.20186069264797624,1,80.07,12.73,100.0,0.6990274946908017
277,83,10,True,Goal reached,0.2507092085103961,0.2669241219963041,1,80.28,12.56,100.0,0.6861438653827306
278,76,21,True,Goal reached,0.2494556624678441,0.21646593923749435,1,80.54,12.54,100.0,0.6562377535448312
279,53,16,True,Goal reached,0.24820838415550486,0.6941565508763787,1,80.26,12.58,100.0,0.6565440099666486
280,83,10,True,Goal reached,0.24696734223472733,0.6247416338258844,1,80.45,12.51,100.0,0.6333613674606074
281,93,8,True,Goal reached,0.2457325055235537,6.697844519010232e-06,1,80.57,12.47,100.0,0.6239100090023775
282,88,9,True,Goal reached,0.24450384299593592,0.2720780462426049,1,80.67,12.45,100.0,0.618109515126539
283,78,11,True,Goal reached,0.24328132378095624,0.2448704208610053,1,80.73,12.39,100.0,0.6092687213673078
284,76,13,True,Goal reached,0.24206491716205145,0.21621322454507208,1,80.7,12.38,100.0,0.6025937025599211
285,88,9,True,Goal reached,0.2408545925762412,0.058802743036650895,1,80.77,12.35,100.0,0.5890083641175552
286,79,14,True,Goal reached,0.23965031961336,0.37880174409691847,1,80.68,12.4,100.0,0.587704034409205
287,76,13,True,Goal reached,0.2384520680152932,0.5622717641850983,1,80.98,12.26,100.0,0.5528519151298152
288,83,10,True,Goal reached,0.23725980767521673,0.19935220711880675,1,80.93,12.27,100.0,0.5525080403754142
289,78,11,True,Goal reached,0.23607350863684065,0.17941699552834223,1,80.95,12.25,100.0,0.5452329964677933
290,93,8,True,Goal reached,0.23489314109365644,3.139491276726858e-06,1,81.0,12.24,100.0,0.5359976965812631
291,79,14,True,Goal reached,0.23371867538818816,0.20048215055039265,1,80.96,12.28,100.0,0.5333944627916689
292,93,8,True,Goal reached,0.23255008201124722,2.549350668346051e-06,1,81.12,12.2,100.0,0.5257997840958266
293,80,17,True,Goal reached,0.231387331601191,0.36199726960852274,1,80.99,12.29,100.0,0.5293267798472346
294,88,9,True,Goal reached,0.23023039494318503,0.16147533179338325,1,81.11,12.25,100.0,0.5223474750601994
295,93,8,True,Goal reached,0.2290792429684691,2.0595615310980975e-06,1,81.18,12.22,100.0,0.5146129262041671
296,76,13,True,Goal reached,0.22793384675362674,0.28809618305216134,1,81.15,12.21,100.0,0.5120181567622026
297,88,9,True,Goal reached,0.22679417751985861,0.14715934988846868,1,81.26,12.14,100.0,0.5053657380679532
298,91,10,True,Goal reached,0.22566020663225933,0.25196870996121845,1,81.6,12.04,100.0,0.47649058470951344
299,78,11,True,Goal reached,0.22453190559909803,0.14532782221972695,1,81.57,12.03,100.0,0.47217357474212335
300,77,16,True,Goal reached,0.22340924607110255,0.22677187725216186,1,81.55,12.05,100.0,0.4674643407551076
301,93,8,True,Goal reached,0.22229219984074702,1.3482796532571228e-06,1,81.64,12.0,100.0,0.46025243014846934
302,88,9,True,Goal reached,0.2211807388415433,0.04461238711337501,1,81.83,11.93,100.0,0.4502092155114282
303,88,9,True,Goal reached,0.22007483514733558,0.06779537452663931,1,82.09,11.83,100.0,0.44247310455717953
304,83,10,True,Goal reached,0.2189744609715989,0.11919938885854009,1,82.45,11.71,100.0,0.41280277371268215
305,91,10,True,Goal reached,0.2178795886667409,0.2665466233933387,1,82.53,11.71,100.0,0.40980448798491453
306,86,11,True,Goal reached,0.2167901907234072,0.24642602657261392,1,82.87,11.61,100.0,0.4046793462421152
307,91,10,True,Goal reached,0.21570623976979014,0.06736291625821877,1,82.92,11.6,100.0,0.4012798083597113
308,76,13,True,Goal reached,0.21462770857094118,0.12782097356551958,1,82.77,11.63,100.0,0.40059593627971407
309,93,8,True,Goal reached,0.21355457002808648,7.818880831678143e-07,1,82.84,11.6,100.0,0.3959778273579954
310,88,9,True,Goal reached,0.21248679717794605,0.04812853859699828,1,83.07,11.49,100.0,0.3702417162281331
311,83,10,True,Goal reached,0.21142436319205632,0.5060490699526383,1,83.07,11.49,100.0,0.37105839557742726
312,93,8,True,Goal reached,0.21036724137609603,6.216320116436691e-07,1,83.19,11.45,100.0,0.36780167629861965
313,86,11,True,Goal reached,0.20931540516921554,0.20409478573053264,1,83.37,11.43,100.0,0.3652466024857064
314,93,8,True,Goal reached,0.20826882814336947,5.333919972372314e-07,1,83.37,11.43,100.0,0.36522878829038474
315,88,9,True,Goal reached,0.20722748400265262,0.09092764637830442,1,83.49,11.39,100.0,0.3412351337642058
316,88,9,True,Goal reached,0.20619134658263935,0.10727973475880503,1,83.91,11.21,100.0,0.33376285932885225
317,86,11,True,Goal reached,0.20516038984972615,0.18043716940060506,1,83.84,11.24,100.0,0.3355519645783305
318,93,8,True,Goal reached,0.2041345879004775,3.5519055074928474e-07,1,83.98,11.18,100.0,0.3344618526411884
319,93,8,True,Goal reached,0.2031139149609751,3.3006769228904886e-07,1,84.12,11.12,100.0,0.3320614221153392
320,93,8,True,Goal reached,0.20209834538617025,3.066550178232319e-07,1,84.22,11.1,100.0,0.32824184609457435
321,93,8,True,Goal reached,0.2010878536592394,2.8484448932886153e-07,1,84.38,11.02,100.0,0.3245147807997864
322,93,8,True,Goal reached,0.2000824143909432,2.6453374601942414e-07,1,84.71,10.89,100.0,0.2962514482313326
323,74,15,True,Goal reached,0.19908200231898848,0.19834715165128358,1,84.67,10.93,100.0,0.29266957837796065
324,78,11,True,Goal reached,0.19808659230739353,0.06519427162068325,1,84.56,10.92,100.0,0.28681929532244615
325,93,8,True,Goal reached,0.19709615934585656,2.1165915597975982e-07,1,84.56,10.92,100.0,0.2868106241102272
326,93,8,True,Goal reached,0.19611067854912728,1.9643999138452273e-07,1,84.63,10.89,100.0,0.28095837748805347
327,93,8,True,Goal reached,0.19513012515638165,1.82293142358958e-07,1,84.78,10.86,100.0,0.27754924850782314
328,93,8,True,Goal reached,0.19415447453059972,1.6914474798568335e-07,1,84.83,10.85,100.0,0.27448101760314464
329,91,10,True,Goal reached,0.19318370215794672,0.3525297419880786,1,84.83,10.85,100.0,0.2727390489274175
330,81,12,True,Goal reached,0.192217783647157,4.600075735783349,1,84.76,10.88,100.0,0.31698988950404955
331,76,13,True,Goal reached,0.1912566947289212,0.06101583708539238,1,84.71,10.89,100.0,0.30989474987781157
332,86,11,True,Goal reached,0.1903004112552766,0.1644267888357689,1,84.69,10.91,100.0,0.3109271017077406
333,88,9,True,Goal reached,0.18934890919900021,0.011621712630400793,1,84.69,10.91,100.0,0.310586118675735
334,93,8,True,Goal reached,0.18840216465300522,1.0767247005105673e-07,1,84.91,10.85,100.0,0.307148415843667
335,84,13,True,Goal reached,0.18746015382974018,0.16239383654470885,1,84.87,10.89,100.0,0.30719742899805413
336,88,9,True,Goal reached,0.1865228530605915,0.1479841100710786,1,85.12,10.84,100.0,0.30366031354706335
337,93,8,True,Goal reached,0.18559023879528855,7.768668552898816e-08,1,85.24,10.8,100.0,0.2979878898217491
338,78,11,True,Goal reached,0.1846622876013121,0.16066125649214058,1,85.16,10.8,100.0,0.2974826338134715
339,88,9,True,Goal reached,0.18373897616330553,0.09534962478302589,1,85.31,10.77,100.0,0.2956746105193864
340,89,12,True,Goal reached,0.182820281282489,0.060626925290634404,1,85.37,10.79,100.0,0.2938198291085151
341,77,16,True,Goal reached,0.18190617987607657,0.18368535152985999,1,85.31,10.85,100.0,0.29315057974072467
342,73,12,True,Goal reached,0.18099664897669618,0.09655190200390962,1,85.18,10.86,100.0,0.2907580364722413
343,93,8,True,Goal reached,0.1800916657318127,5.106122102915833e-08,1,85.33,10.83,100.0,0.2888572508319743
344,89,12,True,Goal reached,0.17919120740315364,0.2101902764348722,1,85.31,10.85,100.0,0.2901531393575624
345,84,13,True,Goal reached,0.17829525136613786,0.455444973470982,1,85.37,10.79,100.0,0.2901899906828412
346,91,10,True,Goal reached,0.17740377510930716,0.13153907549889965,1,85.35,10.81,100.0,0.2915035735535554
347,83,10,True,Goal reached,0.17651675623376062,0.14459514614058833,1,85.35,10.81,100.0,0.2907126536468387
348,93,8,True,Goal reached,0.1756341724525918,2.8671436780314252e-08,1,85.35,10.81,100.0,0.2907111292218167
349,88,9,True,Goal reached,0.17475600159032884,0.03252243551840195,1,85.32,10.8,100.0,0.2862952912724049
350,88,9,True,Goal reached,0.17388222158237718,0.029270191973068904,1,85.29,10.79,100.0,0.2859442669582911
351,88,9,True,Goal reached,0.1730128104744653,0.016523074552395656,1,85.26,10.78,100.0,0.2812666840625751
352,88,9,True,Goal reached,0.17214774642209296,0.19459905031062874,1,85.28,10.76,100.0,0.28248725489688825
353,83,10,True,Goal reached,0.1712870076899825,0.11986712936408139,1,85.27,10.73,100.0,0.27941892884302405
354,78,11,True,Goal reached,0.17043057265153258,0.08689672349287747,1,85.17,10.75,100.0,0.2772650934772827
355,83,10,True,Goal reached,0.16957841978827493,0.07723319690090591,1,85.16,10.72,100.0,0.27419710941716646
356,89,12,True,Goal reached,0.16873052768933355,0.11838519270622783,1,85.24,10.72,100.0,0.27131373872630177
357,93,8,True,Goal reached,0.1678868750508869,1.345044609024626e-08,1,85.29,10.71,100.0,0.27104376080392784
358,83,10,True,Goal reached,0.16704744067563246,0.06950987727900326,1,85.24,10.72,100.0,0.268078210981524
359,93,8,True,Goal reached,0.1662122034722543,1.1651124509626243e-08,1,85.35,10.65,100.0,0.2627550746179263
360,86,11,True,Goal reached,0.16538114245489302,0.0385521505753843,1,85.33,10.67,100.0,0.26289761570419046
361,81,12,True,Goal reached,0.16455423674261854,0.40990051408233086,1,85.3,10.66,100.0,0.24100749797205417
362,91,10,True,Goal reached,0.16373146555890544,0.10846436651620195,1,85.38,10.66,100.0,0.2405523223346156
363,93,8,True,Goal reached,0.16291280823111093,8.70298322297458e-09,1,85.6,10.6,100.0,0.2370960028067048
364,93,8,True,Goal reached,0.16209824418995536,8.090054848253203e-09,1,85.67,10.57,100.0,0.2359895260296937
365,93,8,True,Goal reached,0.16128775296900558,7.516490541092935e-09,1,85.93,10.47,100.0,0.23221761748572456
366,88,9,True,Goal reached,0.16048131420416054,0.054914253377461364,1,85.88,10.48,100.0,0.2327664664073589
367,91,10,True,Goal reached,0.15967890763313974,0.027710369837279814,1,86.02,10.42,100.0,0.22805624732521992
368,91,10,True,Goal reached,0.15888051309497406,0.11503887626628284,1,86.14,10.38,100.0,0.22454115288948956
369,91,10,True,Goal reached,0.1580861105294992,0.0976179301341773,1,86.37,10.27,100.0,0.18604598799049946
370,93,8,True,Goal reached,0.1572956799768517,5.1697739422706945e-09,1,86.44,10.24,100.0,0.18185010368974702
371,88,9,True,Goal reached,0.15650920157696743,0.07799687414185996,1,86.43,10.21,100.0,0.1785644569353341
372,86,11,True,Goal reached,0.1557266555690826,0.10654668731530847,1,86.38,10.22,100.0,0.1771549874425286
373,93,8,True,Goal reached,0.1549480222912372,3.7166287825129984e-09,1,86.43,10.21,100.0,0.17532802410055282
374,83,10,True,Goal reached,0.15417328217978102,0.038580483169667446,1,86.35,10.21,100.0,0.17181458530726482
375,83,10,True,Goal reached,0.1534024157688821,0.36891047163918955,1,86.27,10.21,100.0,0.17467209336296682
376,93,8,True,Goal reached,0.1526354036900377,2.9756463959529356e-09,1,86.42,10.18,100.0,0.17265348646624354
377,93,8,True,Goal reached,0.1518722266715875,2.760678796676075e-09,1,86.52,10.16,100.0,0.16998424527388728
378,93,8,True,Goal reached,0.15111286553822956,2.5602346909181506e-09,1,86.69,10.03,100.0,0.16781958590711468
379,91,10,True,Goal reached,0.15035730121053842,0.024939332854643226,1,87.07,9.97,100.0,0.16112741372689732
380,93,8,True,Goal reached,0.14960551470448571,2.1995489873916085e-09,1,87.17,9.95,100.0,0.15487999741063396
381,88,9,True,Goal reached,0.14885748713096328,0.02841942079031412,1,87.12,9.96,100.0,0.15516412464009194
382,83,10,True,Goal reached,0.14811319969530845,0.07019718676976083,1,87.07,9.97,100.0,0.1531453160453635
383,93,8,True,Goal reached,0.1473726336968319,1.7472459035161592e-09,1,87.22,9.94,100.0,0.1506966118542259
384,88,9,True,Goal reached,0.14663577052834775,0.00941358727229158,1,87.34,9.9,100.0,0.14862861548149808
385,93,8,True,Goal reached,0.14590259167570602,1.4965024774937774e-09,1,87.39,9.89,100.0,0.1480405880660966
386,91,10,True,Goal reached,0.1451730787173275,0.10353498863979382,1,87.51,9.85,100.0,0.14528792051152536
387,93,8,True,Goal reached,0.14444721332374086,1.2804406424038461e-09,1,87.68,9.8,100.0,0.13966520288247877
388,93,8,True,Goal reached,0.14372497725712216,1.1839915714517701e-09,1,87.78,9.78,100.0,0.13767168082313064
389,93,8,True,Goal reached,0.14300635237083656,1.094562662729004e-09,1,87.93,9.75,100.0,0.13587751087879282
390,83,10,True,Goal reached,0.14229132060898236,0.02557747871131255,1,87.83,9.77,100.0,0.13613325427099318
391,88,9,True,Goal reached,0.14157986400593744,0.13013564327567906,1,87.92,9.72,100.0,0.13542978919824605
392,82,15,True,Goal reached,0.14087196468590776,0.08785613738274378,1,87.81,9.79,100.0,0.1363083250785668
393,88,9,True,Goal reached,0.14016760486247823,0.06255888976120616,1,87.89,9.71,100.0,0.13331394128009363
394,91,10,True,Goal reached,0.13946676683816583,0.3277246919102055,1,87.92,9.72,100.0,0.13497643488126188
395,93,8,True,Goal reached,0.138769433003975,6.934115504009242e-10,1,87.92,9.72,100.0,0.13497641429258067
396,85,16,True,Goal reached,0.13807558583895513,0.30435537359123543,1,88.01,9.75,100.0,0.13513900619797142
397,93,8,True,Goal reached,0.13738520790976036,6.11407813266851e-10,1,88.06,9.74,100.0,0.1336674127052008
398,88,9,True,Goal reached,0.13669828187021155,0.049422828039723754,1,88.03,9.73,100.0,0.13164195388598585
399,88,9,True,Goal reached,0.13601479046086049,0.0347224348534354,1,88.13,9.71,100.0,0.13053590001232293
400,88,9,True,Goal reached,0.1353347165085562,0.06628628931480307,1,88.24,9.64,100.0,0.12893104413294934
401,88,9,True,Goal reached,0.1346580429260134,0.10788041647791147,1,88.19,9.65,100.0,0.13000983481493195
402,81,12,True,Goal reached,0.13398475271138335,0.07116347130659051,1,88.12,9.68,100.0,0.13027534565686408
403,93,8,True,Goal reached,0.13331482894782642,3.624833766480151e-10,1,88.17,9.67,100.0,0.12959739191522254
404,93,8,True,Goal reached,0.13264825480308728,3.3243452435272047e-10,1,88.27,9.65,100.0,0.12840539802996148
405,86,11,True,Goal reached,0.13198501352907185,0.07606699786792603,1,88.22,9.66,100.0,0.12650060177470734
406,83,10,True,Goal reached,0.1313250884614265,0.3320194282276887,1,88.19,9.65,100.0,0.1273565357912581
407,88,9,True,Goal reached,0.13066846301911936,0.1751391728790992,1,88.16,9.64,100.0,0.1284342983574669
408,83,10,True,Goal reached,0.13001512070402377,0.15762525561554952,1,88.23,9.61,100.0,0.1287323411779672
409,88,9,True,Goal reached,0.12936504510050365,0.013383690388366176,1,88.18,9.62,100.0,0.12886617026297004
410,88,9,True,Goal reached,0.12871821987500112,0.008472228545329585,1,88.18,9.62,100.0,0.12846960716245334
411,86,11,True,Goal reached,0.12807462877562611,0.09589202352696446,1,88.21,9.63,100.0,0.1243680366981966
412,93,8,True,Goal reached,0.12743425563174798,1.5015189092082437e-10,1,88.21,9.63,100.0,0.12436803048337801
413,93,8,True,Goal reached,0.12679708435358925,1.3802292642139946e-10,1,88.28,9.6,100.0,0.12232708262745291
414,93,8,True,Goal reached,0.1261630989318213,1.268674054699659e-10,1,88.28,9.6,100.0,0.1223270772948016
415,93,8,True,Goal reached,0.1255322834371622,1.1661427379294764e-10,1,88.33,9.59,100.0,0.12141780083218472
416,88,9,True,Goal reached,0.12490462201997637,0.048322704924146365,1,88.33,9.59,100.0,0.12082823053383812
417,93,8,True,Goal reached,0.1242800989098765,9.852385574049549e-11,1,88.4,9.56,100.0,0.11902385884081731
418,84,13,True,Goal reached,0.12365869841532712,0.08738313734748715,1,88.31,9.61,100.0,0.11989768666238668
419,93,8,True,Goal reached,0.12304040492325048,8.324008149429574e-11,1,88.31,9.61,100.0,0.11989768336254215
420,91,10,True,Goal reached,0.12242520289863423,0.08630282128361699,1,88.29,9.63,100.0,0.12076070850882814
421,93,8,True,Goal reached,0.12181307688414106,6.343725544866174e-11,1,88.29,9.63,100.0,0.12076070566101763
422,88,9,True,Goal reached,0.12120401149972035,0.04448054523575706,1,88.24,9.64,100.0,0.12120550846803774
423,91,10,True,Goal reached,0.12059799144222175,0.09318148977583007,1,88.41,9.59,100.0,0.1201538518492832
424,93,8,True,Goal reached,0.11999500148501063,4.958877752869739e-11,1,88.56,9.56,100.0,0.11950190913357225
425,93,8,True,Goal reached,0.11939502647758558,4.567368705465924e-11,1,88.56,9.56,100.0,0.11950190701743743
426,88,9,True,Goal reached,0.11879805134519765,0.04349043443463074,1,88.51,9.57,100.0,0.11993680939738383
427,93,8,True,Goal reached,0.11820406108847166,3.874589538099826e-11,1,88.51,9.57,100.0,0.11993680757483986
428,93,8,True,Goal reached,0.1176130407830293,3.568345618987223e-11,1,88.51,9.57,100.0,0.11993680588374922
429,93,8,True,Goal reached,0.11702497557911415,3.2862601528904634e-11,1,88.53,9.55,100.0,0.11641150846419705
430,93,8,True,Goal reached,0.11643985070121858,3.026201511602267e-11,1,88.65,9.51,100.0,0.07041075110666618
431,93,8,True,Goal reached,0.11585765144771248,2.786748609651113e-11,1,88.82,9.46,100.0,0.06980059273609093
432,81,12,True,Goal reached,0.11527836319047392,0.17882813978570766,1,88.77,9.47,100.0,0.06994460624559032
433,93,8,True,Goal reached,0.11470197137452155,2.362554596402333e-11,1,88.82,9.46,100.0,0.06982838911952256
434,88,9,True,Goal reached,0.11412846151764894,0.051173749176868455,1,88.77,9.47,100.0,0.07034012553456655
435,93,8,True,Goal reached,0.1135578192100607,2.0023094293719623e-11,1,88.86,9.42,100.0,0.0687161871693197
436,93,8,True,Goal reached,0.11299003011401039,1.8431478565617e-11,1,88.91,9.41,100.0,0.06723634606879322
437,91,10,True,Goal reached,0.11242507996344034,0.16480363308221513,1,88.89,9.43,100.0,0.06888438162274851
438,86,11,True,Goal reached,0.11186295456362313,0.06404712419140424,1,88.97,9.43,100.0,0.06791824029974115
439,93,8,True,Goal reached,0.11130363979080501,1.4374279544426827e-11,1,89.02,9.42,100.0,0.06696474405205464
440,93,8,True,Goal reached,0.11074712159185099,1.3237411167210666e-11,1,89.06,9.38,100.0,0.06635847479928067
441,88,9,True,Goal reached,0.11019338598389174,0.04560543064306444,1,89.17,9.31,100.0,0.06497767559041272
442,93,8,True,Goal reached,0.10964241905397228,1.1212364370294381e-11,1,89.37,9.27,100.0,0.06401215657048574
443,93,8,True,Goal reached,0.10909420695870241,1.0324185950594256e-11,1,89.37,9.27,100.0,0.06401215605997677
444,93,8,True,Goal reached,0.1085487359239089,9.49995637711254e-12,1,89.41,9.23,100.0,0.061910253295723056
445,83,10,True,Goal reached,0.10800599224428936,0.028125172231341367,1,89.4,9.2,100.0,0.057637055283326646
446,93,8,True,Goal reached,0.10746596228306791,8.043343768804334e-12,1,89.42,9.18,100.0,0.05632166452841808
447,91,10,True,Goal reached,0.10692863247165257,0.28238267203001044,1,89.5,9.18,100.0,0.05769953978731231
448,88,9,True,Goal reached,0.1063939893092943,0.006862505121731033,1,89.45,9.19,100.0,0.05776816455181524
449,93,8,True,Goal reached,0.10586201936274783,6.266986929404084e-12,1,89.5,9.18,100.0,0.057442940196693895
450,93,8,True,Goal reached,0.10533270926593409,5.7625015870144125e-12,1,89.55,9.17,100.0,0.057150238277020836
451,93,8,True,Goal reached,0.10480604571960442,5.300648808770347e-12,1,89.6,9.16,100.0,0.056985007531549885
452,88,9,True,Goal reached,0.1042820154910064,0.29881748572088895,1,89.6,9.16,100.0,0.05802719188565249
453,93,8,True,Goal reached,0.10376060541355137,4.483524662646232e-12,1,89.7,9.14,100.0,0.05682852059205651
454,88,9,True,Goal reached,0.1032418023864836,0.03914139099309466,1,89.8,9.12,100.0,0.056350967267058676
455,93,8,True,Goal reached,0.10272559337455119,3.787192781601334e-12,1,89.9,9.1,100.0,0.05557863529808749
456,88,9,True,Goal reached,0.10221196540767843,0.04104488757882052,1,89.89,9.07,100.0,0.05480523224681342
457,86,11,True,Goal reached,0.10170090558064004,0.1418627303210016,1,89.82,9.1,100.0,0.056223859415518974
458,88,9,True,Goal reached,0.10119240105273684,0.036940398820931364,1,89.87,9.09,100.0,0.05589816463093825
459,91,10,True,Goal reached,0.10068643904747315,0.031227241986016452,1,89.85,9.11,100.0,0.05621043693428717
460,91,10,True,Goal reached,0.10018300685223579,0.26176095711655734,1,89.9,9.1,100.0,0.0584425249996989
461,93,8,True,Goal reached,0.0996820918179746,2.2808421817899216e-12,1,90.02,9.06,100.0,0.054343519858898404
462,93,8,True,Goal reached,0.09918368135888474,2.1032064978498966e-12,1,90.04,9.04,100.0,0.053258876193757416
463,93,8,True,Goal reached,0.09868776295209031,1.9255708139098715e-12,1,90.04,9.04,100.0,0.05325887610674684
464,91,10,True,Goal reached,0.09819432413732986,0.07767253923588413,1,90.02,9.06,100.0,0.05403560141820513
465,93,8,True,Goal reached,0.09770335251664321,1.4708234630234074e-12,1,90.02,9.06,100.0,0.054035601343054934
466,93,8,True,Goal reached,0.09721483575406,1.3500311979441904e-12,1,90.07,9.05,100.0,0.05348645880929382
467,81,12,True,Goal reached,0.09672876157528969,0.10540987129841994,1,89.97,9.07,100.0,0.054263453823905225
468,88,9,True,Goal reached,0.09624511776741324,0.03324635893885386,1,89.94,9.06,100.0,0.05344552865063093
469,79,14,True,Goal reached,0.09576389217857617,0.24243975846604116,1,89.82,9.1,100.0,0.05489374693394957
470,93,8,True,Goal reached,0.09528507271768329,9.876544027065393e-13,1,89.82,9.1,100.0,0.05489374688226171
471,88,9,True,Goal reached,0.09480864735409487,0.01204532134951819,1,89.82,9.1,100.0,0.05423423135433829
472,88,9,True,Goal reached,0.0943346041173244,0.028063996213390396,1,89.84,9.08,100.0,0.05344940444331911
473,93,8,True,Goal reached,0.09386293109673778,7.673861546209082e-13,1,89.84,9.08,100.0,0.0534494044061605
474,86,11,True,Goal reached,0.09339361644125409,0.15179574632160353,1,89.87,9.09,100.0,0.054581557037679855
475,93,8,True,Goal reached,0.09292664835904782,6.465938895416912e-13,1,89.97,9.07,100.0,0.050892452321294426
476,91,10,True,Goal reached,0.09246201511725258,0.13974140058236628,1,89.95,9.09,100.0,0.052289866297361626
477,93,8,True,Goal reached,0.09199970504166631,5.400124791776761e-13,1,89.95,9.09,100.0,0.05228986626976024
478,93,8,True,Goal reached,0.09153970651645797,4.973799150320701e-13,1,89.95,9.09,100.0,0.05228986624416287
479,88,9,True,Goal reached,0.09108200798387568,0.02992172304496421,1,89.92,9.08,100.0,0.05233969014606608
480,88,9,True,Goal reached,0.0906265979439563,0.02525759659205562,1,89.87,9.09,100.0,0.052592266089991145
481,93,8,True,Goal reached,0.09017346495423652,3.836930773104541e-13,1,89.92,9.08,100.0,0.052308071882091835
482,88,9,True,Goal reached,0.08972259762946533,0.0061762546095565085,1,89.97,9.07,100.0,0.051667862560489795
483,89,12,True,Goal reached,0.089273984641318,0.06161426827540595,1,89.93,9.11,100.0,0.052284005225771396
484,93,8,True,Goal reached,0.0888276147181114,2.984279490192421e-13,1,89.98,9.1,100.0,0.05218986935305146
485,93,8,True,Goal reached,0.08838347664452084,2.7000623958883807e-13,1,89.98,9.1,100.0,0.05218986933808914
486,93,8,True,Goal reached,0.08794155926129824,2.4868995751603507e-13,1,90.0,9.08,100.0,0.051154519451693685
487,93,8,True,Goal reached,0.08750185146499175,2.2737367544323206e-13,1,90.0,9.08,100.0,0.05115451943889156
488,89,12,True,Goal reached,0.08706434220766679,0.12857996652775938,1,89.96,9.12,100.0,0.052440319092329234
489,93,8,True,Goal reached,0.08662902049662846,1.9184653865522705e-13,1,89.96,9.12,100.0,0.05244031908138552
490,93,8,True,Goal reached,0.08619587539414532,1.7763568394002505e-13,1,90.06,9.1,100.0,0.052184544294274174
491,93,8,True,Goal reached,0.08576489601717459,1.6342482922482304e-13,1,90.11,9.09,100.0,0.05088318786151902
492,81,12,True,Goal reached,0.08533607153708872,0.03579960721595654,1,90.1,9.06,100.0,0.05036262255985115
493,93,8,True,Goal reached,0.08490939117940327,1.3500311979441904e-13,1,90.15,9.05,100.0,0.049737033662240436
494,93,8,True,Goal reached,0.08448484422350626,1.2789769243681803e-13,1,90.17,9.03,100.0,0.04645978674313966
495,93,8,True,Goal reached,0.08406242000238873,1.1368683772161603e-13,1,90.17,9.03,100.0,0.04645978673620668
496,88,9,True,Goal reached,0.08364210790237678,0.0460563742593223,1,90.2,8.96,100.0,0.04387679674288755
497,93,8,True,Goal reached,0.0832238973628649,9.237055564881302e-14,1,90.2,8.96,100.0,0.043876796736774394
498,93,8,True,Goal reached,0.08280777787605056,8.526512829121202e-14,1,90.25,8.95,100.0,0.04338256845637801
499,88,9,True,Goal reached,0.08239373898667031,0.26893573715440766,1,90.25,8.95,100.0,0.04572470147938773
500,93,8,True,Goal reached,0.08198177029173696,7.105427357601002e-14,1,90.3,8.94,100.0,0.04506183858624041
501,93,8,True,Goal reached,0.08157186144027828,6.394884621840902e-14,1,90.35,8.93,100.0,0.04398303442146194
502,91,10,True,Goal reached,0.0811640021330769,0.020200859612657496,1,90.45,8.91,100.0,0.04347340830452261
503,93,8,True,Goal reached,0.08075818212241151,5.684341886080802e-14,1,90.45,8.91,100.0,0.04347340830089834
504,91,10,True,Goal reached,0.08035439121179945,0.22436518997462684,1,90.43,8.93,100.0,0.04571706019732027
505,88,9,True,Goal reached,0.07995261925574046,0.02531265500820723,1,90.45,8.91,100.0,0.045209516768723076
506,93,8,True,Goal reached,0.07955285615946175,4.263256414560601e-14,1,90.55,8.89,100.0,0.04188932248644662
507,93,8,True,Goal reached,0.07915509187866444,3.552713678800501e-14,1,90.6,8.88,100.0,0.04013793075765598
508,88,9,True,Goal reached,0.07875931641927113,0.026929550740462105,1,90.65,8.87,100.0,0.038830973708905106
509,93,8,True,Goal reached,0.07836551983717477,2.842170943040401e-14,1,90.7,8.86,100.0,0.03869713680502173
510,93,8,True,Goal reached,0.07797369223798889,2.842170943040401e-14,1,90.75,8.85,100.0,0.03861241451956872
511,83,10,True,Goal reached,0.07758382377679894,0.024236595666423,1,90.72,8.84,100.0,0.0378958602409633
512,91,10,True,Goal reached,0.07719590465791494,0.06990528531414952,1,90.7,8.86,100.0,0.03859491309260328
513,93,8,True,Goal reached,0.07680992513462537,1.4210854715202004e-14,1,90.7,8.86,100.0,0.03859491309122319
514,93,8,True,Goal reached,0.07642587550895225,1.4210854715202004e-14,1,90.7,8.86,100.0,0.038594913089954656
515,91,10,True,Goal reached,0.07604374613140748,0.11825340527826,1,90.68,8.88,100.0,0.039777447141571116
516,93,8,True,Goal reached,0.07566352740075044,1.4210854715202004e-14,1,90.73,8.87,100.0,0.039294220092329794
517,91,10,True,Goal reached,0.07528520976374668,0.025294066008683558,1,90.71,8.89,100.0,0.039547160751431394
518,88,9,True,Goal reached,0.07490878371492794,0.04145073683339717,1,90.75,8.85,100.0,0.03908783674629049
519,93,8,True,Goal reached,0.0745342397963533,7.105427357601002e-15,1,90.75,8.85,100.0,0.03908783674545816
520,93,8,True,Goal reached,0.07416156859737154,7.105427357601002e-15,1,90.77,8.83,100.0,0.038224808532622064
521,93,8,True,Goal reached,0.07379076075438468,7.105427357601002e-15,1,90.77,8.83,100.0,0.03822480853198776
522,93,8,True,Goal reached,0.07342180695061275,7.105427357601002e-15,1,90.82,8.82,100.0,0.03778000307963026
523,93,8,True,Goal reached,0.07305469791585968,7.105427357601002e-15,1,90.84,8.8,100.0,0.036848188181872035
524,93,8,True,Goal reached,0.07268942442628039,7.105427357601002e-15,1,90.84,8.8,100.0,0.03684818818137622
525,93,8,True,Goal reached,0.07232597730414898,7.105427357601002e-15,1,90.84,8.8,100.0,0.03684818818091955
526,93,8,True,Goal reached,0.07196434741762824,7.105427357601002e-15,1,90.89,8.79,100.0,0.036413283836573315
527,86,11,True,Goal reached,0.0716045256805401,0.03221964649437581,1,90.82,8.82,100.0,0.036735480301129615
528,88,9,True,Goal reached,0.0712465030521374,0.021812936099777858,1,90.77,8.83,100.0,0.03695360966177055
529,88,9,True,Goal reached,0.0708902705368767,0.07864482361281944,1,90.72,8.84,100.0,0.03774005789757012
530,88,9,True,Goal reached,0.07053581918419231,0.24204216343903795,1,90.67,8.85,100.0,0.04016047953165788
531,93,8,True,Goal reached,0.07018314008827135,0.0,1,90.67,8.85,100.0,0.04016047953137921
532,91,10,True,Goal reached,0.06983222438783,0.06291475678275305,1,90.77,8.83,100.0,0.039001345701349666
533,91,10,True,Goal reached,0.06948306326589085,0.01818077365139459,1,90.75,8.85,100.0,0.039183153437627356
534,93,8,True,Goal reached,0.0691356479495614,0.0,1,90.8,8.84,100.0,0.03867141594585867
535,91,10,True,Goal reached,0.06878996970981359,0.016362696286250866,1,90.78,8.86,100.0,0.038835042908520946
536,91,10,True,Goal reached,0.06844601986126451,0.10870635661337502,1,90.76,8.88,100.0,0.039922106474470385
537,93,8,True,Goal reached,0.06810378976195819,0.0,1,90.78,8.86,100.0,0.03827407014364823
538,83,10,True,Goal reached,0.0677632708131484,0.21783794709513415,1,90.75,8.85,100.0,0.03981197837268553
539,93,8,True,Goal reached,0.06742445445908266,0.0,1,90.75,8.85,100.0,0.03981197837254179
540,88,9,True,Goal reached,0.06708733218678724,0.010840789214569213,1,90.7,8.86,100.0,0.0399203862645551
541,93,8,True,Goal reached,0.0667518955258533,0.0,1,90.75,8.85,100.0,0.03946433195812446
542,93,8,True,Goal reached,0.06641813604822402,0.0,1,90.75,8.85,100.0,0.039464331958012334
543,88,9,True,Goal reached,0.0660860453679829,0.017283755703900283,1,90.7,8.86,100.0,0.0396371695149481
544,93,8,True,Goal reached,0.06575561514114299,0.0,1,90.7,8.86,100.0,0.0396371695148531
545,93,8,True,Goal reached,0.06542683706543727,0.0,1,90.8,8.84,100.0,0.039355917792539684
546,91,10,True,Goal reached,0.06509970288011008,0.014726426657631464,1,90.78,8.86,100.0,0.039503182059035566
547,93,8,True,Goal reached,0.06477420436570952,0.0,1,90.8,8.84,100.0,0.03667935533873546
548,93,8,True,Goal reached,0.06445033334388098,0.0,1,90.85,8.83,100.0,0.03661073028751815
549,93,8,True,Goal reached,0.06412808167716157,0.0,1,90.85,8.83,100.0,0.036610730287455484
550,93,8,True,Goal reached,0.06380744126877576,0.0,1,90.85,8.83,100.0,0.03661073028739786
551,93,8,True,Goal reached,0.06348840406243188,0.0,1,90.85,8.83,100.0,0.03661073028734485
552,93,8,True,Goal reached,0.06317096204211972,0.0,1,90.9,8.82,100.0,0.03362255543013596
553,93,8,True,Goal reached,0.06285510723190912,0.0,1,90.9,8.82,100.0,0.03362255543009113
554,93,8,True,Goal reached,0.06254083169574957,0.0,1,90.95,8.81,100.0,0.03323114152016018
555,93,8,True,Goal reached,0.062228127537270826,0.0,1,90.95,8.81,100.0,0.033231141520122305
556,91,10,True,Goal reached,0.06191698689958447,0.05545284144787388,1,90.98,8.82,100.0,0.03337522105881284
557,86,11,True,Goal reached,0.061607401965086545,0.0754770067184154,1,90.98,8.82,100.0,0.03271136382278698
558,91,10,True,Goal reached,0.06129936495526111,0.04990755730308649,1,91.01,8.83,100.0,0.03284103540760853
559,93,8,True,Goal reached,0.0609928681304848,0.0,1,91.03,8.81,100.0,0.032528762987748365
560,93,8,True,Goal reached,0.060687903789832374,0.0,1,91.05,8.79,100.0,0.029911153416582792
561,93,8,True,Goal reached,0.06038446427088321,0.0,1,91.05,8.79,100.0,0.029911153416559984
562,88,9,True,Goal reached,0.06008254194952879,0.028534074034084256,1,91.0,8.8,100.0,0.030196494156879795
563,93,8,True,Goal reached,0.05978212923978115,0.0,1,91.0,8.8,100.0,0.03019649415686054
564,93,8,True,Goal reached,0.05948321859358224,0.0,1,91.02,8.78,100.0,0.029419768764501697
565,93,8,True,Goal reached,0.05918580250061433,0.0,1,91.02,8.78,100.0,0.02941976876448699
566,83,10,True,Goal reached,0.058889873488111255,0.08538199575197325,1,90.92,8.8,100.0,0.03027358872199322
567,86,11,True,Goal reached,0.058595424120670696,0.19605415238562074,1,90.97,8.79,100.0,0.031180031532865228
568,93,8,True,Goal reached,0.05830244700006734,0.0,1,91.02,8.78,100.0,0.030847567943476692
569,93,8,True,Goal reached,0.058010934765067,0.0,1,91.16,8.72,100.0,0.02842317035881628
570,83,10,True,Goal reached,0.05772088009124167,0.040032490712178515,1,91.06,8.74,100.0,0.028823495265928187
571,91,10,True,Goal reached,0.05743227569078546,0.06792930604657954,1,91.09,8.75,100.0,0.0293823351128988
572,93,8,True,Goal reached,0.05714511431233153,0.0,1,91.14,8.74,100.0,0.029101695150764897
573,91,10,True,Goal reached,0.05685938874076987,0.02276465940781236,1,91.12,8.76,100.0,0.029329341744835348
574,88,9,True,Goal reached,0.056575091797066025,0.17644873714706222,1,91.14,8.74,100.0,0.029575871653089933
575,93,8,True,Goal reached,0.056292216338080694,0.0,1,91.14,8.74,100.0,0.029575871653083466
576,93,8,True,Goal reached,0.05601075525639029,0.0,1,91.16,8.72,100.0,0.028178457647259805
577,88,9,True,Goal reached,0.05573070148010834,0.15880386343235386,1,91.11,8.73,100.0,0.029766496281577945
578,93,8,True,Goal reached,0.0554520479727078,0.0,1,91.11,8.73,100.0,0.02976649628157297
579,88,9,True,Goal reached,0.05517478773284426,0.013592920863828795,1,91.11,8.73,100.0,0.029603208259761614
580,93,8,True,Goal reached,0.05489891379418004,0.0,1,91.16,8.72,100.0,0.02935063229384106
581,93,8,True,Goal reached,0.05462441922520914,0.0,1,91.16,8.72,100.0,0.029350632293837223
582,93,8,True,Goal reached,0.0543512971290831,0.0,1,91.21,8.71,100.0,0.029288869747741655
583,91,10,True,Goal reached,0.05407954064343768,0.05187817059560018,1,91.23,8.69,100.0,0.0291915087709436
584,93,8,True,Goal reached,0.05380914294022049,0.0,1,91.23,8.69,100.0,0.029191508770940615
585,93,8,True,Goal reached,0.05354009722551939,0.0,1,91.23,8.69,100.0,0.029191508770937916
586,81,12,True,Goal reached,0.05327239673939179,0.028997681844934675,1,91.11,8.73,100.0,0.029481485589384775
587,88,9,True,Goal reached,0.053006034755694834,0.12767645729261545,1,91.06,8.74,100.0,0.030758250162308657
588,93,8,True,Goal reached,0.052741004581916356,0.0,1,91.1,8.7,100.0,0.029472450497031063
589,93,8,True,Goal reached,0.052477299559006776,0.0,1,91.1,8.7,100.0,0.029472450497029144
590,93,8,True,Goal reached,0.052214913061211746,0.0,1,91.1,8.7,100.0,0.029472450497027368
591,93,8,True,Goal reached,0.05195383849590569,0.0,1,91.1,8.7,100.0,0.029472450497025734
592,88,9,True,Goal reached,0.05169406930342616,0.06334771687515683,1,91.17,8.67,100.0,0.029747931593617737
593,93,8,True,Goal reached,0.05143559895690903,0.0,1,91.17,8.67,100.0,0.029747931593616387
594,93,8,True,Goal reached,0.051178420962124486,0.0,1,91.17,8.67,100.0,0.029747931593615107
595,93,8,True,Goal reached,0.05092252885731386,0.0,1,91.17,8.67,100.0,0.02974793159361397
596,88,9,True,Goal reached,0.05066791621302729,0.05701294518763689,1,91.17,8.67,100.0,0.029857497302897117
597,88,9,True,Goal reached,0.05041457663196215,0.05131165066887888,1,91.12,8.68,100.0,0.03037061380958498
598,93,8,True,Goal reached,0.050162503748802344,0.0,1,91.12,8.68,100.0,0.030370613809584127
599,88,9,True,Goal reached,0.05,0.04618048560198673,1,91.12,8.68,100.0,0.02814306129405992
600,93,8,True,Goal reached,0.05,0.0,1,91.12,8.68,100.0,0.028143061294059208
601,93,8,True,Goal reached,0.05,0.0,1,91.12,8.68,100.0,0.02814306129405857
602,93,8,True,Goal reached,0.05,0.0,1,91.14,8.66,100.0,0.027941052697931994
603,88,9,True,Goal reached,0.05,0.1429234770891199,1,91.09,8.67,100.0,0.029370287468822625
604,93,8,True,Goal reached,0.05,0.0,1,91.11,8.65,100.0,0.027126635569076355
605,93,8,True,Goal reached,0.05,0.0,1,91.16,8.64,100.0,0.026873509018994282
606,93,8,True,Goal reached,0.05,0.0,1,91.16,8.64,100.0,0.02687350901899386
607,93,8,True,Goal reached,0.05,0.0,1,91.16,8.64,100.0,0.0268735090189935
608,93,8,True,Goal reached,0.05,0.0,1,91.21,8.63,100.0,0.02660421351158888
609,93,8,True,Goal reached,0.05,0.0,1,91.21,8.63,100.0,0.026604213511588596
610,93,8,True,Goal reached,0.05,0.0,1,91.21,8.63,100.0,0.02660421351158831
611,93,8,True,Goal reached,0.05,0.0,1,91.31,8.61,100.0,0.026361847554924083
612,93,8,True,Goal reached,0.05,0.0,1,91.33,8.59,100.0,0.025662794701782586
613,93,8,True,Goal reached,0.05,0.0,1,91.33,8.59,100.0,0.025662794701782444
614,93,8,True,Goal reached,0.05,0.0,1,91.33,8.59,100.0,0.0256627947017823
615,93,8,True,Goal reached,0.05,0.0,1,91.35,8.57,100.0,0.024480260648999705
616,93,8,True,Goal reached,0.05,0.0,1,91.35,8.57,100.0,0.024480260648999563
617,93,8,True,Goal reached,0.05,0.0,1,91.37,8.55,100.0,0.024227319988912727
618,93,8,True,Goal reached,0.05,0.0,1,91.42,8.54,100.0,0.023812812620578754
619,93,8,True,Goal reached,0.05,0.0,1,91.42,8.54,100.0,0.02381281262057868
620,93,8,True,Goal reached,0.05,0.0,1,91.42,8.54,100.0,0.023812812620578612
621,93,8,True,Goal reached,0.05,0.0,1,91.42,8.54,100.0,0.02381281262057854
622,91,10,True,Goal reached,0.05,0.02609791366044334,1,91.4,8.56,100.0,0.024073791757182904
623,93,8,True,Goal reached,0.05,0.0,1,91.4,8.56,100.0,0.02407379175718283
624,93,8,True,Goal reached,0.05,0.0,1,91.4,8.56,100.0,0.02407379175718276
625,93,8,True,Goal reached,0.05,0.0,1,91.4,8.56,100.0,0.02407379175718269
626,93,8,True,Goal reached,0.05,0.0,1,91.4,8.56,100.0,0.02407379175718262
627,93,8,True,Goal reached,0.05,0.0,1,91.47,8.53,100.0,0.023751595292238862
628,93,8,True,Goal reached,0.05,0.0,1,91.52,8.52,100.0,0.02353346593124108
629,91,10,True,Goal reached,0.05,0.020488193467031124,1,91.55,8.53,100.0,0.0229518996297832
630,93,8,True,Goal reached,0.05,0.0,1,91.6,8.52,100.0,0.02053147799539282
631,91,10,True,Goal reached,0.05,0.2074811375969432,1,91.58,8.54,100.0,0.02260628937136225
632,93,8,True,Goal reached,0.05,0.0,1,91.6,8.52,100.0,0.02197714180353472
633,93,8,True,Goal reached,0.05,0.0,1,91.62,8.5,100.0,0.021795334067020774
634,93,8,True,Goal reached,0.05,0.0,1,91.62,8.5,100.0,0.021795334067020774
635,93,8,True,Goal reached,0.05,0.0,1,91.64,8.48,100.0,0.021631707104158265
636,93,8,True,Goal reached,0.05,0.0,1,91.66,8.46,100.0,0.020544643538024515
637,93,8,True,Goal reached,0.05,0.0,1,91.66,8.46,100.0,0.020544643538024515
638,88,9,True,Goal reached,0.05,0.02568066663067725,1,91.71,8.45,100.0,0.018623070733379946
639,93,8,True,Goal reached,0.05,0.0,1,91.71,8.45,100.0,0.018623070733379946
640,86,11,True,Goal reached,0.05,0.05096095299402492,1,91.69,8.47,100.0,0.019024272371174503
641,93,8,True,Goal reached,0.05,0.0,1,91.69,8.47,100.0,0.019024272371174503
642,93,8,True,Goal reached,0.05,0.0,1,91.69,8.47,100.0,0.019024272371174503
643,88,9,True,Goal reached,0.05,0.017668478240821628,1,91.69,8.47,100.0,0.019028119596543717
644,93,8,True,Goal reached,0.05,0.0,1,91.69,8.47,100.0,0.019028119596543717
645,93,8,True,Goal reached,0.05,0.0,1,91.69,8.47,100.0,0.019028119596543717
646,93,8,True,Goal reached,0.05,0.0,1,91.71,8.45,100.0,0.018880855329967403
647,93,8,True,Goal reached,0.05,0.0,1,91.71,8.45,100.0,0.018880855329967403
648,93,8,True,Goal reached,0.05,0.0,1,91.71,8.45,100.0,0.018880855329967403
649,91,10,True,Goal reached,0.05,0.018439374120319485,1,91.69,8.47,100.0,0.019065249071170597
650,93,8,True,Goal reached,0.05,0.0,1,91.69,8.47,100.0,0.019065249071170597
651,93,8,True,Goal reached,0.05,0.0,1,91.69,8.47,100.0,0.019065249071170597
652,88,9,True,Goal reached,0.05,0.022781389507386507,1,91.64,8.48,100.0,0.019293062966244463
653,93,8,True,Goal reached,0.05,0.0,1,91.64,8.48,100.0,0.019293062966244463
654,91,10,True,Goal reached,0.05,0.016595436708286115,1,91.62,8.5,100.0,0.019459017333327323
655,93,8,True,Goal reached,0.05,0.0,1,91.62,8.5,100.0,0.019459017333327323
656,93,8,True,Goal reached,0.05,0.0,1,91.64,8.48,100.0,0.018904488918848585
657,93,8,True,Goal reached,0.05,0.0,1,91.71,8.45,100.0,0.018149718851664432
658,93,8,True,Goal reached,0.05,0.0,1,91.73,8.43,100.0,0.017650643278633568
659,93,8,True,Goal reached,0.05,0.0,1,91.73,8.43,100.0,0.017650643278633568
660,93,8,True,Goal reached,0.05,0.0,1,91.73,8.43,100.0,0.017650643278633568
661,91,10,True,Goal reached,0.05,0.023488122294395453,1,91.71,8.45,100.0,0.017885524501577522
662,91,10,True,Goal reached,0.05,0.013253783991856949,1,91.74,8.46,100.0,0.017732721601155247
663,93,8,True,Goal reached,0.05,0.0,1,91.74,8.46,100.0,0.017732721601155247
664,88,9,True,Goal reached,0.05,0.12863112938021004,1,91.69,8.47,100.0,0.01901903289495735
665,88,9,True,Goal reached,0.05,0.11576801644218904,1,91.64,8.48,100.0,0.02017671305937924
666,93,8,True,Goal reached,0.05,0.0,1,91.74,8.46,100.0,0.019322893101859508
667,93,8,True,Goal reached,0.05,0.0,1,91.81,8.43,100.0,0.0173623515780033
668,93,8,True,Goal reached,0.05,0.0,1,91.81,8.43,100.0,0.0173623515780033
669,88,9,True,Goal reached,0.05,0.10419121479797155,1,91.76,8.44,100.0,0.018404263725983014
670,91,10,True,Goal reached,0.05,0.19173024379504966,1,91.84,8.44,100.0,0.019921241256811727
671,93,8,True,Goal reached,0.05,0.0,1,91.86,8.42,100.0,0.01924194819634593
672,88,9,True,Goal reached,0.05,0.0204586532395723,1,91.81,8.43,100.0,0.019446534728741652
673,93,8,True,Goal reached,0.05,0.0,1,91.83,8.41,100.0,0.01921888813466353
674,93,8,True,Goal reached,0.05,0.0,1,91.88,8.4,100.0,0.017454400763192907
675,93,8,True,Goal reached,0.05,0.0,1,91.88,8.4,100.0,0.017454400763192907
676,93,8,True,Goal reached,0.05,0.0,1,91.88,8.4,100.0,0.017454400763192907
677,81,12,True,Goal reached,0.05,0.023112599967610947,1,91.81,8.43,100.0,0.01609748812854548
678,93,8,True,Goal reached,0.05,0.0,1,91.81,8.43,100.0,0.01609748812854548
679,93,8,True,Goal reached,0.05,0.0,1,91.86,8.42,100.0,0.01596155891990719
680,93,8,True,Goal reached,0.05,0.0,1,91.86,8.42,100.0,0.01596155891990719
681,93,8,True,Goal reached,0.05,0.0,1,91.86,8.42,100.0,0.01596155891990719
682,93,8,True,Goal reached,0.05,0.0,1,91.86,8.42,100.0,0.01596155891990719
683,93,8,True,Goal reached,0.05,0.0,1,91.88,8.4,100.0,0.015442777213951188
684,93,8,True,Goal reached,0.05,0.0,1,91.88,8.4,100.0,0.015442777213951188
685,93,8,True,Goal reached,0.05,0.0,1,91.88,8.4,100.0,0.015442777213951188
686,93,8,True,Goal reached,0.05,0.0,1,92.0,8.36,100.0,0.015152800395501842
687,88,9,True,Goal reached,0.05,0.03602924164096066,1,92.0,8.36,100.0,0.014236328238985295
688,93,8,True,Goal reached,0.05,0.0,1,92.0,8.36,100.0,0.014236328238985295
689,93,8,True,Goal reached,0.05,0.0,1,92.0,8.36,100.0,0.014236328238985295
690,93,8,True,Goal reached,0.05,0.0,1,92.0,8.36,100.0,0.014236328238985295
691,93,8,True,Goal reached,0.05,0.0,1,92.0,8.36,100.0,0.014236328238985295
692,93,8,True,Goal reached,0.05,0.0,1,92.05,8.35,100.0,0.013602851070233726
693,93,8,True,Goal reached,0.05,0.0,1,92.05,8.35,100.0,0.013602851070233726
694,93,8,True,Goal reached,0.05,0.0,1,92.05,8.35,100.0,0.013602851070233726
695,93,8,True,Goal reached,0.05,0.0,1,92.05,8.35,100.0,0.013602851070233726
696,93,8,True,Goal reached,0.05,0.0,1,92.1,8.34,100.0,0.013032721618357357
697,93,8,True,Goal reached,0.05,0.0,1,92.15,8.33,100.0,0.012519605111668568
698,88,9,True,Goal reached,0.05,0.015555380133505992,1,92.1,8.34,100.0,0.012675158913003628
699,91,10,True,Goal reached,0.05,0.1770547173775725,1,92.13,8.35,100.0,0.013983901230759486
700,93,8,True,Goal reached,0.05,0.0,1,92.13,8.35,100.0,0.013983901230759486
701,93,8,True,Goal reached,0.05,0.0,1,92.13,8.35,100.0,0.013983901230759486
702,93,8,True,Goal reached,0.05,0.0,1,92.13,8.35,100.0,0.013983901230759486
703,93,8,True,Goal reached,0.05,0.0,1,92.18,8.34,100.0,0.012554666459868287
704,91,10,True,Goal reached,0.05,0.02113931006496017,1,92.16,8.36,100.0,0.012766059560517889
705,93,8,True,Goal reached,0.05,0.0,1,92.16,8.36,100.0,0.012766059560517889
706,93,8,True,Goal reached,0.05,0.0,1,92.16,8.36,100.0,0.012766059560517889
707,83,10,True,Goal reached,0.05,0.020503250556643593,1,92.06,8.38,100.0,0.012971092066084324
708,93,8,True,Goal reached,0.05,0.0,1,92.06,8.38,100.0,0.012971092066084324
709,91,10,True,Goal reached,0.05,0.011928405592684044,1,92.04,8.4,100.0,0.013090376122011164
710,88,9,True,Goal reached,0.05,0.03730566315005035,1,91.99,8.41,100.0,0.013463432753511669
711,93,8,True,Goal reached,0.05,0.0,1,91.99,8.41,100.0,0.013463432753511669
712,88,9,True,Goal reached,0.05,0.07684379617678161,1,91.94,8.42,100.0,0.014231870715279484
713,93,8,True,Goal reached,0.05,0.0,1,91.94,8.42,100.0,0.014231870715279484
714,88,9,True,Goal reached,0.05,0.07078034125153465,1,91.89,8.43,100.0,0.01493967412779483
715,86,11,True,Goal reached,0.05,0.04669035353605011,1,91.82,8.46,100.0,0.015406577663155332
716,93,8,True,Goal reached,0.05,0.0,1,91.82,8.46,100.0,0.015406577663155332
717,93,8,True,Goal reached,0.05,0.0,1,91.82,8.46,100.0,0.015406577663155332
718,93,8,True,Goal reached,0.05,0.0,1,91.82,8.46,100.0,0.015406577663155332
719,93,8,True,Goal reached,0.05,0.0,1,91.82,8.46,100.0,0.015406577663155332
720,93,8,True,Goal reached,0.05,0.0,1,91.82,8.46,100.0,0.015406577663155332
721,93,8,True,Goal reached,0.05,0.0,1,91.82,8.46,100.0,0.015406577663155332
722,93,8,True,Goal reached,0.05,0.0,1,91.84,8.44,100.0,0.015145598526550898
723,93,8,True,Goal reached,0.05,0.0,1,91.84,8.44,100.0,0.015145598526550898
724,93,8,True,Goal reached,0.05,0.0,1,91.84,8.44,100.0,0.015145598526550898
725,88,9,True,Goal reached,0.05,0.032426317476861755,1,91.79,8.45,100.0,0.015469861701319516
726,88,9,True,Goal reached,0.05,0.018412787915607964,1,91.74,8.46,100.0,0.015653989580475595
727,93,8,True,Goal reached,0.05,0.0,1,91.74,8.46,100.0,0.015653989580475595
728,88,9,True,Goal reached,0.05,0.004502489610359817,1,91.69,8.47,100.0,0.015699014476579193
729,93,8,True,Goal reached,0.05,0.0,1,91.71,8.45,100.0,0.015494132541908883
730,88,9,True,Goal reached,0.05,0.029183685729179842,1,91.66,8.46,100.0,0.01578596939920068
731,93,8,True,Goal reached,0.05,0.0,1,91.68,8.44,100.0,0.01371115802323125
732,93,8,True,Goal reached,0.05,0.0,1,91.68,8.44,100.0,0.01371115802323125
733,93,8,True,Goal reached,0.05,0.0,1,91.68,8.44,100.0,0.01371115802323125
734,88,9,True,Goal reached,0.05,0.013999842120156814,1,91.63,8.45,100.0,0.013851156444432817
735,93,8,True,Goal reached,0.05,0.0,1,91.63,8.45,100.0,0.013851156444432817
736,88,9,True,Goal reached,0.05,0.004052240649329519,1,91.58,8.46,100.0,0.013891678850926112
737,93,8,True,Goal reached,0.05,0.0,1,91.58,8.46,100.0,0.013891678850926112
738,93,8,True,Goal reached,0.05,0.0,1,91.63,8.45,100.0,0.01363487218461934
739,93,8,True,Goal reached,0.05,0.0,1,91.63,8.45,100.0,0.01363487218461934
740,93,8,True,Goal reached,0.05,0.0,1,91.7,8.42,100.0,0.01312526265467909
741,93,8,True,Goal reached,0.05,0.0,1,91.7,8.42,100.0,0.01312526265467909
742,93,8,True,Goal reached,0.05,0.0,1,91.7,8.42,100.0,0.01312526265467909
743,93,8,True,Goal reached,0.05,0.0,1,91.75,8.41,100.0,0.012948577872270875
744,93,8,True,Goal reached,0.05,0.0,1,91.75,8.41,100.0,0.012948577872270875
745,88,9,True,Goal reached,0.05,0.008918315378750208,1,91.7,8.42,100.0,0.013037761026058376
746,93,8,True,Goal reached,0.05,0.0,1,91.7,8.42,100.0,0.013037761026058376
747,93,8,True,Goal reached,0.05,0.0,1,91.7,8.42,100.0,0.013037761026058376
748,93,8,True,Goal reached,0.05,0.0,1,91.7,8.42,100.0,0.013037761026058376
749,93,8,True,Goal reached,0.05,0.0,1,91.72,8.4,100.0,0.012853367284855182
750,93,8,True,Goal reached,0.05,0.0,1,91.72,8.4,100.0,0.012853367284855182
751,91,10,True,Goal reached,0.05,0.010735565033414218,1,91.7,8.42,100.0,0.012960722935189324
752,93,8,True,Goal reached,0.05,0.0,1,91.75,8.41,100.0,0.012732909040115458
753,93,8,True,Goal reached,0.05,0.0,1,91.75,8.41,100.0,0.012732909040115458
754,93,8,True,Goal reached,0.05,0.0,1,91.77,8.39,100.0,0.012566954673032598
755,91,10,True,Goal reached,0.05,0.019025379058462022,1,91.75,8.41,100.0,0.012757208463617218
756,93,8,True,Goal reached,0.05,0.0,1,91.75,8.41,100.0,0.012757208463617218
757,93,8,True,Goal reached,0.05,0.0,1,91.75,8.41,100.0,0.012757208463617218
758,93,8,True,Goal reached,0.05,0.0,1,91.75,8.41,100.0,0.012757208463617218
759,93,8,True,Goal reached,0.05,0.0,1,91.75,8.41,100.0,0.012757208463617218
760,91,10,True,Goal reached,0.05,0.01344230373371147,1,91.73,8.43,100.0,0.012891631500954332
761,93,8,True,Goal reached,0.05,0.0,1,91.75,8.41,100.0,0.012656750278010378
762,93,8,True,Goal reached,0.05,0.0,1,91.77,8.39,100.0,0.01252421243809181
763,93,8,True,Goal reached,0.05,0.0,1,91.77,8.39,100.0,0.01252421243809181
764,93,8,True,Goal reached,0.05,0.0,1,91.82,8.38,100.0,0.011237901144289708
765,93,8,True,Goal reached,0.05,0.0,1,91.87,8.37,100.0,0.010080220979867818
766,88,9,True,Goal reached,0.05,0.02080133997084488,1,91.82,8.38,100.0,0.010288234379576267
767,93,8,True,Goal reached,0.05,0.0,1,91.82,8.38,100.0,0.010288234379576267
768,93,8,True,Goal reached,0.05,0.0,1,91.82,8.38,100.0,0.010288234379576267
769,93,8,True,Goal reached,0.05,0.0,1,91.87,8.37,100.0,0.00924632223159655
770,88,9,True,Goal reached,0.05,0.06370230712639113,1,91.84,8.36,100.0,0.007966042864909966
771,93,8,True,Goal reached,0.05,0.0,1,91.84,8.36,100.0,0.007966042864909966
772,93,8,True,Goal reached,0.05,0.0,1,91.89,8.35,100.0,0.007761456332514243
773,93,8,True,Goal reached,0.05,0.0,1,91.89,8.35,100.0,0.007761456332514243
774,93,8,True,Goal reached,0.05,0.0,1,91.89,8.35,100.0,0.007761456332514243
775,93,8,True,Goal reached,0.05,0.0,1,91.89,8.35,100.0,0.007761456332514243
776,93,8,True,Goal reached,0.05,0.0,1,91.89,8.35,100.0,0.007761456332514243
777,93,8,True,Goal reached,0.05,0.0,1,92.01,8.31,100.0,0.007530330332838133
778,93,8,True,Goal reached,0.05,0.0,1,92.01,8.31,100.0,0.007530330332838133
779,93,8,True,Goal reached,0.05,0.0,1,92.01,8.31,100.0,0.007530330332838133
780,93,8,True,Goal reached,0.05,0.0,1,92.01,8.31,100.0,0.007530330332838133
781,93,8,True,Goal reached,0.05,0.0,1,92.01,8.31,100.0,0.007530330332838133
782,93,8,True,Goal reached,0.05,0.0,1,92.01,8.31,100.0,0.007530330332838133
783,93,8,True,Goal reached,0.05,0.0,1,92.01,8.31,100.0,0.007530330332838133
784,93,8,True,Goal reached,0.05,0.0,1,92.01,8.31,100.0,0.007530330332838133
785,93,8,True,Goal reached,0.05,0.0,1,92.01,8.31,100.0,0.007530330332838133
786,93,8,True,Goal reached,0.05,0.0,1,92.01,8.31,100.0,0.007530330332838133
787,91,10,True,Goal reached,0.05,0.061136375441918744,1,92.04,8.32,100.0,0.0077814016708477145
788,93,8,True,Goal reached,0.05,0.0,1,92.04,8.32,100.0,0.0077814016708477145
789,88,9,True,Goal reached,0.05,0.057332076413743494,1,91.99,8.33,100.0,0.008354722434985149
790,93,8,True,Goal reached,0.05,0.0,1,91.99,8.33,100.0,0.008354722434985149
791,88,9,True,Goal reached,0.05,0.012599857908142553,1,91.94,8.34,100.0,0.008480721014066574
792,93,8,True,Goal reached,0.05,0.0,1,91.94,8.34,100.0,0.008480721014066574
793,91,10,True,Goal reached,0.05,0.04202131818244936,1,91.92,8.36,100.0,0.008900934195891068
794,93,8,True,Goal reached,0.05,0.0,1,91.92,8.36,100.0,0.008900934195891068
795,83,10,True,Goal reached,0.05,0.016607632950879747,1,91.82,8.38,100.0,0.009067010525399866
796,93,8,True,Goal reached,0.05,0.0,1,91.82,8.38,100.0,0.009067010525399866
797,91,10,True,Goal reached,0.05,0.09988618362868351,1,91.8,8.4,100.0,0.010065872361686701
798,93,8,True,Goal reached,0.05,0.0,1,91.85,8.39,100.0,0.009910318560351641
799,93,8,True,Goal reached,0.05,0.0,1,91.87,8.37,100.0,0.008139771386575916
800,93,8,True,Goal reached,0.05,0.0,1,91.87,8.37,100.0,0.008139771386575916
801,93,8,True,Goal reached,0.05,0.0,1,91.87,8.37,100.0,0.008139771386575916
802,93,8,True,Goal reached,0.05,0.0,1,91.87,8.37,100.0,0.008139771386575916
803,93,8,True,Goal reached,0.05,0.0,1,91.87,8.37,100.0,0.008139771386575916
804,93,8,True,Goal reached,0.05,0.0,1,91.89,8.35,100.0,0.007928378285926314
805,93,8,True,Goal reached,0.05,0.0,1,91.89,8.35,100.0,0.007928378285926314
806,93,8,True,Goal reached,0.05,0.0,1,91.89,8.35,100.0,0.007928378285926314
807,93,8,True,Goal reached,0.05,0.0,1,91.99,8.33,100.0,0.007723345780359878
808,91,10,True,Goal reached,0.05,0.044916801572767895,1,91.97,8.35,100.0,0.008172513796087556
809,93,8,True,Goal reached,0.05,0.0,1,91.99,8.33,100.0,0.008053229740160716
810,88,9,True,Goal reached,0.05,0.1149088115633603,1,91.99,8.33,100.0,0.008829261224293816
811,86,11,True,Goal reached,0.05,0.09174298167479833,1,91.92,8.36,100.0,0.0097466910410418
812,93,8,True,Goal reached,0.05,0.0,1,91.97,8.35,100.0,0.008978253079273983
813,93,8,True,Goal reached,0.05,0.0,1,91.97,8.35,100.0,0.008978253079273983
814,93,8,True,Goal reached,0.05,0.0,1,92.02,8.34,100.0,0.008270449666758637
815,93,8,True,Goal reached,0.05,0.0,1,92.09,8.31,100.0,0.007803546131398136
816,93,8,True,Goal reached,0.05,0.0,1,92.09,8.31,100.0,0.007803546131398136
817,93,8,True,Goal reached,0.05,0.0,1,92.09,8.31,100.0,0.007803546131398136
818,93,8,True,Goal reached,0.05,0.0,1,92.09,8.31,100.0,0.007803546131398136
819,93,8,True,Goal reached,0.05,0.0,1,92.09,8.31,100.0,0.007803546131398136
820,93,8,True,Goal reached,0.05,0.0,1,92.09,8.31,100.0,0.007803546131398136
821,93,8,True,Goal reached,0.05,0.0,1,92.09,8.31,100.0,0.007803546131398136
822,86,11,True,Goal reached,0.05,0.04156243704179019,1,92.02,8.34,100.0,0.008219170501816038
823,88,9,True,Goal reached,0.05,0.01657150912404859,1,91.97,8.35,100.0,0.008384885593056524
824,93,8,True,Goal reached,0.05,0.0,1,91.97,8.35,100.0,0.008384885593056524
825,88,9,True,Goal reached,0.05,0.014914358211640888,1,91.97,8.35,100.0,0.008209766000404316
826,93,8,True,Goal reached,0.05,0.0,1,92.02,8.34,100.0,0.008025638121248235
827,93,8,True,Goal reached,0.05,0.0,1,92.02,8.34,100.0,0.008025638121248235
828,93,8,True,Goal reached,0.05,0.0,1,92.07,8.33,100.0,0.007980613225144637
829,86,11,True,Goal reached,0.05,0.09377209331817227,1,92.0,8.36,100.0,0.008918334158326359
830,93,8,True,Goal reached,0.05,0.0,1,92.05,8.35,100.0,0.008626497301034562
831,91,10,True,Goal reached,0.05,0.08422955827540335,1,92.03,8.37,100.0,0.009468792883788595
832,93,8,True,Goal reached,0.05,0.0,1,92.03,8.37,100.0,0.009468792883788595
833,93,8,True,Goal reached,0.05,0.0,1,92.03,8.37,100.0,0.009468792883788595
834,93,8,True,Goal reached,0.05,0.0,1,92.08,8.36,100.0,0.009328794462587027
835,93,8,True,Goal reached,0.05,0.0,1,92.08,8.36,100.0,0.009328794462587027
836,93,8,True,Goal reached,0.05,0.0,1,92.13,8.35,100.0,0.009288272056093732
837,93,8,True,Goal reached,0.05,0.0,1,92.13,8.35,100.0,0.009288272056093732
838,91,10,True,Goal reached,0.05,0.008695807677057132,1,92.11,8.37,100.0,0.009375230132864303
839,93,8,True,Goal reached,0.05,0.0,1,92.11,8.37,100.0,0.009375230132864303
840,93,8,True,Goal reached,0.05,0.0,1,92.11,8.37,100.0,0.009375230132864303
841,93,8,True,Goal reached,0.05,0.0,1,92.11,8.37,100.0,0.009375230132864303
842,93,8,True,Goal reached,0.05,0.0,1,92.11,8.37,100.0,0.009375230132864303
843,93,8,True,Goal reached,0.05,0.0,1,92.11,8.37,100.0,0.009375230132864303
844,93,8,True,Goal reached,0.05,0.0,1,92.11,8.37,100.0,0.009375230132864303
845,93,8,True,Goal reached,0.05,0.0,1,92.16,8.36,100.0,0.009286046979076801
846,93,8,True,Goal reached,0.05,0.0,1,92.16,8.36,100.0,0.009286046979076801
847,93,8,True,Goal reached,0.05,0.0,1,92.16,8.36,100.0,0.009286046979076801
848,93,8,True,Goal reached,0.05,0.0,1,92.16,8.36,100.0,0.009286046979076801
849,88,9,True,Goal reached,0.05,0.033575096835051,1,92.11,8.37,100.0,0.009621797947427312
850,93,8,True,Goal reached,0.05,0.0,1,92.11,8.37,100.0,0.009621797947427312
851,88,9,True,Goal reached,0.05,0.01494686965578751,1,92.08,8.36,100.0,0.009663910993651043
852,93,8,True,Goal reached,0.05,0.0,1,92.08,8.36,100.0,0.009663910993651043
853,93,8,True,Goal reached,0.05,0.0,1,92.08,8.36,100.0,0.009663910993651043
854,93,8,True,Goal reached,0.05,0.0,1,92.08,8.36,100.0,0.009663910993651043
855,88,9,True,Goal reached,0.05,0.013452182690215864,1,92.05,8.35,100.0,0.009608179029968583
856,88,9,True,Goal reached,0.05,0.03740619333760975,1,92.0,8.36,100.0,0.00998224096334468
857,93,8,True,Goal reached,0.05,0.0,1,92.0,8.36,100.0,0.00998224096334468
858,93,8,True,Goal reached,0.05,0.0,1,92.0,8.36,100.0,0.00998224096334468
859,93,8,True,Goal reached,0.05,0.0,1,92.0,8.36,100.0,0.00998224096334468
860,93,8,True,Goal reached,0.05,0.0,1,92.02,8.34,100.0,0.009847817926007564
861,93,8,True,Goal reached,0.05,0.0,1,92.02,8.34,100.0,0.009847817926007564
862,91,10,True,Goal reached,0.05,0.037819186364203006,1,92.0,8.36,100.0,0.010226009789649595
863,93,8,True,Goal reached,0.05,0.0,1,92.0,8.36,100.0,0.010226009789649595
864,91,10,True,Goal reached,0.05,0.017122841152612978,1,91.98,8.38,100.0,0.010397238201175725
865,91,10,True,Goal reached,0.05,0.05502273789772971,1,91.96,8.4,100.0,0.010947465580153021
866,93,8,True,Goal reached,0.05,0.0,1,92.01,8.39,100.0,0.010739452180444573
867,93,8,True,Goal reached,0.05,0.0,1,92.01,8.39,100.0,0.010739452180444573
868,88,9,True,Goal reached,0.05,0.009185296415040511,1,91.96,8.4,100.0,0.010831305144594978
869,93,8,True,Goal reached,0.05,0.0,1,91.96,8.4,100.0,0.010831305144594978
870,93,8,True,Goal reached,0.05,0.0,1,92.01,8.39,100.0,0.010194282073331068
871,88,9,True,Goal reached,0.05,0.015901630416735202,1,91.96,8.4,100.0,0.010353298377498418
872,88,9,True,Goal reached,0.05,0.05159886877237341,1,91.91,8.41,100.0,0.010869287065222152
873,91,10,True,Goal reached,0.05,0.034037267727782705,1,91.89,8.43,100.0,0.01120965974249998
874,93,8,True,Goal reached,0.05,0.0,1,91.89,8.43,100.0,0.01120965974249998
875,89,12,True,Goal reached,0.05,0.16339699380563388,1,91.85,8.47,100.0,0.012843629680556318
876,93,8,True,Goal reached,0.05,0.0,1,91.85,8.47,100.0,0.012843629680556318
877,91,10,True,Goal reached,0.05,0.030633540954994487,1,91.83,8.49,100.0,0.013149965090106264
878,93,8,True,Goal reached,0.05,0.0,1,91.83,8.49,100.0,0.013149965090106264
879,93,8,True,Goal reached,0.05,0.0,1,91.83,8.49,100.0,0.013149965090106264
880,93,8,True,Goal reached,0.05,0.0,1,91.83,8.49,100.0,0.013149965090106264
881,93,8,True,Goal reached,0.05,0.0,1,91.83,8.49,100.0,0.013149965090106264
882,93,8,True,Goal reached,0.05,0.0,1,91.83,8.49,100.0,0.013149965090106264
883,88,9,True,Goal reached,0.05,0.018721205973761812,1,91.78,8.5,100.0,0.013337177149843883
884,91,10,True,Goal reached,0.05,0.15070026777431167,1,91.76,8.52,100.0,0.014844179827586998
885,88,9,True,Goal reached,0.05,0.030217587151540215,1,91.71,8.53,100.0,0.015146355699102401
886,93,8,True,Goal reached,0.05,0.0,1,91.71,8.53,100.0,0.015146355699102401
887,88,9,True,Goal reached,0.05,0.00802648384087945,1,91.68,8.52,100.0,0.014615256783092008
888,93,8,True,Goal reached,0.05,0.0,1,91.68,8.52,100.0,0.014615256783092008
889,93,8,True,Goal reached,0.05,0.0,1,91.73,8.51,100.0,0.014041936018954572
890,93,8,True,Goal reached,0.05,0.0,1,91.73,8.51,100.0,0.014041936018954572
891,88,9,True,Goal reached,0.05,0.08439488398635575,1,91.73,8.51,100.0,0.014759886279736704
892,93,8,True,Goal reached,0.05,0.0,1,91.73,8.51,100.0,0.014759886279736704
893,93,8,True,Goal reached,0.05,0.0,1,91.75,8.49,100.0,0.01433967309791221
894,93,8,True,Goal reached,0.05,0.0,1,91.75,8.49,100.0,0.01433967309791221
895,93,8,True,Goal reached,0.05,0.0,1,91.85,8.47,100.0,0.014173596768403414
896,93,8,True,Goal reached,0.05,0.0,1,91.85,8.47,100.0,0.014173596768403414
897,93,8,True,Goal reached,0.05,0.0,1,91.87,8.45,100.0,0.013174734932116579
898,83,10,True,Goal reached,0.05,0.1034179304070193,1,91.77,8.47,100.0,0.014208914236186771
899,93,8,True,Goal reached,0.05,0.0,1,91.77,8.47,100.0,0.014208914236186771
900,88,9,True,Goal reached,0.05,0.033665574003848064,1,91.72,8.48,100.0,0.014545569976225253
901,93,8,True,Goal reached,0.05,0.0,1,91.72,8.48,100.0,0.014545569976225253
902,88,9,True,Goal reached,0.05,0.012106964421192856,1,91.67,8.49,100.0,0.014666639620437181
903,93,8,True,Goal reached,0.05,0.0,1,91.67,8.49,100.0,0.014666639620437181
904,93,8,True,Goal reached,0.05,0.0,1,91.67,8.49,100.0,0.014666639620437181
905,93,8,True,Goal reached,0.05,0.0,1,91.67,8.49,100.0,0.014666639620437181
906,88,9,True,Goal reached,0.05,0.0036470165843951463,1,91.62,8.5,100.0,0.014703109786281133
907,88,9,True,Goal reached,0.05,0.016849085376392736,1,91.57,8.51,100.0,0.014871600640045059
908,88,9,True,Goal reached,0.05,0.06915941655910274,1,91.54,8.5,100.0,0.015114026789908409
909,88,9,True,Goal reached,0.05,0.04643898189513607,1,91.49,8.51,100.0,0.01557841660885977
910,93,8,True,Goal reached,0.05,0.0,1,91.54,8.5,100.0,0.014429328493226166
911,93,8,True,Goal reached,0.05,0.0,1,91.61,8.47,100.0,0.013511898676478182
912,88,9,True,Goal reached,0.05,0.0032823149259542106,1,91.56,8.48,100.0,0.013544721825737724
913,93,8,True,Goal reached,0.05,0.0,1,91.56,8.48,100.0,0.013544721825737724
914,93,8,True,Goal reached,0.05,0.0,1,91.56,8.48,100.0,0.013544721825737724
915,91,10,True,Goal reached,0.05,0.0773013897391408,1,91.54,8.5,100.0,0.014317735723129133
916,91,10,True,Goal reached,0.05,0.007826226909358525,1,91.52,8.52,100.0,0.014395997992222718
917,93,8,True,Goal reached,0.05,0.0,1,91.52,8.52,100.0,0.014395997992222718
918,93,8,True,Goal reached,0.05,0.0,1,91.52,8.52,100.0,0.014395997992222718
919,93,8,True,Goal reached,0.05,0.0,1,91.52,8.52,100.0,0.014395997992222718
920,93,8,True,Goal reached,0.05,0.0,1,91.52,8.52,100.0,0.014395997992222718
921,93,8,True,Goal reached,0.05,0.0,1,91.52,8.52,100.0,0.014395997992222718
922,93,8,True,Goal reached,0.05,0.0,1,91.59,8.49,100.0,0.013980373621804815
923,93,8,True,Goal reached,0.05,0.0,1,91.64,8.48,100.0,0.013814658530564329
924,91,10,True,Goal reached,0.05,0.027570186859506407,1,91.62,8.5,100.0,0.014090360399159394
925,93,8,True,Goal reached,0.05,0.0,1,91.67,8.49,100.0,0.013941216817042985
926,93,8,True,Goal reached,0.05,0.0,1,91.67,8.49,100.0,0.013941216817042985
927,93,8,True,Goal reached,0.05,0.0,1,91.67,8.49,100.0,0.013941216817042985
928,86,11,True,Goal reached,0.05,0.07595539558771947,1,91.6,8.52,100.0,0.01470077077292018
929,93,8,True,Goal reached,0.05,0.0,1,91.67,8.49,100.0,0.013763049839738457
930,83,10,True,Goal reached,0.05,0.06835985602894823,1,91.57,8.51,100.0,0.014446648400027939
931,93,8,True,Goal reached,0.05,0.0,1,91.59,8.49,100.0,0.013604352817273907
932,93,8,True,Goal reached,0.05,0.0,1,91.59,8.49,100.0,0.013604352817273907
933,93,8,True,Goal reached,0.05,0.0,1,91.59,8.49,100.0,0.013604352817273907
934,86,11,True,Goal reached,0.05,0.024813168173551503,1,91.52,8.52,100.0,0.01385248449900942
935,93,8,True,Goal reached,0.05,0.0,1,91.52,8.52,100.0,0.01385248449900942
936,93,8,True,Goal reached,0.05,0.0,1,91.52,8.52,100.0,0.01385248449900942
937,93,8,True,Goal reached,0.05,0.0,1,91.52,8.52,100.0,0.01385248449900942
938,93,8,True,Goal reached,0.05,0.0,1,91.54,8.5,100.0,0.01376552642223885
939,93,8,True,Goal reached,0.05,0.0,1,91.54,8.5,100.0,0.01376552642223885
940,93,8,True,Goal reached,0.05,0.0,1,91.54,8.5,100.0,0.01376552642223885
941,93,8,True,Goal reached,0.05,0.0,1,91.54,8.5,100.0,0.01376552642223885
942,93,8,True,Goal reached,0.05,0.0,1,91.54,8.5,100.0,0.01376552642223885
943,93,8,True,Goal reached,0.05,0.0,1,91.54,8.5,100.0,0.01376552642223885
944,86,11,True,Goal reached,0.05,0.061523870426050564,1,91.47,8.53,100.0,0.014380765126499355
945,93,8,True,Goal reached,0.05,0.0,1,91.47,8.53,100.0,0.014380765126499355
946,86,11,True,Goal reached,0.05,0.013422922390475378,1,91.4,8.56,100.0,0.014514994350404108
947,93,8,True,Goal reached,0.05,0.0,1,91.4,8.56,100.0,0.014514994350404108
948,93,8,True,Goal reached,0.05,0.0,1,91.4,8.56,100.0,0.014514994350404108
949,88,9,True,Goal reached,0.05,0.002954083433351684,1,91.4,8.56,100.0,0.014208784216387115
950,93,8,True,Goal reached,0.05,0.0,1,91.4,8.56,100.0,0.014208784216387115
951,88,9,True,Goal reached,0.05,0.06224347490319104,1,91.4,8.56,100.0,0.01468175026886115
952,93,8,True,Goal reached,0.05,0.0,1,91.4,8.56,100.0,0.01468175026886115
953,93,8,True,Goal reached,0.05,0.0,1,91.4,8.56,100.0,0.01468175026886115
954,93,8,True,Goal reached,0.05,0.0,1,91.4,8.56,100.0,0.01468175026886115
955,83,10,True,Goal reached,0.05,0.03029901660346468,1,91.35,8.57,100.0,0.01485021860799364
956,93,8,True,Goal reached,0.05,0.0,1,91.4,8.56,100.0,0.014476156674617541
957,93,8,True,Goal reached,0.05,0.0,1,91.4,8.56,100.0,0.014476156674617541
958,88,9,True,Goal reached,0.05,0.026265317156259016,1,91.35,8.57,100.0,0.014738809846180131
959,88,9,True,Goal reached,0.05,0.00650145191110596,1,91.3,8.58,100.0,0.014803824365291192
960,93,8,True,Goal reached,0.05,0.0,1,91.3,8.58,100.0,0.014803824365291192
961,93,8,True,Goal reached,0.05,0.0,1,91.3,8.58,100.0,0.014803824365291192
962,93,8,True,Goal reached,0.05,0.0,1,91.32,8.56,100.0,0.014425632501649162
963,86,11,True,Goal reached,0.05,0.05601912741287407,1,91.25,8.59,100.0,0.014985823775777903
964,93,8,True,Goal reached,0.05,0.0,1,91.27,8.57,100.0,0.014814595364251773
965,91,10,True,Goal reached,0.05,0.138908917011193,1,91.27,8.57,100.0,0.015653457155386404
966,93,8,True,Goal reached,0.05,0.0,1,91.27,8.57,100.0,0.015653457155386404
967,88,9,True,Goal reached,0.05,0.009756710293117976,1,91.22,8.58,100.0,0.015751024258317585
968,93,8,True,Goal reached,0.05,0.0,1,91.27,8.57,100.0,0.01565917129416718
969,93,8,True,Goal reached,0.05,0.0,1,91.27,8.57,100.0,0.01565917129416718
970,93,8,True,Goal reached,0.05,0.0,1,91.27,8.57,100.0,0.01565917129416718
971,93,8,True,Goal reached,0.05,0.0,1,91.32,8.56,100.0,0.015500154989999827
972,93,8,True,Goal reached,0.05,0.0,1,91.37,8.55,100.0,0.014984166302276093
973,93,8,True,Goal reached,0.05,0.0,1,91.39,8.53,100.0,0.014643793624998267
974,93,8,True,Goal reached,0.05,0.0,1,91.39,8.53,100.0,0.014643793624998267
975,93,8,True,Goal reached,0.05,0.0,1,91.43,8.49,100.0,0.013009823686941929
976,93,8,True,Goal reached,0.05,0.0,1,91.43,8.49,100.0,0.013009823686941929
977,91,10,True,Goal reached,0.05,0.013869501333616086,1,91.43,8.49,100.0,0.012842183290728145
978,93,8,True,Goal reached,0.05,0.0,1,91.43,8.49,100.0,0.012842183290728145
979,93,8,True,Goal reached,0.05,0.0,1,91.43,8.49,100.0,0.012842183290728145
980,93,8,True,Goal reached,0.05,0.0,1,91.43,8.49,100.0,0.012842183290728145
981,93,8,True,Goal reached,0.05,0.0,1,91.43,8.49,100.0,0.012842183290728145
982,93,8,True,Goal reached,0.05,0.0,1,91.43,8.49,100.0,0.012842183290728145
983,93,8,True,Goal reached,0.05,0.0,1,91.48,8.48,100.0,0.012654971230990526
984,93,8,True,Goal reached,0.05,0.0,1,91.5,8.46,100.0,0.011147968553247409
985,93,8,True,Goal reached,0.05,0.0,1,91.55,8.45,100.0,0.010845792681732008
986,93,8,True,Goal reached,0.05,0.0,1,91.55,8.45,100.0,0.010845792681732008
987,93,8,True,Goal reached,0.05,0.0,1,91.6,8.44,100.0,0.010765527843323212
988,86,11,True,Goal reached,0.05,0.04586485769462456,1,91.53,8.47,100.0,0.011224176420269459
989,93,8,True,Goal reached,0.05,0.0,1,91.53,8.47,100.0,0.011224176420269459
990,88,9,True,Goal reached,0.05,0.012080630151430682,1,91.48,8.48,100.0,0.011344982721783765
991,93,8,True,Goal reached,0.05,0.0,1,91.53,8.47,100.0,0.010501033881920207
992,93,8,True,Goal reached,0.05,0.0,1,91.53,8.47,100.0,0.010501033881920207
993,93,8,True,Goal reached,0.05,0.0,1,91.53,8.47,100.0,0.010501033881920207
994,93,8,True,Goal reached,0.05,0.0,1,91.53,8.47,100.0,0.010501033881920207
995,93,8,True,Goal reached,0.05,0.0,1,91.53,8.47,100.0,0.010501033881920207
996,93,8,True,Goal reached,0.05,0.0,1,91.53,8.47,100.0,0.010501033881920207
997,93,8,True,Goal reached,0.05,0.0,1,91.53,8.47,100.0,0.010501033881920207
998,88,9,True,Goal reached,0.05,0.015164176838752041,1,91.58,8.46,100.0,0.009618496346237536
999,93,8,True,Goal reached,0.05,0.0,1,91.58,8.46,100.0,0.009618496346237536
1000,88,9,True,Goal reached,0.05,0.05537148338344622,1,91.58,8.46,100.0,0.009835555440033516
1001,93,8,True,Goal reached,0.05,0.0,1,91.58,8.46,100.0,0.009835555440033516
1002,93,8,True,Goal reached,0.05,0.0,1,91.63,8.45,100.0,0.009714485795821588
1003,91,10,True,Goal reached,0.05,0.022331851356199195,1,91.61,8.47,100.0,0.00993780430938358
1004,88,9,True,Goal reached,0.05,0.0026586750900179368,1,91.56,8.48,100.0,0.00996439106028376
1005,93,8,True,Goal reached,0.05,0.0,1,91.56,8.48,100.0,0.00996439106028376
1006,93,8,True,Goal reached,0.05,0.0,1,91.61,8.47,100.0,0.009927920894439808
1007,93,8,True,Goal reached,0.05,0.0,1,91.66,8.46,100.0,0.00975943004067588
1008,93,8,True,Goal reached,0.05,0.0,1,91.71,8.45,100.0,0.009067835875084853
1009,93,8,True,Goal reached,0.05,0.0,1,91.76,8.44,100.0,0.008603446056133493
1010,88,9,True,Goal reached,0.05,0.0236387854406388,1,91.71,8.45,100.0,0.00883983391053988
1011,86,11,True,Goal reached,0.05,0.04042512141549537,1,91.64,8.48,100.0,0.009244085124694833
1012,93,8,True,Goal reached,0.05,0.0,1,91.69,8.47,100.0,0.009211261975435292
1013,93,8,True,Goal reached,0.05,0.0,1,91.69,8.47,100.0,0.009211261975435292
1014,88,9,True,Goal reached,0.05,0.03761557533505311,1,91.64,8.48,100.0,0.009587417728785822
1015,93,8,True,Goal reached,0.05,0.0,1,91.66,8.46,100.0,0.008814403831394415
1016,88,9,True,Goal reached,0.05,0.010872567136289035,1,91.63,8.45,100.0,0.00884486723366372
1017,93,8,True,Goal reached,0.05,0.0,1,91.63,8.45,100.0,0.00884486723366372
1018,93,8,True,Goal reached,0.05,0.0,1,91.63,8.45,100.0,0.00884486723366372
1019,86,11,True,Goal reached,0.05,0.012482551200257319,1,91.56,8.48,100.0,0.008969692745666294
1020,93,8,True,Goal reached,0.05,0.0,1,91.56,8.48,100.0,0.008969692745666294
1021,93,8,True,Goal reached,0.05,0.0,1,91.56,8.48,100.0,0.008969692745666294
1022,91,10,True,Goal reached,0.05,0.011234296080232298,1,91.54,8.5,100.0,0.009082035706468617
1023,93,8,True,Goal reached,0.05,0.0,1,91.54,8.5,100.0,0.009082035706468617
1024,91,10,True,Goal reached,0.05,0.0063392437965745785,1,91.54,8.5,100.0,0.008869726275839297
1025,93,8,True,Goal reached,0.05,0.0,1,91.54,8.5,100.0,0.008869726275839297
1026,93,8,True,Goal reached,0.05,0.0,1,91.54,8.5,100.0,0.008869726275839297
1027,93,8,True,Goal reached,0.05,0.0,1,91.54,8.5,100.0,0.008869726275839297
1028,93,8,True,Goal reached,0.05,0.0,1,91.61,8.47,100.0,0.008110172319962104
1029,93,8,True,Goal reached,0.05,0.0,1,91.61,8.47,100.0,0.008110172319962104
1030,88,9,True,Goal reached,0.05,0.05041721467158311,1,91.66,8.46,100.0,0.007930745906388452
1031,93,8,True,Goal reached,0.05,0.0,1,91.66,8.46,100.0,0.007930745906388452
1032,88,9,True,Goal reached,0.05,0.0453754932044248,1,91.61,8.47,100.0,0.0083845008384327
1033,93,8,True,Goal reached,0.05,0.0,1,91.61,8.47,100.0,0.0083845008384327
1034,93,8,True,Goal reached,0.05,0.0,1,91.68,8.44,100.0,0.008136369156697186
1035,93,8,True,Goal reached,0.05,0.0,1,91.68,8.44,100.0,0.008136369156697186
1036,93,8,True,Goal reached,0.05,0.0,1,91.68,8.44,100.0,0.008136369156697186
1037,93,8,True,Goal reached,0.05,0.0,1,91.68,8.44,100.0,0.008136369156697186
1038,93,8,True,Goal reached,0.05,0.0,1,91.68,8.44,100.0,0.008136369156697186
1039,93,8,True,Goal reached,0.05,0.0,1,91.68,8.44,100.0,0.008136369156697186
1040,93,8,True,Goal reached,0.05,0.0,1,91.68,8.44,100.0,0.008136369156697186
1041,93,8,True,Goal reached,0.05,0.0,1,91.68,8.44,100.0,0.008136369156697186
1042,88,9,True,Goal reached,0.05,0.00585130672000389,1,91.63,8.45,100.0,0.008194882223897224
1043,93,8,True,Goal reached,0.05,0.0,1,91.63,8.45,100.0,0.008194882223897224
1044,93,8,True,Goal reached,0.05,0.0,1,91.7,8.42,100.0,0.007579643519636719
1045,91,10,True,Goal reached,0.05,0.12796883372296008,1,91.68,8.44,100.0,0.008859331856866319
1046,93,8,True,Goal reached,0.05,0.0,1,91.75,8.41,100.0,0.008725102632961565
1047,93,8,True,Goal reached,0.05,0.0,1,91.75,8.41,100.0,0.008725102632961565
1048,93,8,True,Goal reached,0.05,0.0,1,91.75,8.41,100.0,0.008725102632961565
1049,93,8,True,Goal reached,0.05,0.0,1,91.8,8.4,100.0,0.008695561798628048
1050,93,8,True,Goal reached,0.05,0.0,1,91.8,8.4,100.0,0.008695561798628048
1051,93,8,True,Goal reached,0.05,0.0,1,91.85,8.39,100.0,0.008073127049596139
1052,93,8,True,Goal reached,0.05,0.0,1,91.85,8.39,100.0,0.008073127049596139
1053,93,8,True,Goal reached,0.05,0.0,1,91.85,8.39,100.0,0.008073127049596139
1054,93,8,True,Goal reached,0.05,0.0,1,91.85,8.39,100.0,0.008073127049596139
1055,93,8,True,Goal reached,0.05,0.0,1,91.95,8.37,100.0,0.007770136883561492
1056,93,8,True,Goal reached,0.05,0.0,1,91.95,8.37,100.0,0.007770136883561492
1057,93,8,True,Goal reached,0.05,0.0,1,91.95,8.37,100.0,0.007770136883561492
1058,93,8,True,Goal reached,0.05,0.0,1,92.0,8.36,100.0,0.007507483711998901
1059,93,8,True,Goal reached,0.05,0.0,1,92.05,8.35,100.0,0.007442469192887841
1060,93,8,True,Goal reached,0.05,0.0,1,92.05,8.35,100.0,0.007442469192887841
1061,93,8,True,Goal reached,0.05,0.0,1,92.05,8.35,100.0,0.007442469192887841
1062,93,8,True,Goal reached,0.05,0.0,1,92.05,8.35,100.0,0.007442469192887841
1063,91,10,True,Goal reached,0.05,0.010110866472210489,1,92.1,8.34,100.0,0.0069833865834812055
1064,93,8,True,Goal reached,0.05,0.0,1,92.1,8.34,100.0,0.0069833865834812055
1065,88,9,True,Goal reached,0.05,0.012880320637563614,1,92.07,8.33,100.0,0.005723100619744912
1066,78,11,True,Goal reached,0.05,0.08376852362968634,1,91.92,8.36,100.0,0.006560785856041775
1067,93,8,True,Goal reached,0.05,0.0,1,91.97,8.35,100.0,0.006463218753110595
1068,93,8,True,Goal reached,0.05,0.0,1,91.97,8.35,100.0,0.006463218753110595
1069,93,8,True,Goal reached,0.05,0.0,1,91.97,8.35,100.0,0.006463218753110595
1070,93,8,True,Goal reached,0.05,0.0,1,91.97,8.35,100.0,0.006463218753110595
1071,91,10,True,Goal reached,0.05,0.11782767792226423,1,91.95,8.37,100.0,0.007641495532333238
1072,93,8,True,Goal reached,0.05,0.0,1,91.95,8.37,100.0,0.007641495532333238
1073,93,8,True,Goal reached,0.05,0.0,1,91.95,8.37,100.0,0.007641495532333238
1074,93,8,True,Goal reached,0.05,0.0,1,91.95,8.37,100.0,0.007641495532333238
1075,93,8,True,Goal reached,0.05,0.0,1,91.95,8.37,100.0,0.007641495532333238
1076,93,8,True,Goal reached,0.05,0.0,1,91.95,8.37,100.0,0.007641495532333238
1077,91,10,True,Goal reached,0.05,0.005705319416918542,1,91.95,8.37,100.0,0.007559853713166262
1078,93,8,True,Goal reached,0.05,0.0,1,91.95,8.37,100.0,0.007559853713166262
1079,88,9,True,Goal reached,0.05,0.07539167126672197,1,91.9,8.38,100.0,0.008313770425833483
1080,93,8,True,Goal reached,0.05,0.0,1,91.9,8.38,100.0,0.008313770425833483
1081,93,8,True,Goal reached,0.05,0.0,1,91.9,8.38,100.0,0.008313770425833483
1082,88,9,True,Goal reached,0.05,0.013647759154864048,1,91.85,8.39,100.0,0.008450248017382122
1083,93,8,True,Goal reached,0.05,0.0,1,91.85,8.39,100.0,0.008450248017382122
1084,93,8,True,Goal reached,0.05,0.0,1,91.85,8.39,100.0,0.008450248017382122
1085,93,8,True,Goal reached,0.05,0.0,1,91.85,8.39,100.0,0.008450248017382122
1086,93,8,True,Goal reached,0.05,0.0,1,91.85,8.39,100.0,0.008450248017382122
1087,93,8,True,Goal reached,0.05,0.0,1,91.85,8.39,100.0,0.008450248017382122
1088,93,8,True,Goal reached,0.05,0.0,1,91.92,8.36,100.0,0.007991599440435877
1089,93,8,True,Goal reached,0.05,0.0,1,91.92,8.36,100.0,0.007991599440435877
1090,93,8,True,Goal reached,0.05,0.0,1,91.97,8.35,100.0,0.00787079313892157
1091,93,8,True,Goal reached,0.05,0.0,1,91.97,8.35,100.0,0.00787079313892157
1092,93,8,True,Goal reached,0.05,0.0,1,91.97,8.35,100.0,0.00787079313892157
1093,88,9,True,Goal reached,0.05,0.006026472977907815,1,91.92,8.36,100.0,0.007931057868700648
1094,88,9,True,Goal reached,0.05,0.005266176047996396,1,91.87,8.37,100.0,0.007983719629180612
1095,93,8,True,Goal reached,0.05,0.0,1,91.87,8.37,100.0,0.007983719629180612
1096,93,8,True,Goal reached,0.05,0.0,1,91.87,8.37,100.0,0.007983719629180612
1097,93,8,True,Goal reached,0.05,0.0,1,91.87,8.37,100.0,0.007983719629180612
1098,93,8,True,Goal reached,0.05,0.0,1,91.92,8.36,100.0,0.007832077860793091
1099,93,8,True,Goal reached,0.05,0.0,1,91.92,8.36,100.0,0.007832077860793091
1100,93,8,True,Goal reached,0.05,0.0,1,91.97,8.35,100.0,0.007278363026958629
1101,93,8,True,Goal reached,0.05,0.0,1,91.97,8.35,100.0,0.007278363026958629
1102,93,8,True,Goal reached,0.05,0.0,1,91.97,8.35,100.0,0.007278363026958629
1103,93,8,True,Goal reached,0.05,0.0,1,91.99,8.33,100.0,0.007055044513396638
1104,91,10,True,Goal reached,0.05,0.04127837192516637,1,92.02,8.34,100.0,0.007441241481748122
1105,91,10,True,Goal reached,0.05,0.03638260927394299,1,92.0,8.36,100.0,0.007805067574487552
1106,93,8,True,Goal reached,0.05,0.0,1,92.0,8.36,100.0,0.007805067574487552
1107,86,11,True,Goal reached,0.05,0.011592288573808673,1,91.93,8.39,100.0,0.007920990460225638
1108,83,10,True,Goal reached,0.05,0.005423825680111349,1,91.83,8.41,100.0,0.007975228717026751
1109,93,8,True,Goal reached,0.05,0.0,1,91.83,8.41,100.0,0.007975228717026751
1110,93,8,True,Goal reached,0.05,0.0,1,91.88,8.4,100.0,0.007738840862620364
1111,93,8,True,Goal reached,0.05,0.0,1,91.95,8.37,100.0,0.007334589648465411
1112,88,9,True,Goal reached,0.05,0.00878103926379481,1,91.9,8.38,100.0,0.007422400041103359
1113,93,8,True,Goal reached,0.05,0.0,1,91.9,8.38,100.0,0.007422400041103359
1114,93,8,True,Goal reached,0.05,0.0,1,91.95,8.37,100.0,0.007046244287752828
1115,88,9,True,Goal reached,0.05,0.01043305971641928,1,91.9,8.38,100.0,0.0071505748849170206
1116,91,10,True,Goal reached,0.05,0.10843506494447297,1,91.93,8.39,100.0,0.00812619986299886
1117,93,8,True,Goal reached,0.05,0.0,1,91.93,8.39,100.0,0.00812619986299886
1118,93,8,True,Goal reached,0.05,0.0,1,91.93,8.39,100.0,0.00812619986299886
1119,88,9,True,Goal reached,0.05,0.049834335045098044,1,91.95,8.37,100.0,0.008499717701447267
1120,93,8,True,Goal reached,0.05,0.0,1,91.95,8.37,100.0,0.008499717701447267
1121,93,8,True,Goal reached,0.05,0.0,1,91.95,8.37,100.0,0.008499717701447267
1122,93,8,True,Goal reached,0.05,0.0,1,91.97,8.35,100.0,0.008387374740644944
1123,83,10,True,Goal reached,0.05,0.004739558443205283,1,91.87,8.37,100.0,0.008434770325076996
1124,93,8,True,Goal reached,0.05,0.0,1,91.89,8.35,100.0,0.008371377887111252
1125,88,9,True,Goal reached,0.05,0.036754149495585864,1,91.84,8.36,100.0,0.00873891938206711
1126,88,9,True,Goal reached,0.05,0.02726911494311679,1,91.79,8.37,100.0,0.009011610531498277
1127,93,8,True,Goal reached,0.05,0.0,1,91.79,8.37,100.0,0.009011610531498277
1128,93,8,True,Goal reached,0.05,0.0,1,91.79,8.37,100.0,0.009011610531498277
1129,93,8,True,Goal reached,0.05,0.0,1,91.79,8.37,100.0,0.009011610531498277
1130,93,8,True,Goal reached,0.05,0.0,1,91.84,8.36,100.0,0.008507438384782446
1131,93,8,True,Goal reached,0.05,0.0,1,91.84,8.36,100.0,0.008507438384782446
1132,88,9,True,Goal reached,0.05,0.021274906896579182,1,91.84,8.36,100.0,0.00826643252170399
1133,93,8,True,Goal reached,0.05,0.0,1,91.84,8.36,100.0,0.00826643252170399
1134,93,8,True,Goal reached,0.05,0.0,1,91.84,8.36,100.0,0.00826643252170399
1135,88,9,True,Goal reached,0.05,0.027195828436390457,1,91.79,8.37,100.0,0.008538390806067895
1136,93,8,True,Goal reached,0.05,0.0,1,91.79,8.37,100.0,0.008538390806067895
1137,93,8,True,Goal reached,0.05,0.0,1,91.79,8.37,100.0,0.008538390806067895
1138,93,8,True,Goal reached,0.05,0.0,1,91.79,8.37,100.0,0.008538390806067895
1139,93,8,True,Goal reached,0.05,0.0,1,91.79,8.37,100.0,0.008538390806067895
1140,93,8,True,Goal reached,0.05,0.0,1,91.79,8.37,100.0,0.008538390806067895
1141,88,9,True,Goal reached,0.05,0.033078734546023725,1,91.74,8.38,100.0,0.008869178151528132
1142,93,8,True,Goal reached,0.05,0.0,1,91.79,8.37,100.0,0.008810665084328094
1143,88,9,True,Goal reached,0.05,0.00978531042265729,1,91.74,8.38,100.0,0.008908518188554666
1144,93,8,True,Goal reached,0.05,0.0,1,91.74,8.38,100.0,0.008908518188554666
1145,93,8,True,Goal reached,0.05,0.0,1,91.76,8.36,100.0,0.007628829851325065
1146,86,11,True,Goal reached,0.05,0.010896267979077834,1,91.69,8.39,100.0,0.007737792531115843
1147,93,8,True,Goal reached,0.05,0.0,1,91.69,8.39,100.0,0.007737792531115843
1148,91,10,True,Goal reached,0.05,0.0709165593273724,1,91.67,8.41,100.0,0.008446958124389567
1149,93,8,True,Goal reached,0.05,0.0,1,91.67,8.41,100.0,0.008446958124389567
1150,93,8,True,Goal reached,0.05,0.0,1,91.67,8.41,100.0,0.008446958124389567
1151,93,8,True,Goal reached,0.05,0.0,1,91.67,8.41,100.0,0.008446958124389567
1152,93,8,True,Goal reached,0.05,0.0,1,91.67,8.41,100.0,0.008446958124389567
1153,93,8,True,Goal reached,0.05,0.0,1,91.67,8.41,100.0,0.008446958124389567
1154,93,8,True,Goal reached,0.05,0.0,1,91.67,8.41,100.0,0.008446958124389567
1155,88,9,True,Goal reached,0.05,0.0038390423389955686,1,91.62,8.42,100.0,0.008485348547779523
1156,93,8,True,Goal reached,0.05,0.0,1,91.62,8.42,100.0,0.008485348547779523
1157,93,8,True,Goal reached,0.05,0.0,1,91.62,8.42,100.0,0.008485348547779523
1158,93,8,True,Goal reached,0.05,0.0,1,91.62,8.42,100.0,0.008485348547779523
1159,93,8,True,Goal reached,0.05,0.0,1,91.62,8.42,100.0,0.008485348547779523
1160,93,8,True,Goal reached,0.05,0.0,1,91.62,8.42,100.0,0.008485348547779523
1161,93,8,True,Goal reached,0.05,0.0,1,91.62,8.42,100.0,0.008485348547779523
1162,93,8,True,Goal reached,0.05,0.0,1,91.62,8.42,100.0,0.008485348547779523
1163,93,8,True,Goal reached,0.05,0.0,1,91.64,8.4,100.0,0.008384239883057419
1164,91,10,True,Goal reached,0.05,0.0650356811005679,1,91.62,8.42,100.0,0.009034596694063098
1165,93,8,True,Goal reached,0.05,0.0,1,91.67,8.41,100.0,0.008905793487687462
1166,91,10,True,Goal reached,0.05,0.04011157592744041,1,91.8,8.4,100.0,0.008469224010665001
1167,88,9,True,Goal reached,0.05,0.007902935337426698,1,91.75,8.41,100.0,0.00854825336403927
1168,93,8,True,Goal reached,0.05,0.0,1,91.75,8.41,100.0,0.00854825336403927
1169,93,8,True,Goal reached,0.05,0.0,1,91.75,8.41,100.0,0.00854825336403927
1170,93,8,True,Goal reached,0.05,0.0,1,91.75,8.41,100.0,0.00854825336403927
1171,88,9,True,Goal reached,0.05,0.0034551381050960117,1,91.72,8.4,100.0,0.007404527965867587
1172,93,8,True,Goal reached,0.05,0.0,1,91.72,8.4,100.0,0.007404527965867587
1173,93,8,True,Goal reached,0.05,0.0,1,91.72,8.4,100.0,0.007404527965867587
1174,93,8,True,Goal reached,0.05,0.0,1,91.72,8.4,100.0,0.007404527965867587
1175,93,8,True,Goal reached,0.05,0.0,1,91.72,8.4,100.0,0.007404527965867587
1176,93,8,True,Goal reached,0.05,0.0,1,91.72,8.4,100.0,0.007404527965867587
1177,93,8,True,Goal reached,0.05,0.0,1,91.74,8.38,100.0,0.007347474771698401
1178,91,10,True,Goal reached,0.05,0.059621812925854556,1,91.72,8.4,100.0,0.007943692900956947
1179,86,11,True,Goal reached,0.05,0.004621308727706719,1,91.7,8.42,100.0,0.007235989275566794
1180,88,9,True,Goal reached,0.05,0.019147416206919843,1,91.65,8.43,100.0,0.007427463437635993
1181,88,9,True,Goal reached,0.05,0.007112641803672659,1,91.6,8.44,100.0,0.007498589855672719
1182,93,8,True,Goal reached,0.05,0.0,1,91.65,8.43,100.0,0.007362112264124079
1183,88,9,True,Goal reached,0.05,0.02447624559275141,1,91.6,8.44,100.0,0.007606874720051593
1184,93,8,True,Goal reached,0.05,0.0,1,91.6,8.44,100.0,0.007606874720051593
1185,93,8,True,Goal reached,0.05,0.0,1,91.6,8.44,100.0,0.007606874720051593
1186,93,8,True,Goal reached,0.05,0.0,1,91.6,8.44,100.0,0.007606874720051593
1187,93,8,True,Goal reached,0.05,0.0,1,91.6,8.44,100.0,0.007606874720051593
1188,93,8,True,Goal reached,0.05,0.0,1,91.6,8.44,100.0,0.007606874720051593
1189,93,8,True,Goal reached,0.05,0.0,1,91.6,8.44,100.0,0.007606874720051593
1190,93,8,True,Goal reached,0.05,0.0,1,91.6,8.44,100.0,0.007606874720051593
1191,93,8,True,Goal reached,0.05,0.0,1,91.6,8.44,100.0,0.007606874720051593
1192,93,8,True,Goal reached,0.05,0.0,1,91.6,8.44,100.0,0.007606874720051593
1193,93,8,True,Goal reached,0.05,0.0,1,91.65,8.43,100.0,0.007546609990272515
1194,91,10,True,Goal reached,0.05,0.09974269778301448,1,91.68,8.44,100.0,0.008491375207622696
1195,93,8,True,Goal reached,0.05,0.0,1,91.68,8.44,100.0,0.008491375207622696
1196,91,10,True,Goal reached,0.05,0.032744348346554375,1,91.66,8.46,100.0,0.00881881869108824
1197,86,11,True,Goal reached,0.05,0.009099779824985887,1,91.59,8.49,100.0,0.008909816489338099
1198,93,8,True,Goal reached,0.05,0.0,1,91.59,8.49,100.0,0.008909816489338099
1199,93,8,True,Goal reached,0.05,0.0,1,91.59,8.49,100.0,0.008909816489338099
1200,93,8,True,Goal reached,0.05,0.0,1,91.59,8.49,100.0,0.008909816489338099
1201,88,9,True,Goal reached,0.05,0.009389753744784457,1,91.54,8.5,100.0,0.009003714026785943
1202,93,8,True,Goal reached,0.05,0.0,1,91.54,8.5,100.0,0.009003714026785943
1203,88,9,True,Goal reached,0.05,0.009806641181171472,1,91.49,8.51,100.0,0.009101780438597657
1204,93,8,True,Goal reached,0.05,0.0,1,91.51,8.49,100.0,0.008688996719345993
1205,81,12,True,Goal reached,0.05,0.03610041833469779,1,91.41,8.51,100.0,0.008686174809953541
1206,93,8,True,Goal reached,0.05,0.0,1,91.41,8.51,100.0,0.008686174809953541
1207,91,10,True,Goal reached,0.05,0.0294699135119032,1,91.46,8.5,100.0,0.008864951059334486
1208,88,9,True,Goal reached,0.05,0.00845077837030317,1,91.51,8.49,100.0,0.008895220586236405
1209,91,10,True,Goal reached,0.05,0.004159177854930363,1,91.49,8.51,100.0,0.00893681236478571
1210,93,8,True,Goal reached,0.05,0.0,1,91.49,8.51,100.0,0.00893681236478571
1211,88,9,True,Goal reached,0.05,0.06785250414004906,1,91.44,8.52,100.0,0.009615337406186199
1212,93,8,True,Goal reached,0.05,0.0,1,91.49,8.51,100.0,0.009527527013548252
1213,91,10,True,Goal reached,0.05,0.05464036157507479,1,91.47,8.53,100.0,0.010073930629299
1214,93,8,True,Goal reached,0.05,0.0,1,91.47,8.53,100.0,0.010073930629299
1215,88,9,True,Goal reached,0.05,0.029770861091421352,1,91.47,8.53,100.0,0.01026730864304902
1216,88,9,True,Goal reached,0.05,0.026793774982280638,1,91.44,8.52,100.0,0.009450895743427097
1217,93,8,True,Goal reached,0.05,0.0,1,91.44,8.52,100.0,0.009450895743427097
1218,91,10,True,Goal reached,0.05,0.008189801842490851,1,91.42,8.54,100.0,0.009532793761852005
1219,93,8,True,Goal reached,0.05,0.0,1,91.47,8.53,100.0,0.009034450411401026
1220,93,8,True,Goal reached,0.05,0.0,1,91.47,8.53,100.0,0.009034450411401026
1221,93,8,True,Goal reached,0.05,0.0,1,91.47,8.53,100.0,0.009034450411401026
1222,93,8,True,Goal reached,0.05,0.0,1,91.47,8.53,100.0,0.009034450411401026
1223,93,8,True,Goal reached,0.05,0.0,1,91.57,8.51,100.0,0.008987054826968972
1224,93,8,True,Goal reached,0.05,0.0,1,91.57,8.51,100.0,0.008987054826968972
1225,93,8,True,Goal reached,0.05,0.0,1,91.62,8.5,100.0,0.008619513332013114
1226,93,8,True,Goal reached,0.05,0.0,1,91.67,8.49,100.0,0.008346822182581946
1227,93,8,True,Goal reached,0.05,0.0,1,91.67,8.49,100.0,0.008346822182581946
1228,93,8,True,Goal reached,0.05,0.0,1,91.67,8.49,100.0,0.008346822182581946
1229,93,8,True,Goal reached,0.05,0.0,1,91.67,8.49,100.0,0.008346822182581946
1230,93,8,True,Goal reached,0.05,0.0,1,91.67,8.49,100.0,0.008346822182581946
1231,93,8,True,Goal reached,0.05,0.0,1,91.67,8.49,100.0,0.008346822182581946
1232,93,8,True,Goal reached,0.05,0.0,1,91.72,8.48,100.0,0.008134073113616153
1233,93,8,True,Goal reached,0.05,0.0,1,91.72,8.48,100.0,0.008134073113616153
1234,93,8,True,Goal reached,0.05,0.0,1,91.72,8.48,100.0,0.008134073113616153
1235,93,8,True,Goal reached,0.05,0.0,1,91.77,8.47,100.0,0.007862114829252248
1236,93,8,True,Goal reached,0.05,0.0,1,91.77,8.47,100.0,0.007862114829252248
1237,93,8,True,Goal reached,0.05,0.0,1,91.77,8.47,100.0,0.007862114829252248
1238,88,9,True,Goal reached,0.05,0.024542203448810085,1,91.72,8.48,100.0,0.00810753686374035
1239,93,8,True,Goal reached,0.05,0.0,1,91.72,8.48,100.0,0.00810753686374035
1240,93,8,True,Goal reached,0.05,0.0,1,91.72,8.48,100.0,0.00810753686374035
1241,89,12,True,Goal reached,0.05,0.05005898236519357,1,91.73,8.51,100.0,0.008277339341932049
1242,93,8,True,Goal reached,0.05,0.0,1,91.73,8.51,100.0,0.008277339341932049
1243,93,8,True,Goal reached,0.05,0.0,1,91.78,8.5,100.0,0.008179486237705475
1244,93,8,True,Goal reached,0.05,0.0,1,91.78,8.5,100.0,0.008179486237705475
1245,93,8,True,Goal reached,0.05,0.0,1,91.78,8.5,100.0,0.008179486237705475
1246,86,11,True,Goal reached,0.05,0.09170445340441091,1,91.78,8.5,100.0,0.008987568091958806
1247,93,8,True,Goal reached,0.05,0.0,1,91.78,8.5,100.0,0.008987568091958806
1248,93,8,True,Goal reached,0.05,0.0,1,91.8,8.48,100.0,0.008278402498685082
1249,93,8,True,Goal reached,0.05,0.0,1,91.8,8.48,100.0,0.008278402498685082
1250,93,8,True,Goal reached,0.05,0.0,1,91.8,8.48,100.0,0.008278402498685082
1251,93,8,True,Goal reached,0.05,0.0,1,91.8,8.48,100.0,0.008278402498685082
1252,93,8,True,Goal reached,0.05,0.0,1,91.8,8.48,100.0,0.008278402498685082
1253,93,8,True,Goal reached,0.05,0.0,1,91.8,8.48,100.0,0.008278402498685082
1254,91,10,True,Goal reached,0.05,0.0037432600694415896,1,91.78,8.5,100.0,0.008315835099379498
1255,88,9,True,Goal reached,0.05,0.007605700533275694,1,91.78,8.5,100.0,0.0083535016813223
1256,93,8,True,Goal reached,0.05,0.0,1,91.78,8.5,100.0,0.0083535016813223
1257,93,8,True,Goal reached,0.05,0.0,1,91.78,8.5,100.0,0.0083535016813223
1258,93,8,True,Goal reached,0.05,0.0,1,91.78,8.5,100.0,0.0083535016813223
1259,88,9,True,Goal reached,0.05,0.06106725372604416,1,91.73,8.51,100.0,0.00896417421858274
1260,91,10,True,Goal reached,0.05,0.007370821658241766,1,91.71,8.53,100.0,0.009037882435165158
1261,93,8,True,Goal reached,0.05,0.0,1,91.71,8.53,100.0,0.009037882435165158
1262,91,10,True,Goal reached,0.05,0.008819495479698958,1,91.69,8.55,100.0,0.00912607738996215
1263,83,10,True,Goal reached,0.05,0.02208798310392268,1,91.59,8.57,100.0,0.009346957221001375
1264,93,8,True,Goal reached,0.05,0.0,1,91.61,8.55,100.0,0.008696600409995696
1265,93,8,True,Goal reached,0.05,0.0,1,91.61,8.55,100.0,0.008696600409995696
1266,93,8,True,Goal reached,0.05,0.0,1,91.63,8.53,100.0,0.008295484650721292
1267,89,12,True,Goal reached,0.05,2.4684817145230795,1,91.64,8.56,100.0,0.03290127244257782
1268,93,8,True,Goal reached,0.05,0.0,1,91.64,8.56,100.0,0.03290127244257782
1269,93,8,True,Goal reached,0.05,0.0,1,91.64,8.56,100.0,0.03290127244257782
1270,93,8,True,Goal reached,0.05,0.0,1,91.64,8.56,100.0,0.03290127244257782
1271,93,8,True,Goal reached,0.05,0.0,1,91.69,8.55,100.0,0.03286672106152686
1272,93,8,True,Goal reached,0.05,0.0,1,91.69,8.55,100.0,0.03286672106152686
1273,93,8,True,Goal reached,0.05,0.0,1,91.69,8.55,100.0,0.03286672106152686
1274,93,8,True,Goal reached,0.05,0.0,1,91.69,8.55,100.0,0.03286672106152686
1275,91,10,True,Goal reached,0.05,0.0033689340624931674,1,91.67,8.57,100.0,0.03290041040215179
1276,93,8,True,Goal reached,0.05,0.0,1,91.67,8.57,100.0,0.03290041040215179
1277,91,10,True,Goal reached,0.05,0.020098666220576433,1,91.65,8.59,100.0,0.03310139706435756
1278,91,10,True,Goal reached,0.05,0.041977679970962356,1,91.65,8.59,100.0,0.032924955734808636
1279,93,8,True,Goal reached,0.05,0.0,1,91.72,8.56,100.0,0.032878742647531566
1280,88,9,True,Goal reached,0.05,0.006401377623319604,1,91.72,8.56,100.0,0.03275128226169557
1281,93,8,True,Goal reached,0.05,0.0,1,91.77,8.55,100.0,0.03268015584365884
1282,88,9,True,Goal reached,0.05,0.006845130479945283,1,91.72,8.56,100.0,0.03274860714845829
1283,93,8,True,Goal reached,0.05,0.0,1,91.77,8.55,100.0,0.03250384469253078
1284,93,8,True,Goal reached,0.05,0.0,1,91.77,8.55,100.0,0.03250384469253078
1285,93,8,True,Goal reached,0.05,0.0,1,91.77,8.55,100.0,0.03250384469253078
1286,93,8,True,Goal reached,0.05,0.0,1,91.77,8.55,100.0,0.03250384469253078
1287,93,8,True,Goal reached,0.05,0.0,1,91.77,8.55,100.0,0.03250384469253078
1288,93,8,True,Goal reached,0.05,0.0,1,91.77,8.55,100.0,0.03250384469253078
1289,88,9,True,Goal reached,0.05,0.008806779380392982,1,91.72,8.56,100.0,0.03259191248633471
1290,93,8,True,Goal reached,0.05,0.0,1,91.72,8.56,100.0,0.03259191248633471
1291,93,8,True,Goal reached,0.05,0.0,1,91.72,8.56,100.0,0.03259191248633471
1292,88,9,True,Goal reached,0.05,0.008825977063054324,1,91.67,8.57,100.0,0.03268017225696525
1293,93,8,True,Goal reached,0.05,0.0,1,91.67,8.57,100.0,0.03268017225696525
1294,91,10,True,Goal reached,0.05,0.007937545931724799,1,91.67,8.57,100.0,0.03176212073845235
1295,93,8,True,Goal reached,0.05,0.0,1,91.67,8.57,100.0,0.03176212073845235
1296,93,8,True,Goal reached,0.05,0.0,1,91.69,8.55,100.0,0.03143467725498681
1297,93,8,True,Goal reached,0.05,0.0,1,91.76,8.52,100.0,0.03134367945673695
1298,91,10,True,Goal reached,0.05,0.023870629944639177,1,91.74,8.54,100.0,0.03158238575618334
1299,93,8,True,Goal reached,0.05,0.0,1,91.74,8.54,100.0,0.03158238575618334
1300,88,9,True,Goal reached,0.05,0.001938174140633464,1,91.69,8.55,100.0,0.031601767497589674
1301,93,8,True,Goal reached,0.05,0.0,1,91.74,8.54,100.0,0.031507869960141835
1302,93,8,True,Goal reached,0.05,0.0,1,91.74,8.54,100.0,0.031507869960141835
1303,93,8,True,Goal reached,0.05,0.0,1,91.79,8.53,100.0,0.03140980354833012
1304,91,10,True,Goal reached,0.05,0.007143791338549477,1,91.77,8.55,100.0,0.03148124146171561
1305,93,8,True,Goal reached,0.05,0.0,1,91.89,8.51,100.0,0.031120237278368636
1306,93,8,True,Goal reached,0.05,0.0,1,91.89,8.51,100.0,0.031120237278368636
1307,88,9,True,Goal reached,0.05,0.004881443112097372,1,91.86,8.5,100.0,0.030874352574370576
1308,93,8,True,Goal reached,0.05,0.0,1,91.91,8.49,100.0,0.030789844790667546
1309,91,10,True,Goal reached,0.05,0.018088799598515948,1,91.91,8.49,100.0,0.0309291410081034
1310,93,8,True,Goal reached,0.05,0.0,1,91.91,8.49,100.0,0.0309291410081034
1311,93,8,True,Goal reached,0.05,0.0,1,91.96,8.48,100.0,0.03025061596670291
1312,93,8,True,Goal reached,0.05,0.0,1,91.96,8.48,100.0,0.03025061596670291
1313,93,8,True,Goal reached,0.05,0.0,1,91.98,8.46,100.0,0.02970421235095216
1314,93,8,True,Goal reached,0.05,0.0,1,91.98,8.46,100.0,0.02970421235095216
1315,93,8,True,Goal reached,0.05,0.0,1,92.03,8.45,100.0,0.029406503740037948
1316,93,8,True,Goal reached,0.05,0.0,1,92.08,8.44,100.0,0.02913856599021514
1317,93,8,True,Goal reached,0.05,0.0,1,92.08,8.44,100.0,0.02913856599021514
1318,93,8,True,Goal reached,0.05,0.0,1,92.1,8.42,100.0,0.029056667971790233
1319,93,8,True,Goal reached,0.05,0.0,1,92.1,8.42,100.0,0.029056667971790233
1320,93,8,True,Goal reached,0.05,0.0,1,92.1,8.42,100.0,0.029056667971790233
1321,93,8,True,Goal reached,0.05,0.0,1,92.1,8.42,100.0,0.029056667971790233
1322,91,10,True,Goal reached,0.05,0.00642941220469595,1,92.08,8.44,100.0,0.02912096209383719
1323,93,8,True,Goal reached,0.05,0.0,1,92.08,8.44,100.0,0.02912096209383719
1324,93,8,True,Goal reached,0.05,0.0,1,92.08,8.44,100.0,0.02912096209383719
1325,93,8,True,Goal reached,0.05,0.0,1,92.08,8.44,100.0,0.02912096209383719
1326,91,10,True,Goal reached,0.05,0.032490376501229434,1,92.06,8.46,100.0,0.029445865858849486
1327,88,9,True,Goal reached,0.05,0.022028621033470586,1,92.01,8.47,100.0,0.029666152069184194
1328,93,8,True,Goal reached,0.05,0.0,1,92.01,8.47,100.0,0.029666152069184194
1329,88,9,True,Goal reached,0.05,0.019825758930124948,1,91.96,8.48,100.0,0.02986440965848544
1330,93,8,True,Goal reached,0.05,0.0,1,91.96,8.48,100.0,0.02986440965848544
1331,93,8,True,Goal reached,0.05,0.0,1,91.96,8.48,100.0,0.02986440965848544
1332,93,8,True,Goal reached,0.05,0.0,1,91.96,8.48,100.0,0.02986440965848544
1333,91,10,True,Goal reached,0.05,0.03842336888868658,1,91.94,8.5,100.0,0.030248643347372307
1334,93,8,True,Goal reached,0.05,0.0,1,91.94,8.5,100.0,0.030248643347372307
1335,91,10,True,Goal reached,0.05,0.00578647098421925,1,91.92,8.52,100.0,0.0303065080572145
1336,93,8,True,Goal reached,0.05,0.0,1,91.92,8.52,100.0,0.0303065080572145
1337,91,10,True,Goal reached,0.05,0.03516014322315186,1,91.9,8.54,100.0,0.030658109489446018
1338,93,8,True,Goal reached,0.05,0.0,1,91.95,8.53,100.0,0.03041268745495792
1339,93,8,True,Goal reached,0.05,0.0,1,91.95,8.53,100.0,0.03041268745495792
1340,93,8,True,Goal reached,0.05,0.0,1,91.95,8.53,100.0,0.03041268745495792
1341,93,8,True,Goal reached,0.05,0.0,1,91.99,8.49,100.0,0.029912097631305982
1342,93,8,True,Goal reached,0.05,0.0,1,91.99,8.49,100.0,0.029912097631305982
1343,93,8,True,Goal reached,0.05,0.0,1,91.99,8.49,100.0,0.029912097631305982
1344,91,10,True,Goal reached,0.05,0.0066337394924147475,1,91.97,8.51,100.0,0.02997843502623013
1345,93,8,True,Goal reached,0.05,0.0,1,91.97,8.51,100.0,0.02997843502623013
1346,93,8,True,Goal reached,0.05,0.0,1,92.04,8.48,100.0,0.02906139049218602
1347,93,8,True,Goal reached,0.05,0.0,1,92.04,8.48,100.0,0.02906139049218602
1348,93,8,True,Goal reached,0.05,0.0,1,92.04,8.48,100.0,0.02906139049218602
1349,93,8,True,Goal reached,0.05,0.0,1,92.04,8.48,100.0,0.02906139049218602
1350,93,8,True,Goal reached,0.05,0.0,1,92.04,8.48,100.0,0.02906139049218602
1351,93,8,True,Goal reached,0.05,0.0,1,92.04,8.48,100.0,0.02906139049218602
1352,91,10,True,Goal reached,0.05,0.03715053473264618,1,92.02,8.5,100.0,0.029432895839512484
1353,91,10,True,Goal reached,0.05,0.016279919638662932,1,92.0,8.52,100.0,0.029595695035899112
1354,93,8,True,Goal reached,0.05,0.0,1,92.02,8.5,100.0,0.029558262435204697
1355,93,8,True,Goal reached,0.05,0.0,1,92.07,8.49,100.0,0.02948220542987194
1356,89,12,True,Goal reached,0.05,0.03216532900184177,1,92.03,8.53,100.0,0.029803858719890358
1357,93,8,True,Goal reached,0.05,0.0,1,92.03,8.53,100.0,0.029803858719890358
1358,93,8,True,Goal reached,0.05,0.0,1,92.03,8.53,100.0,0.029803858719890358
1359,91,10,True,Goal reached,0.05,0.003032040656250956,1,92.06,8.54,100.0,0.029223506589192424
1360,93,8,True,Goal reached,0.05,0.0,1,92.08,8.52,100.0,0.029149798372610006
1361,93,8,True,Goal reached,0.05,0.0,1,92.08,8.52,100.0,0.029149798372610006
1362,89,12,True,Goal reached,0.05,0.029241338851107912,1,92.06,8.54,100.0,0.029354016806324098
1363,93,8,True,Goal reached,0.05,0.0,1,92.16,8.52,100.0,0.02913313697528487
1364,93,8,True,Goal reached,0.05,0.0,1,92.16,8.52,100.0,0.02913313697528487
1365,93,8,True,Goal reached,0.05,0.0,1,92.16,8.52,100.0,0.02913313697528487
1366,87,14,True,Goal reached,0.05,3.3248099339825963,1,92.1,8.58,100.0,0.06238123631511083
1367,88,9,True,Goal reached,0.05,0.017843183037115296,1,92.09,8.55,100.0,0.03787485100025119
1368,91,10,True,Goal reached,0.05,0.011868061416592468,1,92.07,8.57,100.0,0.03799353161441712
1369,88,9,True,Goal reached,0.05,0.00794337935674605,1,92.02,8.58,100.0,0.03807296540798458
1370,93,8,True,Goal reached,0.05,0.0,1,92.02,8.58,100.0,0.03807296540798458
1371,93,8,True,Goal reached,0.05,0.0,1,92.02,8.58,100.0,0.03807296540798458
1372,93,8,True,Goal reached,0.05,0.0,1,92.02,8.58,100.0,0.03807296540798458
1373,93,8,True,Goal reached,0.05,0.0,1,92.02,8.58,100.0,0.03807296540798458
1374,93,8,True,Goal reached,0.05,0.0,1,92.02,8.58,100.0,0.03807296540798458
1375,91,10,True,Goal reached,0.05,0.0059703655431704306,1,92.02,8.58,100.0,0.038098979722791346
1376,93,8,True,Goal reached,0.05,0.0,1,92.02,8.58,100.0,0.038098979722791346
1377,93,8,True,Goal reached,0.05,0.0,1,92.04,8.56,100.0,0.03789799306058558
1378,93,8,True,Goal reached,0.05,0.0,1,92.06,8.54,100.0,0.03747821626087596
1379,93,8,True,Goal reached,0.05,0.0,1,92.06,8.54,100.0,0.03747821626087596
1380,93,8,True,Goal reached,0.05,0.0,1,92.11,8.53,100.0,0.037414202484642764
1381,93,8,True,Goal reached,0.05,0.0,1,92.11,8.53,100.0,0.037414202484642764
1382,88,9,True,Goal reached,0.05,0.007149041421072866,1,92.11,8.53,100.0,0.03741724159405404
1383,93,8,True,Goal reached,0.05,0.0,1,92.11,8.53,100.0,0.03741724159405404
1384,88,9,True,Goal reached,0.05,0.04485090154059179,1,92.06,8.54,100.0,0.03786575060945996
1385,93,8,True,Goal reached,0.05,0.0,1,92.06,8.54,100.0,0.03786575060945996
1386,93,8,True,Goal reached,0.05,0.0,1,92.06,8.54,100.0,0.03786575060945996
1387,93,8,True,Goal reached,0.05,0.0,1,92.06,8.54,100.0,0.03786575060945996
1388,86,11,True,Goal reached,0.05,0.03343548125938156,1,91.99,8.57,100.0,0.03820010542205377
1389,93,8,True,Goal reached,0.05,0.0,1,92.04,8.56,100.0,0.03811203762824984
1390,88,9,True,Goal reached,0.05,0.005761239860987644,1,91.99,8.57,100.0,0.03816965002685972
1391,93,8,True,Goal reached,0.05,0.0,1,91.99,8.57,100.0,0.03816965002685972
1392,93,8,True,Goal reached,0.05,0.0,1,92.04,8.56,100.0,0.038081390256229176
1393,93,8,True,Goal reached,0.05,0.0,1,92.04,8.56,100.0,0.038081390256229176
1394,91,10,True,Goal reached,0.05,0.002728836590620176,1,92.04,8.56,100.0,0.038029303162818134
1395,93,8,True,Goal reached,0.05,0.0,1,92.04,8.56,100.0,0.038029303162818134
1396,93,8,True,Goal reached,0.05,0.0,1,92.04,8.56,100.0,0.038029303162818134
1397,91,10,True,Goal reached,0.05,0.0024559529315553164,1,92.02,8.58,100.0,0.038053862692133684
1398,93,8,True,Goal reached,0.05,0.0,1,92.04,8.56,100.0,0.037815156392687295
1399,93,8,True,Goal reached,0.05,0.0,1,92.04,8.56,100.0,0.037815156392687295
1400,93,8,True,Goal reached,0.05,0.0,1,92.09,8.55,100.0,0.03779577465128096
1401,93,8,True,Goal reached,0.05,0.0,1,92.09,8.55,100.0,0.03779577465128096
1402,93,8,True,Goal reached,0.05,0.0,1,92.09,8.55,100.0,0.03779577465128096
1403,88,9,True,Goal reached,0.05,0.00616061743194507,1,92.04,8.56,100.0,0.03785738082560041
1404,93,8,True,Goal reached,0.05,0.0,1,92.06,8.54,100.0,0.03778594291221491
1405,93,8,True,Goal reached,0.05,0.0,1,92.06,8.54,100.0,0.03778594291221491
1406,93,8,True,Goal reached,0.05,0.0,1,92.06,8.54,100.0,0.03778594291221491
1407,93,8,True,Goal reached,0.05,0.0,1,92.11,8.53,100.0,0.03773712848109394
1408,93,8,True,Goal reached,0.05,0.0,1,92.11,8.53,100.0,0.03773712848109394
1409,93,8,True,Goal reached,0.05,0.0,1,92.13,8.51,100.0,0.03755624048510878
1410,93,8,True,Goal reached,0.05,0.0,1,92.13,8.51,100.0,0.03755624048510878
1411,93,8,True,Goal reached,0.05,0.0,1,92.13,8.51,100.0,0.03755624048510878
1412,93,8,True,Goal reached,0.05,0.0,1,92.13,8.51,100.0,0.03755624048510878
1413,93,8,True,Goal reached,0.05,0.0,1,92.13,8.51,100.0,0.03755624048510878
1414,93,8,True,Goal reached,0.05,0.0,1,92.13,8.51,100.0,0.03755624048510878
1415,91,10,True,Goal reached,0.05,0.029417876192560755,1,92.11,8.53,100.0,0.03785041924703439
1416,88,9,True,Goal reached,0.05,0.01605886473340945,1,92.06,8.54,100.0,0.03801100789436848
1417,93,8,True,Goal reached,0.05,0.0,1,92.06,8.54,100.0,0.03801100789436848
1418,91,10,True,Goal reached,0.05,0.026898260655116246,1,92.04,8.56,100.0,0.038279990500919646
1419,93,8,True,Goal reached,0.05,0.0,1,92.04,8.56,100.0,0.038279990500919646
1420,93,8,True,Goal reached,0.05,0.0,1,92.04,8.56,100.0,0.038279990500919646
1421,93,8,True,Goal reached,0.05,0.0,1,92.04,8.56,100.0,0.038279990500919646
1422,91,10,True,Goal reached,0.05,0.030091933133441273,1,92.04,8.56,100.0,0.0385166157102071
1423,93,8,True,Goal reached,0.05,0.0,1,92.04,8.56,100.0,0.0385166157102071
1424,93,8,True,Goal reached,0.05,0.0,1,92.04,8.56,100.0,0.0385166157102071
1425,93,8,True,Goal reached,0.05,0.0,1,92.04,8.56,100.0,0.0385166157102071
1426,93,8,True,Goal reached,0.05,0.0,1,92.06,8.54,100.0,0.0381917119451948
1427,93,8,True,Goal reached,0.05,0.0,1,92.11,8.53,100.0,0.0379714257348601
1428,93,8,True,Goal reached,0.05,0.0,1,92.11,8.53,100.0,0.0379714257348601
1429,93,8,True,Goal reached,0.05,0.0,1,92.16,8.52,100.0,0.037773168145558846
1430,93,8,True,Goal reached,0.05,0.0,1,92.16,8.52,100.0,0.037773168145558846
1431,88,9,True,Goal reached,0.05,0.007926101442350841,1,92.11,8.53,100.0,0.037852429159982354
1432,93,8,True,Goal reached,0.05,0.0,1,92.11,8.53,100.0,0.037852429159982354
1433,88,9,True,Goal reached,0.05,0.017232674586225016,1,92.08,8.52,100.0,0.03764052221695774
1434,93,8,True,Goal reached,0.05,0.0,1,92.08,8.52,100.0,0.03764052221695774
1435,93,8,True,Goal reached,0.05,0.0,1,92.1,8.5,100.0,0.03758265750711555
1436,93,8,True,Goal reached,0.05,0.0,1,92.1,8.5,100.0,0.03758265750711555
1437,93,8,True,Goal reached,0.05,0.0,1,92.12,8.48,100.0,0.03723105607488403
1438,93,8,True,Goal reached,0.05,0.0,1,92.12,8.48,100.0,0.03723105607488403
1439,91,10,True,Goal reached,0.05,0.026317204965991436,1,92.1,8.5,100.0,0.03749422812454394
1440,88,9,True,Goal reached,0.05,0.002266916110755801,1,92.05,8.51,100.0,0.0375168972856515
1441,93,8,True,Goal reached,0.05,0.0,1,92.05,8.51,100.0,0.0375168972856515
1442,93,8,True,Goal reached,0.05,0.0,1,92.05,8.51,100.0,0.0375168972856515
1443,93,8,True,Goal reached,0.05,0.0,1,92.05,8.51,100.0,0.0375168972856515
1444,93,8,True,Goal reached,0.05,0.0,1,92.07,8.49,100.0,0.037450559890727354
1445,93,8,True,Goal reached,0.05,0.0,1,92.07,8.49,100.0,0.037450559890727354
1446,93,8,True,Goal reached,0.05,0.0,1,92.07,8.49,100.0,0.037450559890727354
1447,93,8,True,Goal reached,0.05,0.0,1,92.07,8.49,100.0,0.037450559890727354
1448,93,8,True,Goal reached,0.05,0.0,1,92.07,8.49,100.0,0.037450559890727354
1449,93,8,True,Goal reached,0.05,0.0,1,92.07,8.49,100.0,0.037450559890727354
1450,93,8,True,Goal reached,0.05,0.0,1,92.07,8.49,100.0,0.037450559890727354
1451,93,8,True,Goal reached,0.05,0.0,1,92.07,8.49,100.0,0.037450559890727354
1452,88,9,True,Goal reached,0.05,0.002040224499680221,1,92.04,8.48,100.0,0.0370994567883977
1453,93,8,True,Goal reached,0.05,0.0,1,92.06,8.46,100.0,0.03693665759201106
1454,93,8,True,Goal reached,0.05,0.0,1,92.06,8.46,100.0,0.03693665759201106
1455,91,10,True,Goal reached,0.05,0.002210357638404048,1,92.04,8.48,100.0,0.03695876116839511
1456,93,8,True,Goal reached,0.05,0.0,1,92.08,8.44,100.0,0.036637107878376686
1457,88,9,True,Goal reached,0.05,0.01228298323938759,1,92.03,8.45,100.0,0.03675993771077057
1458,93,8,True,Goal reached,0.05,0.0,1,92.03,8.45,100.0,0.03675993771077057
1459,91,10,True,Goal reached,0.05,0.005373328988859782,1,92.03,8.45,100.0,0.03678335059409665
1460,93,8,True,Goal reached,0.05,0.0,1,92.03,8.45,100.0,0.03678335059409665
1461,93,8,True,Goal reached,0.05,0.0,1,92.03,8.45,100.0,0.03678335059409665
1462,93,8,True,Goal reached,0.05,0.0,1,92.07,8.41,100.0,0.03649093720558558
1463,93,8,True,Goal reached,0.05,0.0,1,92.07,8.41,100.0,0.03649093720558558
1464,93,8,True,Goal reached,0.05,0.0,1,92.07,8.41,100.0,0.03649093720558558
1465,93,8,True,Goal reached,0.05,0.0,1,92.07,8.41,100.0,0.03649093720558558
1466,93,8,True,Goal reached,0.05,0.0,1,92.13,8.35,100.0,0.0032428378657596113
1467,93,8,True,Goal reached,0.05,0.0,1,92.18,8.34,100.0,0.003064406035388458
1468,89,12,True,Goal reached,0.05,0.02708273982010212,1,92.16,8.36,100.0,0.0032165528194235547
1469,93,8,True,Goal reached,0.05,0.0,1,92.21,8.35,100.0,0.0031371190258560945
1470,93,8,True,Goal reached,0.05,0.0,1,92.21,8.35,100.0,0.0031371190258560945
1471,88,9,True,Goal reached,0.05,0.0071334912981200205,1,92.16,8.36,100.0,0.0032084539388372944
1472,93,8,True,Goal reached,0.05,0.0,1,92.16,8.36,100.0,0.0032084539388372944
1473,93,8,True,Goal reached,0.05,0.0,1,92.16,8.36,100.0,0.0032084539388372944
1474,93,8,True,Goal reached,0.05,0.0,1,92.16,8.36,100.0,0.0032084539388372944
1475,93,8,True,Goal reached,0.05,0.0,1,92.18,8.34,100.0,0.0031487502834055903
1476,93,8,True,Goal reached,0.05,0.0,1,92.18,8.34,100.0,0.0031487502834055903
1477,93,8,True,Goal reached,0.05,0.0,1,92.18,8.34,100.0,0.0031487502834055903
1478,93,8,True,Goal reached,0.05,0.0,1,92.18,8.34,100.0,0.0031487502834055903
1479,86,11,True,Goal reached,0.05,0.024588389463239935,1,92.11,8.37,100.0,0.0033946341780379894
1480,91,10,True,Goal reached,0.05,0.004352396480975074,1,92.09,8.39,100.0,0.0034381581428477403
1481,93,8,True,Goal reached,0.05,0.0,1,92.09,8.39,100.0,0.0034381581428477403
1482,91,10,True,Goal reached,0.05,0.023685484469396556,1,92.12,8.4,100.0,0.0036035225733309774
1483,93,8,True,Goal reached,0.05,0.0,1,92.12,8.4,100.0,0.0036035225733309774
1484,93,8,True,Goal reached,0.05,0.0,1,92.17,8.39,100.0,0.0031550135579250594
1485,88,9,True,Goal reached,0.05,0.005185115874880353,1,92.12,8.4,100.0,0.003206864716673863
1486,93,8,True,Goal reached,0.05,0.0,1,92.12,8.4,100.0,0.003206864716673863
1487,93,8,True,Goal reached,0.05,0.0,1,92.12,8.4,100.0,0.003206864716673863
1488,88,9,True,Goal reached,0.05,0.014452978260067084,1,92.14,8.38,100.0,0.003017039686680718
1489,83,10,True,Goal reached,0.05,0.005778127951472811,1,92.04,8.4,100.0,0.0030748209661954464
1490,88,9,True,Goal reached,0.05,0.005200315156329793,1,92.04,8.4,100.0,0.0030692117191488677
1491,93,8,True,Goal reached,0.05,0.0,1,92.04,8.4,100.0,0.0030692117191488677
1492,83,10,True,Goal reached,0.05,0.019532661962081477,1,91.94,8.42,100.0,0.0032645383387696824
1493,93,8,True,Goal reached,0.05,0.0,1,91.94,8.42,100.0,0.0032645383387696824
1494,93,8,True,Goal reached,0.05,0.0,1,91.96,8.4,100.0,0.0032372499728634805
1495,93,8,True,Goal reached,0.05,0.0,1,91.96,8.4,100.0,0.0032372499728634805
1496,93,8,True,Goal reached,0.05,0.0,1,91.96,8.4,100.0,0.0032372499728634805
1497,93,8,True,Goal reached,0.05,0.0,1,91.98,8.38,100.0,0.0032126904435479274
1498,93,8,True,Goal reached,0.05,0.0,1,91.98,8.38,100.0,0.0032126904435479274
1499,93,8,True,Goal reached,0.05,0.0,1,91.98,8.38,100.0,0.0032126904435479274
1500,86,11,True,Goal reached,0.05,0.019879184793531124,1,91.91,8.41,100.0,0.003411482291483239
1501,93,8,True,Goal reached,0.05,0.0,1,91.91,8.41,100.0,0.003411482291483239
1502,88,9,True,Goal reached,0.05,0.0018362020497022513,1,91.86,8.42,100.0,0.003429844311980261
1503,93,8,True,Goal reached,0.05,0.0,1,91.91,8.41,100.0,0.0033682381376608107
1504,93,8,True,Goal reached,0.05,0.0,1,91.91,8.41,100.0,0.0033682381376608107
1505,86,11,True,Goal reached,0.05,0.0106812552749318,1,91.84,8.44,100.0,0.0034750506904101287
1506,93,8,True,Goal reached,0.05,0.0,1,91.84,8.44,100.0,0.0034750506904101287
1507,93,8,True,Goal reached,0.05,0.0,1,91.84,8.44,100.0,0.0034750506904101287
1508,93,8,True,Goal reached,0.05,0.0,1,91.84,8.44,100.0,0.0034750506904101287
1509,83,10,True,Goal reached,0.05,0.017579395765871197,1,91.74,8.46,100.0,0.0036508446480688407
1510,91,10,True,Goal reached,0.05,0.07741696840507473,1,91.72,8.48,100.0,0.004425014332119588
1511,93,8,True,Goal reached,0.05,0.0,1,91.72,8.48,100.0,0.004425014332119588
1512,93,8,True,Goal reached,0.05,0.0,1,91.72,8.48,100.0,0.004425014332119588
1513,83,10,True,Goal reached,0.05,0.0274217544192652,1,91.62,8.5,100.0,0.00469923187631224
1514,93,8,True,Goal reached,0.05,0.0,1,91.62,8.5,100.0,0.00469923187631224
1515,93,8,True,Goal reached,0.05,0.0,1,91.64,8.48,100.0,0.004405053114386632
1516,91,10,True,Goal reached,0.05,0.024374465838086223,1,91.67,8.49,100.0,0.0044882091254334
1517,93,8,True,Goal reached,0.05,0.0,1,91.67,8.49,100.0,0.0044882091254334
1518,93,8,True,Goal reached,0.05,0.0,1,91.69,8.47,100.0,0.004219226518882238
1519,93,8,True,Goal reached,0.05,0.0,1,91.69,8.47,100.0,0.004219226518882238
1520,93,8,True,Goal reached,0.05,0.0,1,91.69,8.47,100.0,0.004219226518882238
1521,91,10,True,Goal reached,0.05,0.003525441149591302,1,91.67,8.49,100.0,0.004254480930378151
1522,93,8,True,Goal reached,0.05,0.0,1,91.69,8.47,100.0,0.003953561599043738
1523,93,8,True,Goal reached,0.05,0.0,1,91.69,8.47,100.0,0.003953561599043738
1524,93,8,True,Goal reached,0.05,0.0,1,91.69,8.47,100.0,0.003953561599043738
1525,93,8,True,Goal reached,0.05,0.0,1,91.69,8.47,100.0,0.003953561599043738
1526,93,8,True,Goal reached,0.05,0.0,1,91.69,8.47,100.0,0.003953561599043738
1527,93,8,True,Goal reached,0.05,0.0,1,91.69,8.47,100.0,0.003953561599043738
1528,93,8,True,Goal reached,0.05,0.0,1,91.69,8.47,100.0,0.003953561599043738
1529,91,10,True,Goal reached,0.05,0.001989321874560801,1,91.67,8.49,100.0,0.003973454817789346
1530,93,8,True,Goal reached,0.05,0.0,1,91.67,8.49,100.0,0.003973454817789346
1531,93,8,True,Goal reached,0.05,0.0,1,91.72,8.48,100.0,0.0038941938033658376
1532,93,8,True,Goal reached,0.05,0.0,1,91.72,8.48,100.0,0.0038941938033658376
1533,93,8,True,Goal reached,0.05,0.0,1,91.77,8.47,100.0,0.003721867057503587
1534,88,9,True,Goal reached,0.05,0.004680283640695393,1,91.72,8.48,100.0,0.003768669893910541
1535,93,8,True,Goal reached,0.05,0.0,1,91.72,8.48,100.0,0.003768669893910541
1536,93,8,True,Goal reached,0.05,0.0,1,91.72,8.48,100.0,0.003768669893910541
1537,93,8,True,Goal reached,0.05,0.0,1,91.72,8.48,100.0,0.003768669893910541
1538,88,9,True,Goal reached,0.05,0.05496052835344045,1,91.67,8.49,100.0,0.004318275177444946
1539,93,8,True,Goal reached,0.05,0.0,1,91.69,8.47,100.0,0.004055103127785032
1540,83,10,True,Goal reached,0.05,0.011054684915450252,1,91.64,8.48,100.0,0.004142980815831976
1541,93,8,True,Goal reached,0.05,0.0,1,91.64,8.48,100.0,0.004142980815831976
1542,93,8,True,Goal reached,0.05,0.0,1,91.64,8.48,100.0,0.004142980815831976
1543,93,8,True,Goal reached,0.05,0.0,1,91.64,8.48,100.0,0.004142980815831976
1544,93,8,True,Goal reached,0.05,0.0,1,91.64,8.48,100.0,0.004142980815831976
1545,89,12,True,Goal reached,0.05,0.021937019254281154,1,91.6,8.52,100.0,0.004362351008374787
1546,93,8,True,Goal reached,0.05,0.0,1,91.6,8.52,100.0,0.004362351008374787
1547,93,8,True,Goal reached,0.05,0.0,1,91.6,8.52,100.0,0.004362351008374787
1548,93,8,True,Goal reached,0.05,0.0,1,91.6,8.52,100.0,0.004362351008374787
1549,93,8,True,Goal reached,0.05,0.0,1,91.6,8.52,100.0,0.004362351008374787
1550,93,8,True,Goal reached,0.05,0.0,1,91.6,8.52,100.0,0.004362351008374787
1551,93,8,True,Goal reached,0.05,0.0,1,91.6,8.52,100.0,0.004362351008374787
1552,93,8,True,Goal reached,0.05,0.0,1,91.65,8.51,100.0,0.004341948763377985
1553,93,8,True,Goal reached,0.05,0.0,1,91.65,8.51,100.0,0.004341948763377985
1554,93,8,True,Goal reached,0.05,0.0,1,91.65,8.51,100.0,0.004341948763377985
1555,93,8,True,Goal reached,0.05,0.0,1,91.67,8.49,100.0,0.004319845186993945
1556,91,10,True,Goal reached,0.05,0.01740168922964358,1,91.65,8.51,100.0,0.00449386207929038
1557,93,8,True,Goal reached,0.05,0.0,1,91.7,8.5,100.0,0.0043710322468965045
1558,93,8,True,Goal reached,0.05,0.0,1,91.7,8.5,100.0,0.0043710322468965045
1559,93,8,True,Goal reached,0.05,0.0,1,91.72,8.48,100.0,0.004317298957007907
1560,93,8,True,Goal reached,0.05,0.0,1,91.72,8.48,100.0,0.004317298957007907
1561,91,10,True,Goal reached,0.05,0.0017903896871018787,1,91.7,8.5,100.0,0.004335202853878926
1562,88,9,True,Goal reached,0.05,0.004212255276627275,1,91.65,8.51,100.0,0.004377325406645198
1563,88,9,True,Goal reached,0.05,0.01550940712759541,1,91.6,8.52,100.0,0.0045324194779211525
1564,88,9,True,Goal reached,0.05,0.0012716360536586535,1,91.55,8.53,100.0,0.004545135838457739
1565,86,11,True,Goal reached,0.05,0.022471509903184028,1,91.48,8.56,100.0,0.004769850937489579
1566,93,8,True,Goal reached,0.05,0.0,1,91.48,8.56,100.0,0.004769850937489579
1567,93,8,True,Goal reached,0.05,0.0,1,91.48,8.56,100.0,0.004769850937489579
1568,93,8,True,Goal reached,0.05,0.0,1,91.52,8.52,100.0,0.004499023539288558
1569,93,8,True,Goal reached,0.05,0.0,1,91.52,8.52,100.0,0.004499023539288558
1570,93,8,True,Goal reached,0.05,0.0,1,91.52,8.52,100.0,0.004499023539288558
1571,93,8,True,Goal reached,0.05,0.0,1,91.57,8.51,100.0,0.0044276886263073575
1572,93,8,True,Goal reached,0.05,0.0,1,91.57,8.51,100.0,0.0044276886263073575
1573,91,10,True,Goal reached,0.05,0.02131693602245832,1,91.55,8.53,100.0,0.004640857986531941
1574,88,9,True,Goal reached,0.05,0.004990100119883323,1,91.5,8.54,100.0,0.0046907589877307745
1575,93,8,True,Goal reached,0.05,0.0,1,91.5,8.54,100.0,0.0046907589877307745
1576,93,8,True,Goal reached,0.05,0.0,1,91.5,8.54,100.0,0.0046907589877307745
1577,93,8,True,Goal reached,0.05,0.0,1,91.5,8.54,100.0,0.0046907589877307745
1578,88,9,True,Goal reached,0.05,0.0016525818447377105,1,91.45,8.55,100.0,0.004707284806178151
1579,93,8,True,Goal reached,0.05,0.0,1,91.52,8.52,100.0,0.004461400911545752
1580,93,8,True,Goal reached,0.05,0.0,1,91.54,8.5,100.0,0.0044178769467360015
1581,93,8,True,Goal reached,0.05,0.0,1,91.54,8.5,100.0,0.0044178769467360015
1582,93,8,True,Goal reached,0.05,0.0,1,91.56,8.48,100.0,0.004181022102042036
1583,91,10,True,Goal reached,0.05,0.01974331732885304,1,91.54,8.5,100.0,0.004378455275330566
1584,93,8,True,Goal reached,0.05,0.0,1,91.54,8.5,100.0,0.004378455275330566
1585,93,8,True,Goal reached,0.05,0.0,1,91.59,8.49,100.0,0.004326604116581763
1586,88,9,True,Goal reached,0.05,0.0011444724483027358,1,91.54,8.5,100.0,0.00433804884106479
1587,93,8,True,Goal reached,0.05,0.0,1,91.54,8.5,100.0,0.00433804884106479
1588,93,8,True,Goal reached,0.05,0.0,1,91.59,8.49,100.0,0.004193519058464119
1589,93,8,True,Goal reached,0.05,0.0,1,91.69,8.47,100.0,0.004135737778949391
1590,93,8,True,Goal reached,0.05,0.0,1,91.74,8.46,100.0,0.004083734627386093
1591,93,8,True,Goal reached,0.05,0.0,1,91.74,8.46,100.0,0.004083734627386093
1592,93,8,True,Goal reached,0.05,0.0,1,91.84,8.44,100.0,0.0038884080077652783
1593,93,8,True,Goal reached,0.05,0.0,1,91.84,8.44,100.0,0.0038884080077652783
1594,93,8,True,Goal reached,0.05,0.0,1,91.84,8.44,100.0,0.0038884080077652783
1595,93,8,True,Goal reached,0.05,0.0,1,91.84,8.44,100.0,0.0038884080077652783
1596,93,8,True,Goal reached,0.05,0.0,1,91.84,8.44,100.0,0.0038884080077652783
1597,93,8,True,Goal reached,0.05,0.0,1,91.84,8.44,100.0,0.0038884080077652783
1598,88,9,True,Goal reached,0.05,0.013958466414848658,1,91.79,8.45,100.0,0.004027992671913765
1599,93,8,True,Goal reached,0.05,0.0,1,91.79,8.45,100.0,0.004027992671913765
1600,93,8,True,Goal reached,0.05,0.0,1,91.86,8.42,100.0,0.0038292008239784537
1601,88,9,True,Goal reached,0.05,0.01582145618928621,1,91.81,8.43,100.0,0.003987415385871316
1602,91,10,True,Goal reached,0.05,0.0016113507183916909,1,91.84,8.44,100.0,0.00398516687255821
1603,88,9,True,Goal reached,0.05,0.004491090107890727,1,91.79,8.45,100.0,0.004030077773637117
1604,91,10,True,Goal reached,0.05,0.020532122360506833,1,91.77,8.47,100.0,0.004235398997242186
1605,93,8,True,Goal reached,0.05,0.0,1,91.84,8.44,100.0,0.004128586444492868
1606,93,8,True,Goal reached,0.05,0.0,1,91.84,8.44,100.0,0.004128586444492868
1607,93,8,True,Goal reached,0.05,0.0,1,91.84,8.44,100.0,0.004128586444492868
1608,93,8,True,Goal reached,0.05,0.0,1,91.84,8.44,100.0,0.004128586444492868
1609,93,8,True,Goal reached,0.05,0.0,1,91.94,8.42,100.0,0.0039527924868341556
1610,88,9,True,Goal reached,0.05,0.049464475518092854,1,91.91,8.41,100.0,0.003673267557964337
1611,93,8,True,Goal reached,0.05,0.0,1,91.91,8.41,100.0,0.003673267557964337
1612,93,8,True,Goal reached,0.05,0.0,1,91.91,8.41,100.0,0.003673267557964337
1613,93,8,True,Goal reached,0.05,0.0,1,92.01,8.39,100.0,0.003399050013771685
1614,93,8,True,Goal reached,0.05,0.0,1,92.01,8.39,100.0,0.003399050013771685
1615,93,8,True,Goal reached,0.05,0.0,1,92.01,8.39,100.0,0.003399050013771685
1616,91,10,True,Goal reached,0.05,0.001450215646556785,1,92.01,8.39,100.0,0.003169807511856391
1617,93,8,True,Goal reached,0.05,0.0,1,92.01,8.39,100.0,0.003169807511856391
1618,93,8,True,Goal reached,0.05,0.0,1,92.01,8.39,100.0,0.003169807511856391
1619,93,8,True,Goal reached,0.05,0.0,1,92.01,8.39,100.0,0.003169807511856391
1620,93,8,True,Goal reached,0.05,0.0,1,92.01,8.39,100.0,0.003169807511856391
1621,88,9,True,Goal reached,0.05,0.022211621079605948,1,91.98,8.38,100.0,0.0033566693111565372
1622,93,8,True,Goal reached,0.05,0.0,1,91.98,8.38,100.0,0.0033566693111565372
1623,89,12,True,Goal reached,0.05,0.009613129747435778,1,91.94,8.42,100.0,0.003452800608630895
1624,93,8,True,Goal reached,0.05,0.0,1,91.94,8.42,100.0,0.003452800608630895
1625,91,10,True,Goal reached,0.05,0.015661520306679222,1,91.92,8.44,100.0,0.0036094158116976873
1626,91,10,True,Goal reached,0.05,0.007786635095428096,1,91.9,8.46,100.0,0.003687282162651968
1627,91,10,True,Goal reached,0.05,0.019185242420206805,1,91.88,8.48,100.0,0.003879134586854036
1628,93,8,True,Goal reached,0.05,0.0,1,91.88,8.48,100.0,0.003879134586854036
1629,91,10,True,Goal reached,0.05,0.0187558972273294,1,91.88,8.48,100.0,0.0040468003403817225
1630,93,8,True,Goal reached,0.05,0.0,1,91.88,8.48,100.0,0.0040468003403817225
1631,93,8,True,Goal reached,0.05,0.0,1,91.88,8.48,100.0,0.0040468003403817225
1632,91,10,True,Goal reached,0.05,0.001305194081908212,1,91.86,8.5,100.0,0.004059852281200804
1633,93,8,True,Goal reached,0.05,0.0,1,91.86,8.5,100.0,0.004059852281200804
1634,93,8,True,Goal reached,0.05,0.0,1,91.91,8.49,100.0,0.0040130494447938505
1635,86,11,True,Goal reached,0.05,0.04036581138652906,1,91.84,8.52,100.0,0.004416707558659141
1636,93,8,True,Goal reached,0.05,0.0,1,91.84,8.52,100.0,0.004416707558659141
1637,93,8,True,Goal reached,0.05,0.0,1,91.84,8.52,100.0,0.004416707558659141
1638,88,9,True,Goal reached,0.05,0.012562619773362371,1,91.84,8.52,100.0,0.00399272847285836
1639,88,9,True,Goal reached,0.05,0.03632923024787971,1,91.79,8.53,100.0,0.004356020775337157
1640,91,10,True,Goal reached,0.05,0.0028556073311634123,1,91.87,8.53,100.0,0.004274029999494289
1641,93,8,True,Goal reached,0.05,0.0,1,91.87,8.53,100.0,0.004274029999494289
1642,89,12,True,Goal reached,0.05,0.007007971585878181,1,91.83,8.57,100.0,0.004344109715353071
1643,93,8,True,Goal reached,0.05,0.0,1,91.83,8.57,100.0,0.004344109715353071
1644,93,8,True,Goal reached,0.05,0.0,1,91.83,8.57,100.0,0.004344109715353071
1645,93,8,True,Goal reached,0.05,0.0,1,91.87,8.53,100.0,0.004124739522810259
1646,93,8,True,Goal reached,0.05,0.0,1,91.87,8.53,100.0,0.004124739522810259
1647,93,8,True,Goal reached,0.05,0.0,1,91.87,8.53,100.0,0.004124739522810259
1648,93,8,True,Goal reached,0.05,0.0,1,91.87,8.53,100.0,0.004124739522810259
1649,93,8,True,Goal reached,0.05,0.0,1,91.87,8.53,100.0,0.004124739522810259
1650,93,8,True,Goal reached,0.05,0.0,1,91.87,8.53,100.0,0.004124739522810259
1651,93,8,True,Goal reached,0.05,0.0,1,91.87,8.53,100.0,0.004124739522810259
1652,91,10,True,Goal reached,0.05,0.017768985595964182,1,91.85,8.55,100.0,0.004302429378769901
1653,93,8,True,Goal reached,0.05,0.0,1,91.85,8.55,100.0,0.004302429378769901
1654,93,8,True,Goal reached,0.05,0.0,1,91.85,8.55,100.0,0.004302429378769901
1655,93,8,True,Goal reached,0.05,0.0,1,91.85,8.55,100.0,0.004302429378769901
1656,93,8,True,Goal reached,0.05,0.0,1,91.87,8.53,100.0,0.004128412486473465
1657,93,8,True,Goal reached,0.05,0.0,1,91.87,8.53,100.0,0.004128412486473465
1658,93,8,True,Goal reached,0.05,0.0,1,91.87,8.53,100.0,0.004128412486473465
1659,93,8,True,Goal reached,0.05,0.0,1,91.87,8.53,100.0,0.004128412486473465
1660,93,8,True,Goal reached,0.05,0.0,1,91.87,8.53,100.0,0.004128412486473465
1661,93,8,True,Goal reached,0.05,0.0,1,91.89,8.51,100.0,0.004110508589602446
1662,88,9,True,Goal reached,0.05,0.003558572028723006,1,91.89,8.51,100.0,0.0041039717571234036
1663,86,11,True,Goal reached,0.05,0.07108663408094174,1,91.87,8.53,100.0,0.004659744026656867
1664,93,8,True,Goal reached,0.05,0.0,1,91.92,8.52,100.0,0.00464702766612028
1665,93,8,True,Goal reached,0.05,0.0,1,91.99,8.49,100.0,0.00442231256708844
1666,88,9,True,Goal reached,0.05,0.019990458971633984,1,91.94,8.5,100.0,0.00462221715680478
1667,93,8,True,Goal reached,0.05,0.0,1,91.94,8.5,100.0,0.00462221715680478
1668,93,8,True,Goal reached,0.05,0.0,1,91.94,8.5,100.0,0.00462221715680478
1669,93,8,True,Goal reached,0.05,0.0,1,91.94,8.5,100.0,0.00462221715680478
1670,88,9,True,Goal reached,0.05,0.012815379513320124,1,91.89,8.51,100.0,0.004750370951937981
1671,93,8,True,Goal reached,0.05,0.0,1,91.89,8.51,100.0,0.004750370951937981
1672,93,8,True,Goal reached,0.05,0.0,1,91.89,8.51,100.0,0.004750370951937981
1673,93,8,True,Goal reached,0.05,0.0,1,91.91,8.49,100.0,0.004537201591713398
1674,93,8,True,Goal reached,0.05,0.0,1,91.96,8.48,100.0,0.004487300590514565
1675,78,11,True,Goal reached,0.05,0.032696307223091026,1,91.81,8.51,100.0,0.004814263662745475
1676,93,8,True,Goal reached,0.05,0.0,1,91.81,8.51,100.0,0.004814263662745475
1677,93,8,True,Goal reached,0.05,0.0,1,91.81,8.51,100.0,0.004814263662745475
1678,93,8,True,Goal reached,0.05,0.0,1,91.86,8.5,100.0,0.004797737844298097
1679,93,8,True,Goal reached,0.05,0.0,1,91.86,8.5,100.0,0.004797737844298097
1680,93,8,True,Goal reached,0.05,0.0,1,91.86,8.5,100.0,0.004797737844298097
1681,93,8,True,Goal reached,0.05,0.0,1,91.86,8.5,100.0,0.004797737844298097
1682,88,9,True,Goal reached,0.05,0.011533841561991665,1,91.81,8.51,100.0,0.004913076259918015
1683,93,8,True,Goal reached,0.05,0.0,1,91.83,8.49,100.0,0.004715643086629484
1684,93,8,True,Goal reached,0.05,0.0,1,91.83,8.49,100.0,0.004715643086629484
1685,84,13,True,Goal reached,0.05,0.06524819693758843,1,91.74,8.54,100.0,0.005368125056005368
1686,93,8,True,Goal reached,0.05,0.0,1,91.79,8.53,100.0,0.005356680331522341
1687,93,8,True,Goal reached,0.05,0.0,1,91.79,8.53,100.0,0.005356680331522341
1688,93,8,True,Goal reached,0.05,0.0,1,91.79,8.53,100.0,0.005356680331522341
1689,93,8,True,Goal reached,0.05,0.0,1,91.79,8.53,100.0,0.005356680331522341
1690,93,8,True,Goal reached,0.05,0.0,1,91.79,8.53,100.0,0.005356680331522341
1691,93,8,True,Goal reached,0.05,0.0,1,91.79,8.53,100.0,0.005356680331522341
1692,91,10,True,Goal reached,0.05,0.001174674673706022,1,91.77,8.55,100.0,0.005368427078259401
1693,91,10,True,Goal reached,0.05,0.004687041497220434,1,91.75,8.57,100.0,0.005415297493231605
1694,93,8,True,Goal reached,0.05,0.0,1,91.75,8.57,100.0,0.005415297493231605
1695,93,8,True,Goal reached,0.05,0.0,1,91.75,8.57,100.0,0.005415297493231605
1696,91,10,True,Goal reached,0.05,0.01726671817819181,1,91.73,8.59,100.0,0.005587964675013523
1697,93,8,True,Goal reached,0.05,0.0,1,91.73,8.59,100.0,0.005587964675013523
1698,93,8,True,Goal reached,0.05,0.0,1,91.78,8.58,100.0,0.005448380010865037
1699,93,8,True,Goal reached,0.05,0.0,1,91.78,8.58,100.0,0.005448380010865037
1700,93,8,True,Goal reached,0.05,0.0,1,91.78,8.58,100.0,0.005448380010865037
1701,93,8,True,Goal reached,0.05,0.0,1,91.83,8.57,100.0,0.005290165448972175
1702,93,8,True,Goal reached,0.05,0.0,1,91.85,8.55,100.0,0.005274051941788258
1703,93,8,True,Goal reached,0.05,0.0,1,91.9,8.54,100.0,0.0052291410407093505
1704,93,8,True,Goal reached,0.05,0.0,1,91.92,8.52,100.0,0.005023819817104282
1705,88,9,True,Goal reached,0.05,0.006434137278958474,1,91.87,8.53,100.0,0.005088161189893867
1706,93,8,True,Goal reached,0.05,0.0,1,91.87,8.53,100.0,0.005088161189893867
1707,88,9,True,Goal reached,0.05,0.017891266314180143,1,91.82,8.54,100.0,0.005267073853035669
1708,88,9,True,Goal reached,0.05,0.009949216423905227,1,91.77,8.55,100.0,0.005366566017274721
1709,93,8,True,Goal reached,0.05,0.0,1,91.77,8.55,100.0,0.005366566017274721
1710,93,8,True,Goal reached,0.05,0.0,1,91.82,8.54,100.0,0.004871921262093792
1711,93,8,True,Goal reached,0.05,0.0,1,91.82,8.54,100.0,0.004871921262093792
1712,93,8,True,Goal reached,0.05,0.0,1,91.82,8.54,100.0,0.004871921262093792
1713,93,8,True,Goal reached,0.05,0.0,1,91.82,8.54,100.0,0.004871921262093792
1714,91,10,True,Goal reached,0.05,0.0010572072063439464,1,91.8,8.56,100.0,0.004882493334157232
1715,93,8,True,Goal reached,0.05,0.0,1,91.8,8.56,100.0,0.004882493334157232
1716,93,8,True,Goal reached,0.05,0.0,1,91.82,8.54,100.0,0.004867991177691664
1717,93,8,True,Goal reached,0.05,0.0,1,91.82,8.54,100.0,0.004867991177691664
1718,91,10,True,Goal reached,0.05,0.006307174427291784,1,91.8,8.56,100.0,0.004931062921964582
1719,88,9,True,Goal reached,0.05,0.004041981097103076,1,91.75,8.57,100.0,0.0049714827329356125
1720,88,9,True,Goal reached,0.05,0.008954294781503336,1,91.7,8.58,100.0,0.005061025680750646
1721,88,9,True,Goal reached,0.05,0.026484008850701457,1,91.7,8.58,100.0,0.005103749558461601
1722,93,8,True,Goal reached,0.05,0.0,1,91.7,8.58,100.0,0.005103749558461601
1723,88,9,True,Goal reached,0.05,0.0010300252034625146,1,91.69,8.55,100.0,0.005017918513021869
1724,93,8,True,Goal reached,0.05,0.0,1,91.69,8.55,100.0,0.005017918513021869
1725,93,8,True,Goal reached,0.05,0.0,1,91.71,8.53,100.0,0.004861303309955076
1726,88,9,True,Goal reached,0.05,0.008058865303354423,1,91.68,8.52,100.0,0.004864025612034339
1727,93,8,True,Goal reached,0.05,0.0,1,91.7,8.5,100.0,0.004672173187832271
1728,84,13,True,Goal reached,0.05,0.015640995860799478,1,91.61,8.55,100.0,0.004828583146440266
1729,88,9,True,Goal reached,0.05,0.0041999438586515225,1,91.58,8.54,100.0,0.004683023612753487
1730,91,10,True,Goal reached,0.05,0.015540046360371207,1,91.56,8.56,100.0,0.004838424076357199
1731,93,8,True,Goal reached,0.05,0.0,1,91.56,8.56,100.0,0.004838424076357199
1732,91,10,True,Goal reached,0.05,0.0009514864857038674,1,91.56,8.56,100.0,0.004834887000395156
1733,93,8,True,Goal reached,0.05,0.0,1,91.56,8.56,100.0,0.004834887000395156
1734,93,8,True,Goal reached,0.05,0.0,1,91.56,8.56,100.0,0.004834887000395156
1735,93,8,True,Goal reached,0.05,0.0,1,91.63,8.53,100.0,0.004431228886529866
1736,93,8,True,Goal reached,0.05,0.0,1,91.63,8.53,100.0,0.004431228886529866
1737,93,8,True,Goal reached,0.05,0.0,1,91.63,8.53,100.0,0.004431228886529866
1738,89,12,True,Goal reached,0.05,0.014278819872721726,1,91.64,8.56,100.0,0.004448390887523459
1739,93,8,True,Goal reached,0.05,0.0,1,91.69,8.55,100.0,0.004085098585044662
1740,93,8,True,Goal reached,0.05,0.0,1,91.71,8.53,100.0,0.004056542511733028
1741,88,9,True,Goal reached,0.05,0.017991413074469165,1,91.66,8.54,100.0,0.00423645664247772
1742,93,8,True,Goal reached,0.05,0.0,1,91.7,8.5,100.0,0.004166376926618937
1743,93,8,True,Goal reached,0.05,0.0,1,91.7,8.5,100.0,0.004166376926618937
1744,93,8,True,Goal reached,0.05,0.0,1,91.7,8.5,100.0,0.004166376926618937
1745,93,8,True,Goal reached,0.05,0.0,1,91.7,8.5,100.0,0.004166376926618937
1746,91,10,True,Goal reached,0.05,0.005108811286106629,1,91.68,8.52,100.0,0.004217465039480004
1747,93,8,True,Goal reached,0.05,0.0,1,91.68,8.52,100.0,0.004217465039480004
1748,93,8,True,Goal reached,0.05,0.0,1,91.68,8.52,100.0,0.004217465039480004
1749,93,8,True,Goal reached,0.05,0.0,1,91.68,8.52,100.0,0.004217465039480004
1750,93,8,True,Goal reached,0.05,0.0,1,91.68,8.52,100.0,0.004217465039480004
1751,93,8,True,Goal reached,0.05,0.0,1,91.68,8.52,100.0,0.004217465039480004
1752,93,8,True,Goal reached,0.05,0.0,1,91.7,8.5,100.0,0.004039775183520362
1753,88,9,True,Goal reached,0.05,0.01619227176702509,1,91.65,8.51,100.0,0.004201697901190613
1754,91,10,True,Goal reached,0.05,0.003796503612747415,1,91.63,8.53,100.0,0.004239662937318087
1755,93,8,True,Goal reached,0.05,0.0,1,91.63,8.53,100.0,0.004239662937318087
1756,93,8,True,Goal reached,0.05,0.0,1,91.63,8.53,100.0,0.004239662937318087
1757,93,8,True,Goal reached,0.05,0.0,1,91.63,8.53,100.0,0.004239662937318087
1758,93,8,True,Goal reached,0.05,0.0,1,91.63,8.53,100.0,0.004239662937318087
1759,91,10,True,Goal reached,0.05,0.013032669123646201,1,91.61,8.55,100.0,0.004369989628554549
1760,83,10,True,Goal reached,0.05,0.04451802796628357,1,91.51,8.57,100.0,0.004815169908217385
1761,93,8,True,Goal reached,0.05,0.0,1,91.51,8.57,100.0,0.004815169908217385
1762,93,8,True,Goal reached,0.05,0.0,1,91.56,8.56,100.0,0.004779584187930155
1763,93,8,True,Goal reached,0.05,0.0,1,91.63,8.53,100.0,0.004068717847120738
1764,93,8,True,Goal reached,0.05,0.0,1,91.63,8.53,100.0,0.004068717847120738
1765,93,8,True,Goal reached,0.05,0.0,1,91.63,8.53,100.0,0.004068717847120738
1766,93,8,True,Goal reached,0.05,0.0,1,91.68,8.52,100.0,0.0038688132574043977
1767,93,8,True,Goal reached,0.05,0.0,1,91.68,8.52,100.0,0.0038688132574043977
1768,93,8,True,Goal reached,0.05,0.0,1,91.68,8.52,100.0,0.0038688132574043977
1769,93,8,True,Goal reached,0.05,0.0,1,91.68,8.52,100.0,0.0038688132574043977
1770,93,8,True,Goal reached,0.05,0.0,1,91.73,8.51,100.0,0.0037406594622711965
1771,93,8,True,Goal reached,0.05,0.0,1,91.73,8.51,100.0,0.0037406594622711965
1772,93,8,True,Goal reached,0.05,0.0,1,91.73,8.51,100.0,0.0037406594622711965
1773,88,9,True,Goal reached,0.05,0.036059602652692035,1,91.68,8.52,100.0,0.004101255488798116
1774,93,8,True,Goal reached,0.05,0.0,1,91.68,8.52,100.0,0.004101255488798116
1775,83,10,True,Goal reached,0.05,0.013007680434057534,1,91.73,8.51,100.0,0.0039043692209077816
1776,93,8,True,Goal reached,0.05,0.0,1,91.73,8.51,100.0,0.0039043692209077816
1777,93,8,True,Goal reached,0.05,0.0,1,91.73,8.51,100.0,0.0039043692209077816
1778,93,8,True,Goal reached,0.05,0.0,1,91.73,8.51,100.0,0.0039043692209077816
1779,93,8,True,Goal reached,0.05,0.0,1,91.73,8.51,100.0,0.0039043692209077816
1780,93,8,True,Goal reached,0.05,0.0,1,91.73,8.51,100.0,0.0039043692209077816
1781,93,8,True,Goal reached,0.05,0.0,1,91.73,8.51,100.0,0.0039043692209077816
1782,93,8,True,Goal reached,0.05,0.0,1,91.78,8.5,100.0,0.003789030805287865
1783,93,8,True,Goal reached,0.05,0.0,1,91.78,8.5,100.0,0.003789030805287865
1784,93,8,True,Goal reached,0.05,0.0,1,91.78,8.5,100.0,0.003789030805287865
1785,93,8,True,Goal reached,0.05,0.0,1,91.87,8.45,100.0,0.003136548835911981
1786,88,9,True,Goal reached,0.05,0.0009270226831290529,1,91.82,8.46,100.0,0.0031458190627432713
1787,91,10,True,Goal reached,0.05,0.0008563378371349017,1,91.8,8.48,100.0,0.0031543824411146204
1788,91,10,True,Goal reached,0.05,0.014095368276002773,1,91.78,8.5,100.0,0.0032953361238746482
1789,93,8,True,Goal reached,0.05,0.0,1,91.78,8.5,100.0,0.0032953361238746482
1790,93,8,True,Goal reached,0.05,0.0,1,91.78,8.5,100.0,0.0032953361238746482
1791,93,8,True,Goal reached,0.05,0.0,1,91.78,8.5,100.0,0.0032953361238746482
1792,93,8,True,Goal reached,0.05,0.0,1,91.8,8.48,100.0,0.003283589377137588
1793,93,8,True,Goal reached,0.05,0.0,1,91.82,8.46,100.0,0.0032367189621653834
1794,93,8,True,Goal reached,0.05,0.0,1,91.82,8.46,100.0,0.0032367189621653834
1795,93,8,True,Goal reached,0.05,0.0,1,91.82,8.46,100.0,0.0032367189621653834
1796,88,9,True,Goal reached,0.05,0.03245364238742354,1,91.79,8.45,100.0,0.0033885882042577007
1797,91,10,True,Goal reached,0.05,0.003416853251479779,1,91.77,8.47,100.0,0.003422756736772499
1798,88,9,True,Goal reached,0.05,0.009342411665208772,1,91.72,8.48,100.0,0.0035161808534245865
1799,91,10,True,Goal reached,0.05,0.015992087036373448,1,91.7,8.5,100.0,0.0036761017237883207
1800,81,12,True,Goal reached,0.05,0.008408170498690026,1,91.58,8.54,100.0,0.0037601834287752213
1801,93,8,True,Goal reached,0.05,0.0,1,91.58,8.54,100.0,0.0037601834287752213
1802,93,8,True,Goal reached,0.05,0.0,1,91.58,8.54,100.0,0.0037601834287752213
1803,93,8,True,Goal reached,0.05,0.0,1,91.58,8.54,100.0,0.0037601834287752213
1804,93,8,True,Goal reached,0.05,0.0,1,91.58,8.54,100.0,0.0037601834287752213
1805,93,8,True,Goal reached,0.05,0.0,1,91.63,8.53,100.0,0.0036958420559856362
1806,91,10,True,Goal reached,0.05,0.002570046598052045,1,91.61,8.55,100.0,0.003721542521966157
1807,83,10,True,Goal reached,0.05,0.0036377829873970313,1,91.56,8.56,100.0,0.0035790076886983257
1808,83,10,True,Goal reached,0.05,0.01170691239065036,1,91.51,8.57,100.0,0.003596584648365777
1809,93,8,True,Goal reached,0.05,0.0,1,91.51,8.57,100.0,0.003596584648365777
1810,93,8,True,Goal reached,0.05,0.0,1,91.51,8.57,100.0,0.003596584648365777
1811,93,8,True,Goal reached,0.05,0.0,1,91.51,8.57,100.0,0.003596584648365777
1812,93,8,True,Goal reached,0.05,0.0,1,91.51,8.57,100.0,0.003596584648365777
1813,88,9,True,Goal reached,0.05,0.01610213968276497,1,91.46,8.58,100.0,0.003757606045193427
1814,93,8,True,Goal reached,0.05,0.0,1,91.48,8.56,100.0,0.0037470339731299875
1815,93,8,True,Goal reached,0.05,0.0,1,91.48,8.56,100.0,0.0037470339731299875
1816,93,8,True,Goal reached,0.05,0.0,1,91.48,8.56,100.0,0.0037470339731299875
1817,88,9,True,Goal reached,0.05,0.005790723551072574,1,91.43,8.57,100.0,0.0038049412086407133
1818,93,8,True,Goal reached,0.05,0.0,1,91.45,8.55,100.0,0.003741869464367795
1819,93,8,True,Goal reached,0.05,0.0,1,91.5,8.54,100.0,0.0037014496533967645
1820,93,8,True,Goal reached,0.05,0.0,1,91.55,8.53,100.0,0.0036119067055817313
1821,88,9,True,Goal reached,0.05,0.029208278148679767,1,91.55,8.53,100.0,0.003639149398561514
1822,93,8,True,Goal reached,0.05,0.0,1,91.55,8.53,100.0,0.003639149398561514
1823,93,8,True,Goal reached,0.05,0.0,1,91.6,8.52,100.0,0.003628849146526889
1824,93,8,True,Goal reached,0.05,0.0,1,91.6,8.52,100.0,0.003628849146526889
1825,93,8,True,Goal reached,0.05,0.0,1,91.6,8.52,100.0,0.003628849146526889
1826,88,9,True,Goal reached,0.05,0.006527680895729304,1,91.6,8.52,100.0,0.003613537302450638
1827,93,8,True,Goal reached,0.05,0.0,1,91.6,8.52,100.0,0.003613537302450638
1828,93,8,True,Goal reached,0.05,0.0,1,91.69,8.47,100.0,0.003457127343842643
1829,93,8,True,Goal reached,0.05,0.0,1,91.74,8.46,100.0,0.003415127905256128
1830,93,8,True,Goal reached,0.05,0.0,1,91.76,8.44,100.0,0.0032597274416524156
1831,83,10,True,Goal reached,0.05,0.0032740046886488017,1,91.66,8.46,100.0,0.0032924674885389037
1832,93,8,True,Goal reached,0.05,0.0,1,91.68,8.44,100.0,0.0032829526236818653
1833,93,8,True,Goal reached,0.05,0.0,1,91.68,8.44,100.0,0.0032829526236818653
1834,93,8,True,Goal reached,0.05,0.0,1,91.68,8.44,100.0,0.0032829526236818653
1835,93,8,True,Goal reached,0.05,0.0,1,91.68,8.44,100.0,0.0032829526236818653
1836,93,8,True,Goal reached,0.05,0.0,1,91.68,8.44,100.0,0.0032829526236818653
1837,93,8,True,Goal reached,0.05,0.0,1,91.68,8.44,100.0,0.0032829526236818653
1838,88,9,True,Goal reached,0.05,0.01457304459032116,1,91.67,8.41,100.0,0.0032858948708578595
1839,88,9,True,Goal reached,0.05,0.005874912806149268,1,91.62,8.42,100.0,0.003344643998919352
1840,93,8,True,Goal reached,0.05,0.0,1,91.62,8.42,100.0,0.003344643998919352
1841,93,8,True,Goal reached,0.05,0.0,1,91.67,8.41,100.0,0.0031647298681746604
1842,93,8,True,Goal reached,0.05,0.0,1,91.67,8.41,100.0,0.0031647298681746604
1843,93,8,True,Goal reached,0.05,0.0,1,91.67,8.41,100.0,0.0031647298681746604
1844,88,9,True,Goal reached,0.05,0.009482599036431338,1,91.62,8.42,100.0,0.0032595558585389738
1845,93,8,True,Goal reached,0.05,0.0,1,91.62,8.42,100.0,0.0032595558585389738
1846,93,8,True,Goal reached,0.05,0.0,1,91.64,8.4,100.0,0.0032084677456779074
1847,93,8,True,Goal reached,0.05,0.0,1,91.64,8.4,100.0,0.0032084677456779074
1848,93,8,True,Goal reached,0.05,0.0,1,91.64,8.4,100.0,0.0032084677456779074
1849,93,8,True,Goal reached,0.05,0.0,1,91.64,8.4,100.0,0.0032084677456779074
1850,88,9,True,Goal reached,0.05,0.011306357796016187,1,91.59,8.41,100.0,0.0033215313236380694
1851,93,8,True,Goal reached,0.05,0.0,1,91.59,8.41,100.0,0.0033215313236380694
1852,93,8,True,Goal reached,0.05,0.0,1,91.59,8.41,100.0,0.0033215313236380694
1853,93,8,True,Goal reached,0.05,0.0,1,91.64,8.4,100.0,0.0031596086059678184
1854,93,8,True,Goal reached,0.05,0.0,1,91.66,8.38,100.0,0.0031216435698403445
1855,93,8,True,Goal reached,0.05,0.0,1,91.66,8.38,100.0,0.0031216435698403445
1856,93,8,True,Goal reached,0.05,0.0,1,91.66,8.38,100.0,0.0031216435698403445
1857,93,8,True,Goal reached,0.05,0.0,1,91.66,8.38,100.0,0.0031216435698403445
1858,93,8,True,Goal reached,0.05,0.0,1,91.66,8.38,100.0,0.0031216435698403445
1859,88,9,True,Goal reached,0.05,0.005211651195963896,1,91.63,8.37,100.0,0.0030434333905635215
1860,86,11,True,Goal reached,0.05,0.004597930157501651,1,91.66,8.38,100.0,0.0026442324124757023
1861,93,8,True,Goal reached,0.05,0.0,1,91.66,8.38,100.0,0.0026442324124757023
1862,93,8,True,Goal reached,0.05,0.0,1,91.66,8.38,100.0,0.0026442324124757023
1863,93,8,True,Goal reached,0.05,0.0,1,91.66,8.38,100.0,0.0026442324124757023
1864,88,9,True,Goal reached,0.05,0.007567353448820313,1,91.61,8.39,100.0,0.002719905946963905
1865,93,8,True,Goal reached,0.05,0.0,1,91.61,8.39,100.0,0.002719905946963905
1866,86,11,True,Goal reached,0.05,0.059866580882093956,1,91.54,8.42,100.0,0.003318571755784845
1867,93,8,True,Goal reached,0.05,0.0,1,91.54,8.42,100.0,0.003318571755784845
1868,88,9,True,Goal reached,0.05,0.006810618103941124,1,91.49,8.43,100.0,0.003386677936824256
1869,93,8,True,Goal reached,0.05,0.0,1,91.49,8.43,100.0,0.003386677936824256
1870,93,8,True,Goal reached,0.05,0.0,1,91.49,8.43,100.0,0.003386677936824256
1871,93,8,True,Goal reached,0.05,0.0,1,91.49,8.43,100.0,0.003386677936824256
1872,93,8,True,Goal reached,0.05,0.0,1,91.49,8.43,100.0,0.003386677936824256
1873,93,8,True,Goal reached,0.05,0.0,1,91.54,8.42,100.0,0.0030260819102973357
1874,93,8,True,Goal reached,0.05,0.0,1,91.54,8.42,100.0,0.0030260819102973357
1875,91,10,True,Goal reached,0.05,0.004138137141751486,1,91.62,8.42,100.0,0.0029373864773742753
1876,93,8,True,Goal reached,0.05,0.0,1,91.62,8.42,100.0,0.0029373864773742753
1877,93,8,True,Goal reached,0.05,0.0,1,91.62,8.42,100.0,0.0029373864773742753
1878,88,9,True,Goal reached,0.05,0.003070734096667138,1,91.57,8.43,100.0,0.002968093818340947
1879,93,8,True,Goal reached,0.05,0.0,1,91.57,8.43,100.0,0.002968093818340947
1880,93,8,True,Goal reached,0.05,0.0,1,91.57,8.43,100.0,0.002968093818340947
1881,93,8,True,Goal reached,0.05,0.0,1,91.57,8.43,100.0,0.002968093818340947
1882,93,8,True,Goal reached,0.05,0.0,1,91.57,8.43,100.0,0.002968093818340947
1883,93,8,True,Goal reached,0.05,0.0,1,91.57,8.43,100.0,0.002968093818340947
1884,89,12,True,Goal reached,0.05,0.01189296032566034,1,91.53,8.47,100.0,0.00308702342159755
1885,88,9,True,Goal reached,0.05,0.00276366068699474,1,91.48,8.48,100.0,0.0031146600284674975
1886,93,8,True,Goal reached,0.05,0.0,1,91.53,8.47,100.0,0.003105389801636207
1887,93,8,True,Goal reached,0.05,0.0,1,91.55,8.45,100.0,0.003096826423264858
1888,93,8,True,Goal reached,0.05,0.0,1,91.57,8.43,100.0,0.00295587274050483
1889,93,8,True,Goal reached,0.05,0.0,1,91.57,8.43,100.0,0.00295587274050483
1890,93,8,True,Goal reached,0.05,0.0,1,91.57,8.43,100.0,0.00295587274050483
1891,93,8,True,Goal reached,0.05,0.0,1,91.57,8.43,100.0,0.00295587274050483
1892,93,8,True,Goal reached,0.05,0.0,1,91.57,8.43,100.0,0.00295587274050483
1893,93,8,True,Goal reached,0.05,0.0,1,91.57,8.43,100.0,0.00295587274050483
1894,93,8,True,Goal reached,0.05,0.0,1,91.57,8.43,100.0,0.00295587274050483
1895,93,8,True,Goal reached,0.05,0.0,1,91.57,8.43,100.0,0.00295587274050483
1896,91,10,True,Goal reached,0.05,0.054908806068326044,1,91.6,8.44,100.0,0.0031804243773138553
1897,93,8,True,Goal reached,0.05,0.0,1,91.62,8.42,100.0,0.0031462558447990572
1898,93,8,True,Goal reached,0.05,0.0,1,91.67,8.41,100.0,0.0030528317281469696
1899,93,8,True,Goal reached,0.05,0.0,1,91.69,8.39,100.0,0.0028929108577832353
1900,93,8,True,Goal reached,0.05,0.0,1,91.81,8.35,100.0,0.002808829152796335
1901,93,8,True,Goal reached,0.05,0.0,1,91.81,8.35,100.0,0.002808829152796335
1902,88,9,True,Goal reached,0.05,0.01311574013129757,1,91.76,8.36,100.0,0.002939986554109311
1903,93,8,True,Goal reached,0.05,0.0,1,91.76,8.36,100.0,0.002939986554109311
1904,93,8,True,Goal reached,0.05,0.0,1,91.76,8.36,100.0,0.002939986554109311
1905,88,9,True,Goal reached,0.05,0.023835607965636996,1,91.71,8.37,100.0,0.003178342633765681
1906,93,8,True,Goal reached,0.05,0.0,1,91.73,8.35,100.0,0.00315264216778516
1907,93,8,True,Goal reached,0.05,0.0,1,91.83,8.33,100.0,0.00311626433791119
1908,88,9,True,Goal reached,0.05,0.014491925714487763,1,91.88,8.32,100.0,0.0031441144711495637
1909,93,8,True,Goal reached,0.05,0.0,1,91.88,8.32,100.0,0.0031441144711495637
1910,93,8,True,Goal reached,0.05,0.0,1,91.88,8.32,100.0,0.0031441144711495637
1911,93,8,True,Goal reached,0.05,0.0,1,91.88,8.32,100.0,0.0031441144711495637
1912,93,8,True,Goal reached,0.05,0.0,1,91.88,8.32,100.0,0.0031441144711495637
1913,93,8,True,Goal reached,0.05,0.0,1,91.93,8.31,100.0,0.002983093074321914
1914,93,8,True,Goal reached,0.05,0.0,1,91.93,8.31,100.0,0.002983093074321914
1915,93,8,True,Goal reached,0.05,0.0,1,91.93,8.31,100.0,0.002983093074321914
1916,93,8,True,Goal reached,0.05,0.0,1,91.93,8.31,100.0,0.002983093074321914
1917,93,8,True,Goal reached,0.05,0.0,1,91.98,8.3,100.0,0.0029251858388111883
1918,93,8,True,Goal reached,0.05,0.0,1,91.98,8.3,100.0,0.0029251858388111883
1919,93,8,True,Goal reached,0.05,0.0,1,91.98,8.3,100.0,0.0029251858388111883
1920,93,8,True,Goal reached,0.05,0.0,1,91.98,8.3,100.0,0.0029251858388111883
1921,93,8,True,Goal reached,0.05,0.0,1,92.03,8.29,100.0,0.002633103057324391
1922,93,8,True,Goal reached,0.05,0.0,1,92.03,8.29,100.0,0.002633103057324391
1923,93,8,True,Goal reached,0.05,0.0,1,92.03,8.29,100.0,0.002633103057324391
1924,93,8,True,Goal reached,0.05,0.0,1,92.03,8.29,100.0,0.002633103057324391
1925,93,8,True,Goal reached,0.05,0.0,1,92.03,8.29,100.0,0.002633103057324391
1926,88,9,True,Goal reached,0.05,0.005287421525537184,1,92.03,8.29,100.0,0.0026207004636224695
1927,93,8,True,Goal reached,0.05,0.0,1,92.03,8.29,100.0,0.0026207004636224695
1928,88,9,True,Goal reached,0.05,0.0029466042197867637,1,91.98,8.3,100.0,0.0026501665058203372
1929,93,8,True,Goal reached,0.05,0.0,1,91.98,8.3,100.0,0.0026501665058203372
1930,93,8,True,Goal reached,0.05,0.0,1,91.98,8.3,100.0,0.0026501665058203372
1931,88,9,True,Goal reached,0.05,0.004690486076356137,1,92.03,8.29,100.0,0.0026643313196974107
1932,93,8,True,Goal reached,0.05,0.0,1,92.03,8.29,100.0,0.0026643313196974107
1933,93,8,True,Goal reached,0.05,0.0,1,92.03,8.29,100.0,0.0026643313196974107
1934,93,8,True,Goal reached,0.05,0.0,1,92.03,8.29,100.0,0.0026643313196974107
1935,91,10,True,Goal reached,0.05,0.0007707040534228327,1,92.01,8.31,100.0,0.002672038360231639
1936,93,8,True,Goal reached,0.05,0.0,1,92.01,8.31,100.0,0.002672038360231639
1937,93,8,True,Goal reached,0.05,0.0,1,92.01,8.31,100.0,0.002672038360231639
1938,93,8,True,Goal reached,0.05,0.0,1,92.06,8.3,100.0,0.0025263079143284274
1939,93,8,True,Goal reached,0.05,0.0,1,92.11,8.29,100.0,0.0024675587862669347
1940,93,8,True,Goal reached,0.05,0.0,1,92.11,8.29,100.0,0.0024675587862669347
1941,93,8,True,Goal reached,0.05,0.0,1,92.11,8.29,100.0,0.0024675587862669347
1942,93,8,True,Goal reached,0.05,0.0,1,92.11,8.29,100.0,0.0024675587862669347
1943,93,8,True,Goal reached,0.05,0.0,1,92.11,8.29,100.0,0.0024675587862669347
1944,93,8,True,Goal reached,0.05,0.0,1,92.16,8.28,100.0,0.0023727327959026214
1945,93,8,True,Goal reached,0.05,0.0,1,92.16,8.28,100.0,0.0023727327959026214
1946,93,8,True,Goal reached,0.05,0.0,1,92.16,8.28,100.0,0.0023727327959026214
1947,88,9,True,Goal reached,0.05,0.013042733143038276,1,92.11,8.29,100.0,0.002503160127333004
1948,93,8,True,Goal reached,0.05,0.0,1,92.11,8.29,100.0,0.002503160127333004
1949,93,8,True,Goal reached,0.05,0.0,1,92.11,8.29,100.0,0.002503160127333004
1950,93,8,True,Goal reached,0.05,0.0,1,92.16,8.28,100.0,0.002390096549372842
1951,88,9,True,Goal reached,0.05,0.002594199008939313,1,92.11,8.29,100.0,0.0024160385394622354
1952,88,9,True,Goal reached,0.05,0.010175722016413147,1,92.06,8.3,100.0,0.0025177957596263668
1953,93,8,True,Goal reached,0.05,0.0,1,92.06,8.3,100.0,0.0025177957596263668
1954,93,8,True,Goal reached,0.05,0.0,1,92.06,8.3,100.0,0.0025177957596263668
1955,93,8,True,Goal reached,0.05,0.0,1,92.06,8.3,100.0,0.0025177957596263668
1956,93,8,True,Goal reached,0.05,0.0,1,92.06,8.3,100.0,0.0025177957596263668
1957,93,8,True,Goal reached,0.05,0.0,1,92.06,8.3,100.0,0.0025177957596263668
1958,93,8,True,Goal reached,0.05,0.0,1,92.06,8.3,100.0,0.0025177957596263668
1959,88,9,True,Goal reached,0.05,0.02628745033381108,1,92.06,8.3,100.0,0.0027285537510048385
1960,91,10,True,Goal reached,0.05,0.013986041724336928,1,92.11,8.29,100.0,0.0028224348666731915
1961,93,8,True,Goal reached,0.05,0.0,1,92.11,8.29,100.0,0.0028224348666731915
1962,88,9,True,Goal reached,0.05,0.0007508883733322591,1,92.06,8.3,100.0,0.002829943750406514
1963,91,10,True,Goal reached,0.05,0.010850866596030073,1,92.04,8.32,100.0,0.0029384524163668145
1964,93,8,True,Goal reached,0.05,0.0,1,92.09,8.31,100.0,0.0028627788818786117
1965,93,8,True,Goal reached,0.05,0.0,1,92.09,8.31,100.0,0.0028627788818786117
1966,93,8,True,Goal reached,0.05,0.0,1,92.16,8.28,100.0,0.0022641130730576718
1967,93,8,True,Goal reached,0.05,0.0,1,92.16,8.28,100.0,0.0022641130730576718
1968,93,8,True,Goal reached,0.05,0.0,1,92.21,8.27,100.0,0.002196006892018261
1969,93,8,True,Goal reached,0.05,0.0,1,92.21,8.27,100.0,0.002196006892018261
1970,93,8,True,Goal reached,0.05,0.0,1,92.21,8.27,100.0,0.002196006892018261
1971,88,9,True,Goal reached,0.05,0.0013385912942425193,1,92.16,8.28,100.0,0.002209392804960686
1972,93,8,True,Goal reached,0.05,0.0,1,92.16,8.28,100.0,0.002209392804960686
1973,93,8,True,Goal reached,0.05,0.0,1,92.16,8.28,100.0,0.002209392804960686
1974,93,8,True,Goal reached,0.05,0.0,1,92.16,8.28,100.0,0.002209392804960686
1975,93,8,True,Goal reached,0.05,0.0,1,92.18,8.26,100.0,0.002168011433543171
1976,88,9,True,Goal reached,0.05,0.0006757995359976121,1,92.13,8.27,100.0,0.0021747694289031474
1977,93,8,True,Goal reached,0.05,0.0,1,92.13,8.27,100.0,0.0021747694289031474
1978,91,10,True,Goal reached,0.05,0.009898262009073733,1,92.16,8.28,100.0,0.0022430447080272133
1979,93,8,True,Goal reached,0.05,0.0,1,92.16,8.28,100.0,0.0022430447080272133
1980,93,8,True,Goal reached,0.05,0.0,1,92.16,8.28,100.0,0.0022430447080272133
1981,93,8,True,Goal reached,0.05,0.0,1,92.16,8.28,100.0,0.0022430447080272133
1982,88,9,True,Goal reached,0.05,0.002334779108053908,1,92.11,8.29,100.0,0.0022663924991077524
1983,93,8,True,Goal reached,0.05,0.0,1,92.11,8.29,100.0,0.0022663924991077524
1984,93,8,True,Goal reached,0.05,0.0,1,92.15,8.25,100.0,0.0021474628958511486
1985,93,8,True,Goal reached,0.05,0.0,1,92.2,8.24,100.0,0.0021198262889812014
1986,93,8,True,Goal reached,0.05,0.0,1,92.2,8.24,100.0,0.0021198262889812014
1987,93,8,True,Goal reached,0.05,0.0,1,92.2,8.24,100.0,0.0021198262889812014
1988,93,8,True,Goal reached,0.05,0.0,1,92.2,8.24,100.0,0.0021198262889812014
1989,93,8,True,Goal reached,0.05,0.0,1,92.2,8.24,100.0,0.0021198262889812014
1990,91,10,True,Goal reached,0.05,0.05034392040848701,1,92.18,8.26,100.0,0.0026232654930660715
1991,93,8,True,Goal reached,0.05,0.0,1,92.18,8.26,100.0,0.0026232654930660715
1992,91,10,True,Goal reached,0.05,0.0033518910848187033,1,92.16,8.28,100.0,0.0026567844039142585
1993,93,8,True,Goal reached,0.05,0.0,1,92.16,8.28,100.0,0.0026567844039142585
1994,93,8,True,Goal reached,0.05,0.0,1,92.16,8.28,100.0,0.0026567844039142585
1995,93,8,True,Goal reached,0.05,0.0,1,92.16,8.28,100.0,0.0026567844039142585
1996,93,8,True,Goal reached,0.05,0.0,1,92.18,8.26,100.0,0.002107696343230998
1997,93,8,True,Goal reached,0.05,0.0,1,92.18,8.26,100.0,0.002107696343230998
1998,93,8,True,Goal reached,0.05,0.0,1,92.18,8.26,100.0,0.002107696343230998
1999,93,8,True,Goal reached,0.05,0.0,1,92.18,8.26,100.0,0.002107696343230998
2000,93,8,True,Goal reached,0.05,0.0,1,92.18,8.26,100.0,0.002107696343230998
